2026-02-12 19:39:08,832 - INFO - epoch 0 training [time: 0.66s, train loss: 0.0844, reconstruction loss: 0.0821]
2026-02-12 19:39:09,171 - INFO - epoch 1 training [time: 0.34s, train loss: 0.1021, reconstruction loss: 0.0637]
2026-02-12 19:39:09,504 - INFO - epoch 2 training [time: 0.33s, train loss: 0.0380, reconstruction loss: 0.0275]
2026-02-12 19:39:09,843 - INFO - epoch 3 training [time: 0.34s, train loss: 0.0241, reconstruction loss: 0.0232]
2026-02-12 19:39:10,178 - INFO - epoch 4 training [time: 0.33s, train loss: 0.0237, reconstruction loss: 0.0232]
2026-02-12 19:39:10,515 - INFO - epoch 5 training [time: 0.34s, train loss: 0.0235, reconstruction loss: 0.0232]
2026-02-12 19:39:10,847 - INFO - epoch 6 training [time: 0.33s, train loss: 0.0235, reconstruction loss: 0.0232]
2026-02-12 19:39:11,187 - INFO - epoch 7 training [time: 0.34s, train loss: 0.0235, reconstruction loss: 0.0231]
2026-02-12 19:39:11,523 - INFO - epoch 8 training [time: 0.34s, train loss: 0.0232, reconstruction loss: 0.0225]
2026-02-12 19:39:11,861 - INFO - epoch 9 training [time: 0.34s, train loss: 0.0225, reconstruction loss: 0.0220]
2026-02-12 19:39:12,191 - INFO - epoch 10 training [time: 0.33s, train loss: 0.0225, reconstruction loss: 0.0219]
2026-02-12 19:39:12,529 - INFO - epoch 11 training [time: 0.34s, train loss: 0.0224, reconstruction loss: 0.0216]
2026-02-12 19:39:12,869 - INFO - epoch 12 training [time: 0.34s, train loss: 0.0219, reconstruction loss: 0.0210]
2026-02-12 19:39:13,205 - INFO - epoch 13 training [time: 0.34s, train loss: 0.0215, reconstruction loss: 0.0207]
2026-02-12 19:39:13,551 - INFO - epoch 14 training [time: 0.35s, train loss: 0.0214, reconstruction loss: 0.0204]
2026-02-12 19:39:13,890 - INFO - epoch 15 training [time: 0.34s, train loss: 0.0211, reconstruction loss: 0.0200]
2026-02-12 19:39:14,224 - INFO - epoch 16 training [time: 0.33s, train loss: 0.0210, reconstruction loss: 0.0196]
2026-02-12 19:39:14,562 - INFO - epoch 17 training [time: 0.34s, train loss: 0.0207, reconstruction loss: 0.0191]
2026-02-12 19:39:14,896 - INFO - epoch 18 training [time: 0.33s, train loss: 0.0205, reconstruction loss: 0.0188]
2026-02-12 19:39:15,240 - INFO - epoch 19 training [time: 0.34s, train loss: 0.0204, reconstruction loss: 0.0186]
2026-02-12 19:39:15,572 - INFO - epoch 20 training [time: 0.33s, train loss: 0.0204, reconstruction loss: 0.0185]
2026-02-12 19:39:15,913 - INFO - epoch 21 training [time: 0.34s, train loss: 0.0204, reconstruction loss: 0.0183]
2026-02-12 19:39:16,249 - INFO - epoch 22 training [time: 0.34s, train loss: 0.0203, reconstruction loss: 0.0182]
2026-02-12 19:39:16,584 - INFO - epoch 23 training [time: 0.34s, train loss: 0.0203, reconstruction loss: 0.0180]
2026-02-12 19:39:16,927 - INFO - epoch 24 training [time: 0.34s, train loss: 0.0203, reconstruction loss: 0.0179]
2026-02-12 19:39:17,274 - INFO - epoch 25 training [time: 0.35s, train loss: 0.0204, reconstruction loss: 0.0177]
2026-02-12 19:39:17,611 - INFO - epoch 26 training [time: 0.34s, train loss: 0.0205, reconstruction loss: 0.0176]
2026-02-12 19:39:17,951 - INFO - epoch 27 training [time: 0.34s, train loss: 0.0206, reconstruction loss: 0.0175]
2026-02-12 19:39:18,289 - INFO - epoch 28 training [time: 0.34s, train loss: 0.0206, reconstruction loss: 0.0174]
2026-02-12 19:39:18,630 - INFO - epoch 29 training [time: 0.34s, train loss: 0.0207, reconstruction loss: 0.0173]
2026-02-12 19:39:18,967 - INFO - epoch 30 training [time: 0.34s, train loss: 0.0207, reconstruction loss: 0.0172]
2026-02-12 19:39:19,306 - INFO - epoch 31 training [time: 0.34s, train loss: 0.0208, reconstruction loss: 0.0171]
2026-02-12 19:39:19,639 - INFO - epoch 32 training [time: 0.33s, train loss: 0.0209, reconstruction loss: 0.0170]
2026-02-12 19:39:19,980 - INFO - epoch 33 training [time: 0.34s, train loss: 0.0209, reconstruction loss: 0.0169]
2026-02-12 19:39:20,310 - INFO - epoch 34 training [time: 0.33s, train loss: 0.0210, reconstruction loss: 0.0168]
2026-02-12 19:39:20,647 - INFO - epoch 35 training [time: 0.34s, train loss: 0.0212, reconstruction loss: 0.0168]
2026-02-12 19:39:20,985 - INFO - epoch 36 training [time: 0.34s, train loss: 0.0214, reconstruction loss: 0.0167]
2026-02-12 19:39:21,321 - INFO - epoch 37 training [time: 0.34s, train loss: 0.0215, reconstruction loss: 0.0167]
2026-02-12 19:39:21,657 - INFO - epoch 38 training [time: 0.34s, train loss: 0.0217, reconstruction loss: 0.0166]
2026-02-12 19:39:21,999 - INFO - epoch 39 training [time: 0.34s, train loss: 0.0218, reconstruction loss: 0.0165]
2026-02-12 19:39:22,334 - INFO - epoch 40 training [time: 0.34s, train loss: 0.0219, reconstruction loss: 0.0165]
2026-02-12 19:39:22,670 - INFO - epoch 41 training [time: 0.34s, train loss: 0.0221, reconstruction loss: 0.0164]
2026-02-12 19:39:23,004 - INFO - epoch 42 training [time: 0.33s, train loss: 0.0222, reconstruction loss: 0.0164]
2026-02-12 19:39:23,344 - INFO - epoch 43 training [time: 0.34s, train loss: 0.0224, reconstruction loss: 0.0163]
2026-02-12 19:39:23,685 - INFO - epoch 44 training [time: 0.34s, train loss: 0.0226, reconstruction loss: 0.0163]
2026-02-12 19:39:24,020 - INFO - epoch 45 training [time: 0.34s, train loss: 0.0228, reconstruction loss: 0.0162]
2026-02-12 19:39:24,355 - INFO - epoch 46 training [time: 0.33s, train loss: 0.0230, reconstruction loss: 0.0162]
2026-02-12 19:39:24,691 - INFO - epoch 47 training [time: 0.34s, train loss: 0.0232, reconstruction loss: 0.0162]
2026-02-12 19:39:25,031 - INFO - epoch 48 training [time: 0.34s, train loss: 0.0234, reconstruction loss: 0.0161]
2026-02-12 19:39:25,367 - INFO - epoch 49 training [time: 0.34s, train loss: 0.0236, reconstruction loss: 0.0161]
2026-02-12 19:39:25,547 - INFO - Saving current/home/ming/news_rec/Data/ckpt/Feb-12-2026_19-39-07/best_loss_model.pth
2026-02-12 19:39:25,555 - INFO - Saving current/home/ming/news_rec/Data/ckpt/Feb-12-2026_19-39-07/best_collision_model.pth
2026-02-12 19:39:25,555 - INFO - epoch 49 evaluating [time: 0.19s, collision_rate: 0.144640]
2026-02-12 19:39:25,562 - INFO - Saving current/home/ming/news_rec/Data/ckpt/Feb-12-2026_19-39-07/epoch_49_collision_0.1446_model.pth
2026-02-12 19:39:25,900 - INFO - epoch 50 training [time: 0.34s, train loss: 0.0237, reconstruction loss: 0.0161]
2026-02-12 19:39:26,241 - INFO - epoch 51 training [time: 0.34s, train loss: 0.0240, reconstruction loss: 0.0160]
2026-02-12 19:39:26,580 - INFO - epoch 52 training [time: 0.34s, train loss: 0.0242, reconstruction loss: 0.0160]
2026-02-12 19:39:26,917 - INFO - epoch 53 training [time: 0.34s, train loss: 0.0243, reconstruction loss: 0.0159]
2026-02-12 19:39:27,257 - INFO - epoch 54 training [time: 0.34s, train loss: 0.0245, reconstruction loss: 0.0159]
2026-02-12 19:39:27,595 - INFO - epoch 55 training [time: 0.34s, train loss: 0.0246, reconstruction loss: 0.0159]
2026-02-12 19:39:27,931 - INFO - epoch 56 training [time: 0.34s, train loss: 0.0246, reconstruction loss: 0.0158]
2026-02-12 19:39:28,275 - INFO - epoch 57 training [time: 0.34s, train loss: 0.0247, reconstruction loss: 0.0158]
2026-02-12 19:39:28,612 - INFO - epoch 58 training [time: 0.34s, train loss: 0.0248, reconstruction loss: 0.0158]
2026-02-12 19:39:28,948 - INFO - epoch 59 training [time: 0.34s, train loss: 0.0248, reconstruction loss: 0.0157]
2026-02-12 19:39:29,287 - INFO - epoch 60 training [time: 0.34s, train loss: 0.0249, reconstruction loss: 0.0157]
2026-02-12 19:39:29,626 - INFO - epoch 61 training [time: 0.34s, train loss: 0.0250, reconstruction loss: 0.0157]
2026-02-12 19:39:29,962 - INFO - epoch 62 training [time: 0.34s, train loss: 0.0251, reconstruction loss: 0.0157]
2026-02-12 19:39:30,301 - INFO - epoch 63 training [time: 0.34s, train loss: 0.0251, reconstruction loss: 0.0156]
2026-02-12 19:39:30,642 - INFO - epoch 64 training [time: 0.34s, train loss: 0.0252, reconstruction loss: 0.0156]
2026-02-12 19:39:30,977 - INFO - epoch 65 training [time: 0.34s, train loss: 0.0252, reconstruction loss: 0.0156]
2026-02-12 19:39:31,315 - INFO - epoch 66 training [time: 0.34s, train loss: 0.0253, reconstruction loss: 0.0156]
2026-02-12 19:39:31,657 - INFO - epoch 67 training [time: 0.34s, train loss: 0.0253, reconstruction loss: 0.0156]
2026-02-12 19:39:31,996 - INFO - epoch 68 training [time: 0.34s, train loss: 0.0254, reconstruction loss: 0.0156]
2026-02-12 19:39:32,333 - INFO - epoch 69 training [time: 0.34s, train loss: 0.0254, reconstruction loss: 0.0155]
2026-02-12 19:39:32,671 - INFO - epoch 70 training [time: 0.34s, train loss: 0.0255, reconstruction loss: 0.0155]
2026-02-12 19:39:33,021 - INFO - epoch 71 training [time: 0.35s, train loss: 0.0256, reconstruction loss: 0.0155]
2026-02-12 19:39:33,360 - INFO - epoch 72 training [time: 0.34s, train loss: 0.0257, reconstruction loss: 0.0155]
2026-02-12 19:39:33,700 - INFO - epoch 73 training [time: 0.34s, train loss: 0.0259, reconstruction loss: 0.0155]
2026-02-12 19:39:34,041 - INFO - epoch 74 training [time: 0.34s, train loss: 0.0260, reconstruction loss: 0.0154]
2026-02-12 19:39:34,381 - INFO - epoch 75 training [time: 0.34s, train loss: 0.0262, reconstruction loss: 0.0154]
2026-02-12 19:39:34,722 - INFO - epoch 76 training [time: 0.34s, train loss: 0.0263, reconstruction loss: 0.0154]
2026-02-12 19:39:35,058 - INFO - epoch 77 training [time: 0.34s, train loss: 0.0264, reconstruction loss: 0.0154]
2026-02-12 19:39:35,397 - INFO - epoch 78 training [time: 0.34s, train loss: 0.0264, reconstruction loss: 0.0154]
2026-02-12 19:39:35,737 - INFO - epoch 79 training [time: 0.34s, train loss: 0.0266, reconstruction loss: 0.0154]
2026-02-12 19:39:36,074 - INFO - epoch 80 training [time: 0.34s, train loss: 0.0266, reconstruction loss: 0.0154]
2026-02-12 19:39:36,416 - INFO - epoch 81 training [time: 0.34s, train loss: 0.0267, reconstruction loss: 0.0153]
2026-02-12 19:39:36,757 - INFO - epoch 82 training [time: 0.34s, train loss: 0.0268, reconstruction loss: 0.0153]
2026-02-12 19:39:37,101 - INFO - epoch 83 training [time: 0.34s, train loss: 0.0269, reconstruction loss: 0.0153]
2026-02-12 19:39:37,443 - INFO - epoch 84 training [time: 0.34s, train loss: 0.0269, reconstruction loss: 0.0153]
2026-02-12 19:39:37,780 - INFO - epoch 85 training [time: 0.34s, train loss: 0.0269, reconstruction loss: 0.0153]
2026-02-12 19:39:38,118 - INFO - epoch 86 training [time: 0.34s, train loss: 0.0270, reconstruction loss: 0.0153]
2026-02-12 19:39:38,459 - INFO - epoch 87 training [time: 0.34s, train loss: 0.0270, reconstruction loss: 0.0153]
2026-02-12 19:39:38,800 - INFO - epoch 88 training [time: 0.34s, train loss: 0.0270, reconstruction loss: 0.0153]
2026-02-12 19:39:39,140 - INFO - epoch 89 training [time: 0.34s, train loss: 0.0271, reconstruction loss: 0.0152]
2026-02-12 19:39:39,481 - INFO - epoch 90 training [time: 0.34s, train loss: 0.0271, reconstruction loss: 0.0152]
2026-02-12 19:39:39,823 - INFO - epoch 91 training [time: 0.34s, train loss: 0.0271, reconstruction loss: 0.0152]
2026-02-12 19:39:40,163 - INFO - epoch 92 training [time: 0.34s, train loss: 0.0271, reconstruction loss: 0.0152]
2026-02-12 19:39:40,504 - INFO - epoch 93 training [time: 0.34s, train loss: 0.0272, reconstruction loss: 0.0152]
2026-02-12 19:39:40,849 - INFO - epoch 94 training [time: 0.35s, train loss: 0.0272, reconstruction loss: 0.0152]
2026-02-12 19:39:41,188 - INFO - epoch 95 training [time: 0.34s, train loss: 0.0273, reconstruction loss: 0.0152]
2026-02-12 19:39:41,535 - INFO - epoch 96 training [time: 0.35s, train loss: 0.0273, reconstruction loss: 0.0152]
2026-02-12 19:39:41,870 - INFO - epoch 97 training [time: 0.34s, train loss: 0.0273, reconstruction loss: 0.0151]
2026-02-12 19:39:42,209 - INFO - epoch 98 training [time: 0.34s, train loss: 0.0273, reconstruction loss: 0.0151]
2026-02-12 19:39:42,543 - INFO - epoch 99 training [time: 0.33s, train loss: 0.0272, reconstruction loss: 0.0151]
2026-02-12 19:39:42,728 - INFO - Saving current/home/ming/news_rec/Data/ckpt/Feb-12-2026_19-39-07/best_collision_model.pth
2026-02-12 19:39:42,728 - INFO - epoch 99 evaluating [time: 0.19s, collision_rate: 0.135075]
2026-02-12 19:39:42,735 - INFO - Saving current/home/ming/news_rec/Data/ckpt/Feb-12-2026_19-39-07/epoch_99_collision_0.1351_model.pth
2026-02-12 19:39:43,078 - INFO - epoch 100 training [time: 0.34s, train loss: 0.0273, reconstruction loss: 0.0151]
2026-02-12 19:39:43,413 - INFO - epoch 101 training [time: 0.34s, train loss: 0.0274, reconstruction loss: 0.0151]
2026-02-12 19:39:43,753 - INFO - epoch 102 training [time: 0.34s, train loss: 0.0274, reconstruction loss: 0.0151]
2026-02-12 19:39:44,094 - INFO - epoch 103 training [time: 0.34s, train loss: 0.0275, reconstruction loss: 0.0151]
2026-02-12 19:39:44,433 - INFO - epoch 104 training [time: 0.34s, train loss: 0.0274, reconstruction loss: 0.0151]
2026-02-12 19:39:44,766 - INFO - epoch 105 training [time: 0.33s, train loss: 0.0275, reconstruction loss: 0.0151]
2026-02-12 19:39:45,104 - INFO - epoch 106 training [time: 0.34s, train loss: 0.0275, reconstruction loss: 0.0151]
2026-02-12 19:39:45,444 - INFO - epoch 107 training [time: 0.34s, train loss: 0.0274, reconstruction loss: 0.0150]
2026-02-12 19:39:45,789 - INFO - epoch 108 training [time: 0.34s, train loss: 0.0275, reconstruction loss: 0.0150]
2026-02-12 19:39:46,131 - INFO - epoch 109 training [time: 0.34s, train loss: 0.0275, reconstruction loss: 0.0150]
2026-02-12 19:39:46,474 - INFO - epoch 110 training [time: 0.34s, train loss: 0.0275, reconstruction loss: 0.0150]
2026-02-12 19:39:46,809 - INFO - epoch 111 training [time: 0.33s, train loss: 0.0275, reconstruction loss: 0.0150]
2026-02-12 19:39:47,144 - INFO - epoch 112 training [time: 0.34s, train loss: 0.0275, reconstruction loss: 0.0150]
2026-02-12 19:39:47,484 - INFO - epoch 113 training [time: 0.34s, train loss: 0.0275, reconstruction loss: 0.0150]
2026-02-12 19:39:47,822 - INFO - epoch 114 training [time: 0.34s, train loss: 0.0276, reconstruction loss: 0.0150]
2026-02-12 19:39:48,163 - INFO - epoch 115 training [time: 0.34s, train loss: 0.0276, reconstruction loss: 0.0150]
2026-02-12 19:39:48,505 - INFO - epoch 116 training [time: 0.34s, train loss: 0.0276, reconstruction loss: 0.0149]
2026-02-12 19:39:48,841 - INFO - epoch 117 training [time: 0.34s, train loss: 0.0276, reconstruction loss: 0.0150]
2026-02-12 19:39:49,190 - INFO - epoch 118 training [time: 0.35s, train loss: 0.0276, reconstruction loss: 0.0149]
2026-02-12 19:39:49,532 - INFO - epoch 119 training [time: 0.34s, train loss: 0.0276, reconstruction loss: 0.0149]
2026-02-12 19:39:49,868 - INFO - epoch 120 training [time: 0.34s, train loss: 0.0277, reconstruction loss: 0.0149]
2026-02-12 19:39:50,203 - INFO - epoch 121 training [time: 0.33s, train loss: 0.0277, reconstruction loss: 0.0149]
2026-02-12 19:39:50,544 - INFO - epoch 122 training [time: 0.34s, train loss: 0.0277, reconstruction loss: 0.0149]
2026-02-12 19:39:50,885 - INFO - epoch 123 training [time: 0.34s, train loss: 0.0278, reconstruction loss: 0.0149]
2026-02-12 19:39:51,221 - INFO - epoch 124 training [time: 0.34s, train loss: 0.0278, reconstruction loss: 0.0149]
2026-02-12 19:39:51,560 - INFO - epoch 125 training [time: 0.34s, train loss: 0.0278, reconstruction loss: 0.0149]
2026-02-12 19:39:51,895 - INFO - epoch 126 training [time: 0.34s, train loss: 0.0278, reconstruction loss: 0.0149]
2026-02-12 19:39:52,235 - INFO - epoch 127 training [time: 0.34s, train loss: 0.0278, reconstruction loss: 0.0148]
2026-02-12 19:39:52,575 - INFO - epoch 128 training [time: 0.34s, train loss: 0.0278, reconstruction loss: 0.0149]
2026-02-12 19:39:52,913 - INFO - epoch 129 training [time: 0.34s, train loss: 0.0277, reconstruction loss: 0.0148]
2026-02-12 19:39:53,253 - INFO - epoch 130 training [time: 0.34s, train loss: 0.0278, reconstruction loss: 0.0148]
2026-02-12 19:39:53,591 - INFO - epoch 131 training [time: 0.34s, train loss: 0.0278, reconstruction loss: 0.0148]
2026-02-12 19:39:53,933 - INFO - epoch 132 training [time: 0.34s, train loss: 0.0278, reconstruction loss: 0.0148]
2026-02-12 19:39:54,277 - INFO - epoch 133 training [time: 0.34s, train loss: 0.0279, reconstruction loss: 0.0148]
2026-02-12 19:39:54,618 - INFO - epoch 134 training [time: 0.34s, train loss: 0.0278, reconstruction loss: 0.0148]
2026-02-12 19:39:54,964 - INFO - epoch 135 training [time: 0.35s, train loss: 0.0278, reconstruction loss: 0.0148]
2026-02-12 19:39:55,302 - INFO - epoch 136 training [time: 0.34s, train loss: 0.0278, reconstruction loss: 0.0148]
2026-02-12 19:39:55,645 - INFO - epoch 137 training [time: 0.34s, train loss: 0.0277, reconstruction loss: 0.0148]
2026-02-12 19:39:55,986 - INFO - epoch 138 training [time: 0.34s, train loss: 0.0278, reconstruction loss: 0.0148]
2026-02-12 19:39:56,332 - INFO - epoch 139 training [time: 0.35s, train loss: 0.0277, reconstruction loss: 0.0147]
2026-02-12 19:39:56,677 - INFO - epoch 140 training [time: 0.34s, train loss: 0.0277, reconstruction loss: 0.0147]
2026-02-12 19:39:57,014 - INFO - epoch 141 training [time: 0.34s, train loss: 0.0277, reconstruction loss: 0.0147]
2026-02-12 19:39:57,353 - INFO - epoch 142 training [time: 0.34s, train loss: 0.0277, reconstruction loss: 0.0147]
2026-02-12 19:39:57,696 - INFO - epoch 143 training [time: 0.34s, train loss: 0.0277, reconstruction loss: 0.0147]
2026-02-12 19:39:58,036 - INFO - epoch 144 training [time: 0.34s, train loss: 0.0277, reconstruction loss: 0.0147]
2026-02-12 19:39:58,377 - INFO - epoch 145 training [time: 0.34s, train loss: 0.0276, reconstruction loss: 0.0147]
2026-02-12 19:39:58,717 - INFO - epoch 146 training [time: 0.34s, train loss: 0.0277, reconstruction loss: 0.0147]
2026-02-12 19:39:59,058 - INFO - epoch 147 training [time: 0.34s, train loss: 0.0277, reconstruction loss: 0.0147]
2026-02-12 19:39:59,405 - INFO - epoch 148 training [time: 0.35s, train loss: 0.0278, reconstruction loss: 0.0147]
2026-02-12 19:39:59,748 - INFO - epoch 149 training [time: 0.34s, train loss: 0.0279, reconstruction loss: 0.0147]
2026-02-12 19:39:59,937 - INFO - Saving current/home/ming/news_rec/Data/ckpt/Feb-12-2026_19-39-07/best_collision_model.pth
2026-02-12 19:39:59,937 - INFO - epoch 149 evaluating [time: 0.19s, collision_rate: 0.103115]
2026-02-12 19:39:59,944 - INFO - Saving current/home/ming/news_rec/Data/ckpt/Feb-12-2026_19-39-07/epoch_149_collision_0.1031_model.pth
2026-02-12 19:40:00,288 - INFO - epoch 150 training [time: 0.34s, train loss: 0.0279, reconstruction loss: 0.0146]
2026-02-12 19:40:00,626 - INFO - epoch 151 training [time: 0.34s, train loss: 0.0280, reconstruction loss: 0.0146]
2026-02-12 19:40:00,964 - INFO - epoch 152 training [time: 0.34s, train loss: 0.0281, reconstruction loss: 0.0146]
2026-02-12 19:40:01,302 - INFO - epoch 153 training [time: 0.34s, train loss: 0.0281, reconstruction loss: 0.0146]
2026-02-12 19:40:01,641 - INFO - epoch 154 training [time: 0.34s, train loss: 0.0281, reconstruction loss: 0.0146]
2026-02-12 19:40:01,986 - INFO - epoch 155 training [time: 0.34s, train loss: 0.0281, reconstruction loss: 0.0146]
2026-02-12 19:40:02,326 - INFO - epoch 156 training [time: 0.34s, train loss: 0.0282, reconstruction loss: 0.0146]
2026-02-12 19:40:02,664 - INFO - epoch 157 training [time: 0.34s, train loss: 0.0282, reconstruction loss: 0.0146]
2026-02-12 19:40:03,005 - INFO - epoch 158 training [time: 0.34s, train loss: 0.0283, reconstruction loss: 0.0146]
2026-02-12 19:40:03,343 - INFO - epoch 159 training [time: 0.34s, train loss: 0.0282, reconstruction loss: 0.0146]
2026-02-12 19:40:03,679 - INFO - epoch 160 training [time: 0.34s, train loss: 0.0282, reconstruction loss: 0.0145]
2026-02-12 19:40:04,016 - INFO - epoch 161 training [time: 0.34s, train loss: 0.0283, reconstruction loss: 0.0145]
2026-02-12 19:40:04,354 - INFO - epoch 162 training [time: 0.34s, train loss: 0.0283, reconstruction loss: 0.0145]
2026-02-12 19:40:04,690 - INFO - epoch 163 training [time: 0.34s, train loss: 0.0283, reconstruction loss: 0.0145]
2026-02-12 19:40:05,029 - INFO - epoch 164 training [time: 0.34s, train loss: 0.0283, reconstruction loss: 0.0145]
2026-02-12 19:40:05,371 - INFO - epoch 165 training [time: 0.34s, train loss: 0.0284, reconstruction loss: 0.0145]
2026-02-12 19:40:05,713 - INFO - epoch 166 training [time: 0.34s, train loss: 0.0284, reconstruction loss: 0.0145]
2026-02-12 19:40:06,058 - INFO - epoch 167 training [time: 0.34s, train loss: 0.0284, reconstruction loss: 0.0145]
2026-02-12 19:40:06,396 - INFO - epoch 168 training [time: 0.34s, train loss: 0.0284, reconstruction loss: 0.0145]
2026-02-12 19:40:06,734 - INFO - epoch 169 training [time: 0.34s, train loss: 0.0284, reconstruction loss: 0.0145]
2026-02-12 19:40:07,073 - INFO - epoch 170 training [time: 0.34s, train loss: 0.0284, reconstruction loss: 0.0145]
2026-02-12 19:40:07,413 - INFO - epoch 171 training [time: 0.34s, train loss: 0.0284, reconstruction loss: 0.0145]
2026-02-12 19:40:07,752 - INFO - epoch 172 training [time: 0.34s, train loss: 0.0284, reconstruction loss: 0.0145]
2026-02-12 19:40:08,093 - INFO - epoch 173 training [time: 0.34s, train loss: 0.0284, reconstruction loss: 0.0144]
2026-02-12 19:40:08,432 - INFO - epoch 174 training [time: 0.34s, train loss: 0.0284, reconstruction loss: 0.0144]
2026-02-12 19:40:08,771 - INFO - epoch 175 training [time: 0.34s, train loss: 0.0283, reconstruction loss: 0.0144]
2026-02-12 19:40:09,109 - INFO - epoch 176 training [time: 0.34s, train loss: 0.0284, reconstruction loss: 0.0144]
2026-02-12 19:40:09,447 - INFO - epoch 177 training [time: 0.34s, train loss: 0.0283, reconstruction loss: 0.0144]
2026-02-12 19:40:09,786 - INFO - epoch 178 training [time: 0.34s, train loss: 0.0283, reconstruction loss: 0.0144]
2026-02-12 19:40:10,121 - INFO - epoch 179 training [time: 0.34s, train loss: 0.0283, reconstruction loss: 0.0144]
2026-02-12 19:40:10,461 - INFO - epoch 180 training [time: 0.34s, train loss: 0.0283, reconstruction loss: 0.0144]
2026-02-12 19:40:10,799 - INFO - epoch 181 training [time: 0.34s, train loss: 0.0283, reconstruction loss: 0.0144]
2026-02-12 19:40:11,137 - INFO - epoch 182 training [time: 0.34s, train loss: 0.0283, reconstruction loss: 0.0144]
2026-02-12 19:40:11,469 - INFO - epoch 183 training [time: 0.33s, train loss: 0.0282, reconstruction loss: 0.0144]
2026-02-12 19:40:11,810 - INFO - epoch 184 training [time: 0.34s, train loss: 0.0282, reconstruction loss: 0.0144]
2026-02-12 19:40:12,148 - INFO - epoch 185 training [time: 0.34s, train loss: 0.0282, reconstruction loss: 0.0144]
2026-02-12 19:40:12,497 - INFO - epoch 186 training [time: 0.35s, train loss: 0.0282, reconstruction loss: 0.0143]
2026-02-12 19:40:12,836 - INFO - epoch 187 training [time: 0.34s, train loss: 0.0282, reconstruction loss: 0.0143]
2026-02-12 19:40:13,171 - INFO - epoch 188 training [time: 0.34s, train loss: 0.0282, reconstruction loss: 0.0143]
2026-02-12 19:40:13,513 - INFO - epoch 189 training [time: 0.34s, train loss: 0.0282, reconstruction loss: 0.0143]
2026-02-12 19:40:13,850 - INFO - epoch 190 training [time: 0.34s, train loss: 0.0282, reconstruction loss: 0.0143]
2026-02-12 19:40:14,197 - INFO - epoch 191 training [time: 0.35s, train loss: 0.0283, reconstruction loss: 0.0143]
2026-02-12 19:40:14,538 - INFO - epoch 192 training [time: 0.34s, train loss: 0.0282, reconstruction loss: 0.0143]
2026-02-12 19:40:14,877 - INFO - epoch 193 training [time: 0.34s, train loss: 0.0283, reconstruction loss: 0.0143]
2026-02-12 19:40:15,214 - INFO - epoch 194 training [time: 0.34s, train loss: 0.0282, reconstruction loss: 0.0143]
2026-02-12 19:40:15,553 - INFO - epoch 195 training [time: 0.34s, train loss: 0.0283, reconstruction loss: 0.0143]
2026-02-12 19:40:15,892 - INFO - epoch 196 training [time: 0.34s, train loss: 0.0284, reconstruction loss: 0.0143]
2026-02-12 19:40:16,234 - INFO - epoch 197 training [time: 0.34s, train loss: 0.0284, reconstruction loss: 0.0143]
2026-02-12 19:40:16,573 - INFO - epoch 198 training [time: 0.34s, train loss: 0.0284, reconstruction loss: 0.0143]
2026-02-12 19:40:16,913 - INFO - epoch 199 training [time: 0.34s, train loss: 0.0285, reconstruction loss: 0.0143]
2026-02-12 19:40:17,110 - INFO - Saving current/home/ming/news_rec/Data/ckpt/Feb-12-2026_19-39-07/best_collision_model.pth
2026-02-12 19:40:17,111 - INFO - epoch 199 evaluating [time: 0.20s, collision_rate: 0.078099]
2026-02-12 19:40:17,118 - INFO - Saving current/home/ming/news_rec/Data/ckpt/Feb-12-2026_19-39-07/epoch_199_collision_0.0781_model.pth
2026-02-12 19:40:17,457 - INFO - epoch 200 training [time: 0.34s, train loss: 0.0285, reconstruction loss: 0.0143]
2026-02-12 19:40:17,796 - INFO - epoch 201 training [time: 0.34s, train loss: 0.0285, reconstruction loss: 0.0142]
2026-02-12 19:40:18,133 - INFO - epoch 202 training [time: 0.34s, train loss: 0.0285, reconstruction loss: 0.0142]
2026-02-12 19:40:18,471 - INFO - epoch 203 training [time: 0.34s, train loss: 0.0285, reconstruction loss: 0.0142]
2026-02-12 19:40:18,810 - INFO - epoch 204 training [time: 0.34s, train loss: 0.0285, reconstruction loss: 0.0142]
2026-02-12 19:40:19,146 - INFO - epoch 205 training [time: 0.34s, train loss: 0.0286, reconstruction loss: 0.0142]
2026-02-12 19:40:19,489 - INFO - epoch 206 training [time: 0.34s, train loss: 0.0286, reconstruction loss: 0.0142]
2026-02-12 19:40:19,832 - INFO - epoch 207 training [time: 0.34s, train loss: 0.0286, reconstruction loss: 0.0142]
2026-02-12 19:40:20,171 - INFO - epoch 208 training [time: 0.34s, train loss: 0.0286, reconstruction loss: 0.0142]
2026-02-12 19:40:20,509 - INFO - epoch 209 training [time: 0.34s, train loss: 0.0286, reconstruction loss: 0.0142]
2026-02-12 19:40:20,849 - INFO - epoch 210 training [time: 0.34s, train loss: 0.0286, reconstruction loss: 0.0142]
2026-02-12 19:40:21,188 - INFO - epoch 211 training [time: 0.34s, train loss: 0.0287, reconstruction loss: 0.0142]
2026-02-12 19:40:21,534 - INFO - epoch 212 training [time: 0.35s, train loss: 0.0286, reconstruction loss: 0.0142]
2026-02-12 19:40:21,870 - INFO - epoch 213 training [time: 0.34s, train loss: 0.0287, reconstruction loss: 0.0142]
2026-02-12 19:40:22,207 - INFO - epoch 214 training [time: 0.34s, train loss: 0.0287, reconstruction loss: 0.0142]
2026-02-12 19:40:22,548 - INFO - epoch 215 training [time: 0.34s, train loss: 0.0287, reconstruction loss: 0.0142]
2026-02-12 19:40:22,883 - INFO - epoch 216 training [time: 0.33s, train loss: 0.0288, reconstruction loss: 0.0142]
2026-02-12 19:40:23,225 - INFO - epoch 217 training [time: 0.34s, train loss: 0.0287, reconstruction loss: 0.0142]
2026-02-12 19:40:23,568 - INFO - epoch 218 training [time: 0.34s, train loss: 0.0287, reconstruction loss: 0.0141]
2026-02-12 19:40:23,906 - INFO - epoch 219 training [time: 0.34s, train loss: 0.0287, reconstruction loss: 0.0142]
2026-02-12 19:40:24,243 - INFO - epoch 220 training [time: 0.34s, train loss: 0.0287, reconstruction loss: 0.0141]
2026-02-12 19:40:24,580 - INFO - epoch 221 training [time: 0.34s, train loss: 0.0288, reconstruction loss: 0.0141]
2026-02-12 19:40:24,918 - INFO - epoch 222 training [time: 0.34s, train loss: 0.0288, reconstruction loss: 0.0141]
2026-02-12 19:40:25,261 - INFO - epoch 223 training [time: 0.34s, train loss: 0.0288, reconstruction loss: 0.0141]
2026-02-12 19:40:25,604 - INFO - epoch 224 training [time: 0.34s, train loss: 0.0288, reconstruction loss: 0.0141]
2026-02-12 19:40:25,938 - INFO - epoch 225 training [time: 0.33s, train loss: 0.0288, reconstruction loss: 0.0141]
2026-02-12 19:40:26,276 - INFO - epoch 226 training [time: 0.34s, train loss: 0.0288, reconstruction loss: 0.0141]
2026-02-12 19:40:26,619 - INFO - epoch 227 training [time: 0.34s, train loss: 0.0288, reconstruction loss: 0.0141]
2026-02-12 19:40:26,960 - INFO - epoch 228 training [time: 0.34s, train loss: 0.0288, reconstruction loss: 0.0141]
2026-02-12 19:40:27,297 - INFO - epoch 229 training [time: 0.34s, train loss: 0.0288, reconstruction loss: 0.0141]
2026-02-12 19:40:27,641 - INFO - epoch 230 training [time: 0.34s, train loss: 0.0288, reconstruction loss: 0.0141]
2026-02-12 19:40:27,982 - INFO - epoch 231 training [time: 0.34s, train loss: 0.0288, reconstruction loss: 0.0141]
2026-02-12 19:40:28,326 - INFO - epoch 232 training [time: 0.34s, train loss: 0.0289, reconstruction loss: 0.0141]
2026-02-12 19:40:28,671 - INFO - epoch 233 training [time: 0.34s, train loss: 0.0288, reconstruction loss: 0.0141]
2026-02-12 19:40:29,011 - INFO - epoch 234 training [time: 0.34s, train loss: 0.0289, reconstruction loss: 0.0141]
2026-02-12 19:40:29,355 - INFO - epoch 235 training [time: 0.34s, train loss: 0.0289, reconstruction loss: 0.0141]
2026-02-12 19:40:29,693 - INFO - epoch 236 training [time: 0.34s, train loss: 0.0288, reconstruction loss: 0.0141]
2026-02-12 19:40:30,032 - INFO - epoch 237 training [time: 0.34s, train loss: 0.0288, reconstruction loss: 0.0141]
2026-02-12 19:40:30,372 - INFO - epoch 238 training [time: 0.34s, train loss: 0.0289, reconstruction loss: 0.0141]
2026-02-12 19:40:30,711 - INFO - epoch 239 training [time: 0.34s, train loss: 0.0289, reconstruction loss: 0.0141]
2026-02-12 19:40:31,048 - INFO - epoch 240 training [time: 0.34s, train loss: 0.0289, reconstruction loss: 0.0141]
2026-02-12 19:40:31,392 - INFO - epoch 241 training [time: 0.34s, train loss: 0.0289, reconstruction loss: 0.0140]
2026-02-12 19:40:31,730 - INFO - epoch 242 training [time: 0.34s, train loss: 0.0289, reconstruction loss: 0.0141]
2026-02-12 19:40:32,073 - INFO - epoch 243 training [time: 0.34s, train loss: 0.0289, reconstruction loss: 0.0141]
2026-02-12 19:40:32,413 - INFO - epoch 244 training [time: 0.34s, train loss: 0.0289, reconstruction loss: 0.0140]
2026-02-12 19:40:32,752 - INFO - epoch 245 training [time: 0.34s, train loss: 0.0289, reconstruction loss: 0.0140]
2026-02-12 19:40:33,092 - INFO - epoch 246 training [time: 0.34s, train loss: 0.0289, reconstruction loss: 0.0140]
2026-02-12 19:40:33,425 - INFO - epoch 247 training [time: 0.33s, train loss: 0.0289, reconstruction loss: 0.0140]
2026-02-12 19:40:33,764 - INFO - epoch 248 training [time: 0.34s, train loss: 0.0289, reconstruction loss: 0.0140]
2026-02-12 19:40:34,105 - INFO - epoch 249 training [time: 0.34s, train loss: 0.0289, reconstruction loss: 0.0140]
2026-02-12 19:40:34,306 - INFO - Saving current/home/ming/news_rec/Data/ckpt/Feb-12-2026_19-39-07/best_collision_model.pth
2026-02-12 19:40:34,306 - INFO - epoch 249 evaluating [time: 0.20s, collision_rate: 0.067139]
2026-02-12 19:40:34,313 - INFO - Saving current/home/ming/news_rec/Data/ckpt/Feb-12-2026_19-39-07/epoch_249_collision_0.0671_model.pth
2026-02-12 19:40:34,651 - INFO - epoch 250 training [time: 0.34s, train loss: 0.0290, reconstruction loss: 0.0140]
2026-02-12 19:40:34,990 - INFO - epoch 251 training [time: 0.34s, train loss: 0.0289, reconstruction loss: 0.0140]
2026-02-12 19:40:35,333 - INFO - epoch 252 training [time: 0.34s, train loss: 0.0290, reconstruction loss: 0.0140]
2026-02-12 19:40:35,673 - INFO - epoch 253 training [time: 0.34s, train loss: 0.0290, reconstruction loss: 0.0140]
2026-02-12 19:40:36,016 - INFO - epoch 254 training [time: 0.34s, train loss: 0.0290, reconstruction loss: 0.0140]
2026-02-12 19:40:36,357 - INFO - epoch 255 training [time: 0.34s, train loss: 0.0290, reconstruction loss: 0.0140]
2026-02-12 19:40:36,697 - INFO - epoch 256 training [time: 0.34s, train loss: 0.0290, reconstruction loss: 0.0140]
2026-02-12 19:40:37,038 - INFO - epoch 257 training [time: 0.34s, train loss: 0.0291, reconstruction loss: 0.0140]
2026-02-12 19:40:37,378 - INFO - epoch 258 training [time: 0.34s, train loss: 0.0290, reconstruction loss: 0.0140]
2026-02-12 19:40:37,719 - INFO - epoch 259 training [time: 0.34s, train loss: 0.0291, reconstruction loss: 0.0140]
2026-02-12 19:40:38,058 - INFO - epoch 260 training [time: 0.34s, train loss: 0.0291, reconstruction loss: 0.0140]
2026-02-12 19:40:38,395 - INFO - epoch 261 training [time: 0.34s, train loss: 0.0291, reconstruction loss: 0.0140]
2026-02-12 19:40:38,737 - INFO - epoch 262 training [time: 0.34s, train loss: 0.0290, reconstruction loss: 0.0140]
2026-02-12 19:40:39,081 - INFO - epoch 263 training [time: 0.34s, train loss: 0.0290, reconstruction loss: 0.0140]
2026-02-12 19:40:39,423 - INFO - epoch 264 training [time: 0.34s, train loss: 0.0291, reconstruction loss: 0.0140]
2026-02-12 19:40:39,767 - INFO - epoch 265 training [time: 0.34s, train loss: 0.0291, reconstruction loss: 0.0140]
2026-02-12 19:40:40,110 - INFO - epoch 266 training [time: 0.34s, train loss: 0.0291, reconstruction loss: 0.0140]
2026-02-12 19:40:40,448 - INFO - epoch 267 training [time: 0.34s, train loss: 0.0291, reconstruction loss: 0.0140]
2026-02-12 19:40:40,787 - INFO - epoch 268 training [time: 0.34s, train loss: 0.0291, reconstruction loss: 0.0140]
2026-02-12 19:40:41,128 - INFO - epoch 269 training [time: 0.34s, train loss: 0.0292, reconstruction loss: 0.0140]
2026-02-12 19:40:41,473 - INFO - epoch 270 training [time: 0.34s, train loss: 0.0292, reconstruction loss: 0.0140]
2026-02-12 19:40:41,815 - INFO - epoch 271 training [time: 0.34s, train loss: 0.0291, reconstruction loss: 0.0140]
2026-02-12 19:40:42,158 - INFO - epoch 272 training [time: 0.34s, train loss: 0.0292, reconstruction loss: 0.0140]
2026-02-12 19:40:42,500 - INFO - epoch 273 training [time: 0.34s, train loss: 0.0292, reconstruction loss: 0.0140]
2026-02-12 19:40:42,841 - INFO - epoch 274 training [time: 0.34s, train loss: 0.0292, reconstruction loss: 0.0140]
2026-02-12 19:40:43,191 - INFO - epoch 275 training [time: 0.35s, train loss: 0.0291, reconstruction loss: 0.0139]
2026-02-12 19:40:43,541 - INFO - epoch 276 training [time: 0.35s, train loss: 0.0292, reconstruction loss: 0.0140]
2026-02-12 19:40:43,878 - INFO - epoch 277 training [time: 0.34s, train loss: 0.0292, reconstruction loss: 0.0139]
2026-02-12 19:40:44,223 - INFO - epoch 278 training [time: 0.35s, train loss: 0.0291, reconstruction loss: 0.0139]
2026-02-12 19:40:44,634 - INFO - epoch 279 training [time: 0.41s, train loss: 0.0292, reconstruction loss: 0.0139]
2026-02-12 19:40:44,994 - INFO - epoch 280 training [time: 0.36s, train loss: 0.0291, reconstruction loss: 0.0139]
2026-02-12 19:40:45,346 - INFO - epoch 281 training [time: 0.35s, train loss: 0.0292, reconstruction loss: 0.0139]
2026-02-12 19:40:45,682 - INFO - epoch 282 training [time: 0.34s, train loss: 0.0292, reconstruction loss: 0.0139]
2026-02-12 19:40:46,030 - INFO - epoch 283 training [time: 0.35s, train loss: 0.0292, reconstruction loss: 0.0139]
2026-02-12 19:40:46,380 - INFO - epoch 284 training [time: 0.35s, train loss: 0.0292, reconstruction loss: 0.0139]
2026-02-12 19:40:46,726 - INFO - epoch 285 training [time: 0.35s, train loss: 0.0292, reconstruction loss: 0.0139]
2026-02-12 19:40:47,087 - INFO - epoch 286 training [time: 0.36s, train loss: 0.0292, reconstruction loss: 0.0139]
2026-02-12 19:40:47,476 - INFO - epoch 287 training [time: 0.39s, train loss: 0.0292, reconstruction loss: 0.0139]
2026-02-12 19:40:47,831 - INFO - epoch 288 training [time: 0.35s, train loss: 0.0293, reconstruction loss: 0.0139]
2026-02-12 19:40:48,259 - INFO - epoch 289 training [time: 0.43s, train loss: 0.0292, reconstruction loss: 0.0139]
2026-02-12 19:40:48,763 - INFO - epoch 290 training [time: 0.50s, train loss: 0.0293, reconstruction loss: 0.0139]
2026-02-12 19:40:49,170 - INFO - epoch 291 training [time: 0.41s, train loss: 0.0292, reconstruction loss: 0.0139]
2026-02-12 19:40:49,852 - INFO - epoch 292 training [time: 0.68s, train loss: 0.0293, reconstruction loss: 0.0139]
2026-02-12 19:40:50,500 - INFO - epoch 293 training [time: 0.65s, train loss: 0.0293, reconstruction loss: 0.0139]
2026-02-12 19:40:50,895 - INFO - epoch 294 training [time: 0.40s, train loss: 0.0292, reconstruction loss: 0.0139]
2026-02-12 19:40:51,299 - INFO - epoch 295 training [time: 0.40s, train loss: 0.0293, reconstruction loss: 0.0139]
2026-02-12 19:40:51,699 - INFO - epoch 296 training [time: 0.40s, train loss: 0.0293, reconstruction loss: 0.0139]
2026-02-12 19:40:52,102 - INFO - epoch 297 training [time: 0.40s, train loss: 0.0293, reconstruction loss: 0.0139]
2026-02-12 19:40:52,711 - INFO - epoch 298 training [time: 0.61s, train loss: 0.0293, reconstruction loss: 0.0139]
2026-02-12 19:40:53,129 - INFO - epoch 299 training [time: 0.42s, train loss: 0.0293, reconstruction loss: 0.0139]
2026-02-12 19:40:53,347 - INFO - Saving current/home/ming/news_rec/Data/ckpt/Feb-12-2026_19-39-07/best_collision_model.pth
2026-02-12 19:40:53,347 - INFO - epoch 299 evaluating [time: 0.22s, collision_rate: 0.066756]
2026-02-12 19:40:53,355 - INFO - Saving current/home/ming/news_rec/Data/ckpt/Feb-12-2026_19-39-07/epoch_299_collision_0.0668_model.pth
2026-02-12 19:40:53,753 - INFO - epoch 300 training [time: 0.40s, train loss: 0.0293, reconstruction loss: 0.0139]
2026-02-12 19:40:54,159 - INFO - epoch 301 training [time: 0.41s, train loss: 0.0293, reconstruction loss: 0.0139]
2026-02-12 19:40:54,548 - INFO - epoch 302 training [time: 0.39s, train loss: 0.0293, reconstruction loss: 0.0139]
2026-02-12 19:40:54,933 - INFO - epoch 303 training [time: 0.39s, train loss: 0.0294, reconstruction loss: 0.0139]
2026-02-12 19:40:55,328 - INFO - epoch 304 training [time: 0.39s, train loss: 0.0293, reconstruction loss: 0.0139]
2026-02-12 19:40:55,730 - INFO - epoch 305 training [time: 0.40s, train loss: 0.0294, reconstruction loss: 0.0139]
2026-02-12 19:40:56,138 - INFO - epoch 306 training [time: 0.41s, train loss: 0.0294, reconstruction loss: 0.0139]
2026-02-12 19:40:56,529 - INFO - epoch 307 training [time: 0.39s, train loss: 0.0294, reconstruction loss: 0.0139]
2026-02-12 19:40:56,920 - INFO - epoch 308 training [time: 0.39s, train loss: 0.0294, reconstruction loss: 0.0139]
2026-02-12 19:40:57,311 - INFO - epoch 309 training [time: 0.39s, train loss: 0.0294, reconstruction loss: 0.0139]
2026-02-12 19:40:57,712 - INFO - epoch 310 training [time: 0.40s, train loss: 0.0294, reconstruction loss: 0.0139]
2026-02-12 19:40:58,108 - INFO - epoch 311 training [time: 0.40s, train loss: 0.0294, reconstruction loss: 0.0139]
2026-02-12 19:40:58,451 - INFO - epoch 312 training [time: 0.34s, train loss: 0.0294, reconstruction loss: 0.0139]
2026-02-12 19:40:58,792 - INFO - epoch 313 training [time: 0.34s, train loss: 0.0295, reconstruction loss: 0.0139]
2026-02-12 19:40:59,136 - INFO - epoch 314 training [time: 0.34s, train loss: 0.0295, reconstruction loss: 0.0139]
2026-02-12 19:40:59,494 - INFO - epoch 315 training [time: 0.36s, train loss: 0.0295, reconstruction loss: 0.0139]
2026-02-12 19:40:59,855 - INFO - epoch 316 training [time: 0.36s, train loss: 0.0295, reconstruction loss: 0.0139]
2026-02-12 19:41:00,205 - INFO - epoch 317 training [time: 0.35s, train loss: 0.0295, reconstruction loss: 0.0138]
2026-02-12 19:41:00,544 - INFO - epoch 318 training [time: 0.34s, train loss: 0.0295, reconstruction loss: 0.0139]
2026-02-12 19:41:00,885 - INFO - epoch 319 training [time: 0.34s, train loss: 0.0295, reconstruction loss: 0.0139]
2026-02-12 19:41:01,237 - INFO - epoch 320 training [time: 0.35s, train loss: 0.0295, reconstruction loss: 0.0138]
2026-02-12 19:41:01,575 - INFO - epoch 321 training [time: 0.34s, train loss: 0.0295, reconstruction loss: 0.0138]
2026-02-12 19:41:01,929 - INFO - epoch 322 training [time: 0.35s, train loss: 0.0296, reconstruction loss: 0.0138]
2026-02-12 19:41:02,275 - INFO - epoch 323 training [time: 0.35s, train loss: 0.0296, reconstruction loss: 0.0138]
2026-02-12 19:41:02,617 - INFO - epoch 324 training [time: 0.34s, train loss: 0.0296, reconstruction loss: 0.0138]
2026-02-12 19:41:02,967 - INFO - epoch 325 training [time: 0.35s, train loss: 0.0296, reconstruction loss: 0.0138]
2026-02-12 19:41:03,307 - INFO - epoch 326 training [time: 0.34s, train loss: 0.0297, reconstruction loss: 0.0138]
2026-02-12 19:41:03,646 - INFO - epoch 327 training [time: 0.34s, train loss: 0.0296, reconstruction loss: 0.0138]
2026-02-12 19:41:03,986 - INFO - epoch 328 training [time: 0.34s, train loss: 0.0296, reconstruction loss: 0.0138]
2026-02-12 19:41:04,329 - INFO - epoch 329 training [time: 0.34s, train loss: 0.0297, reconstruction loss: 0.0138]
2026-02-12 19:41:04,671 - INFO - epoch 330 training [time: 0.34s, train loss: 0.0296, reconstruction loss: 0.0138]
2026-02-12 19:41:05,018 - INFO - epoch 331 training [time: 0.35s, train loss: 0.0297, reconstruction loss: 0.0138]
2026-02-12 19:41:05,366 - INFO - epoch 332 training [time: 0.35s, train loss: 0.0297, reconstruction loss: 0.0138]
2026-02-12 19:41:05,707 - INFO - epoch 333 training [time: 0.34s, train loss: 0.0297, reconstruction loss: 0.0138]
2026-02-12 19:41:06,056 - INFO - epoch 334 training [time: 0.35s, train loss: 0.0298, reconstruction loss: 0.0138]
2026-02-12 19:41:06,401 - INFO - epoch 335 training [time: 0.34s, train loss: 0.0297, reconstruction loss: 0.0138]
2026-02-12 19:41:06,738 - INFO - epoch 336 training [time: 0.34s, train loss: 0.0297, reconstruction loss: 0.0138]
2026-02-12 19:41:07,088 - INFO - epoch 337 training [time: 0.35s, train loss: 0.0298, reconstruction loss: 0.0138]
2026-02-12 19:41:07,428 - INFO - epoch 338 training [time: 0.34s, train loss: 0.0297, reconstruction loss: 0.0138]
2026-02-12 19:41:07,763 - INFO - epoch 339 training [time: 0.34s, train loss: 0.0297, reconstruction loss: 0.0138]
2026-02-12 19:41:08,099 - INFO - epoch 340 training [time: 0.34s, train loss: 0.0298, reconstruction loss: 0.0138]
2026-02-12 19:41:08,440 - INFO - epoch 341 training [time: 0.34s, train loss: 0.0298, reconstruction loss: 0.0138]
2026-02-12 19:41:08,784 - INFO - epoch 342 training [time: 0.34s, train loss: 0.0298, reconstruction loss: 0.0138]
2026-02-12 19:41:09,136 - INFO - epoch 343 training [time: 0.35s, train loss: 0.0298, reconstruction loss: 0.0138]
2026-02-12 19:41:09,474 - INFO - epoch 344 training [time: 0.34s, train loss: 0.0299, reconstruction loss: 0.0138]
2026-02-12 19:41:09,824 - INFO - epoch 345 training [time: 0.35s, train loss: 0.0299, reconstruction loss: 0.0138]
2026-02-12 19:41:10,168 - INFO - epoch 346 training [time: 0.34s, train loss: 0.0299, reconstruction loss: 0.0138]
2026-02-12 19:41:10,515 - INFO - epoch 347 training [time: 0.35s, train loss: 0.0299, reconstruction loss: 0.0138]
2026-02-12 19:41:10,882 - INFO - epoch 348 training [time: 0.37s, train loss: 0.0300, reconstruction loss: 0.0138]
2026-02-12 19:41:11,256 - INFO - epoch 349 training [time: 0.37s, train loss: 0.0299, reconstruction loss: 0.0138]
2026-02-12 19:41:11,460 - INFO - Saving current/home/ming/news_rec/Data/ckpt/Feb-12-2026_19-39-07/best_collision_model.pth
2026-02-12 19:41:11,460 - INFO - epoch 349 evaluating [time: 0.20s, collision_rate: 0.065131]
2026-02-12 19:41:11,468 - INFO - Saving current/home/ming/news_rec/Data/ckpt/Feb-12-2026_19-39-07/epoch_349_collision_0.0651_model.pth
2026-02-12 19:41:11,810 - INFO - epoch 350 training [time: 0.34s, train loss: 0.0300, reconstruction loss: 0.0138]
2026-02-12 19:41:12,152 - INFO - epoch 351 training [time: 0.34s, train loss: 0.0300, reconstruction loss: 0.0138]
2026-02-12 19:41:12,497 - INFO - epoch 352 training [time: 0.35s, train loss: 0.0300, reconstruction loss: 0.0138]
2026-02-12 19:41:12,840 - INFO - epoch 353 training [time: 0.34s, train loss: 0.0300, reconstruction loss: 0.0138]
2026-02-12 19:41:13,182 - INFO - epoch 354 training [time: 0.34s, train loss: 0.0300, reconstruction loss: 0.0138]
2026-02-12 19:41:13,530 - INFO - epoch 355 training [time: 0.35s, train loss: 0.0300, reconstruction loss: 0.0138]
2026-02-12 19:41:13,868 - INFO - epoch 356 training [time: 0.34s, train loss: 0.0300, reconstruction loss: 0.0138]
2026-02-12 19:41:14,208 - INFO - epoch 357 training [time: 0.34s, train loss: 0.0301, reconstruction loss: 0.0138]
2026-02-12 19:41:14,543 - INFO - epoch 358 training [time: 0.34s, train loss: 0.0301, reconstruction loss: 0.0138]
2026-02-12 19:41:14,881 - INFO - epoch 359 training [time: 0.34s, train loss: 0.0301, reconstruction loss: 0.0138]
2026-02-12 19:41:15,220 - INFO - epoch 360 training [time: 0.34s, train loss: 0.0301, reconstruction loss: 0.0138]
2026-02-12 19:41:15,563 - INFO - epoch 361 training [time: 0.34s, train loss: 0.0301, reconstruction loss: 0.0138]
2026-02-12 19:41:15,905 - INFO - epoch 362 training [time: 0.34s, train loss: 0.0301, reconstruction loss: 0.0138]
2026-02-12 19:41:16,248 - INFO - epoch 363 training [time: 0.34s, train loss: 0.0301, reconstruction loss: 0.0138]
2026-02-12 19:41:16,582 - INFO - epoch 364 training [time: 0.33s, train loss: 0.0301, reconstruction loss: 0.0138]
2026-02-12 19:41:16,924 - INFO - epoch 365 training [time: 0.34s, train loss: 0.0301, reconstruction loss: 0.0138]
2026-02-12 19:41:17,268 - INFO - epoch 366 training [time: 0.34s, train loss: 0.0301, reconstruction loss: 0.0138]
2026-02-12 19:41:17,608 - INFO - epoch 367 training [time: 0.34s, train loss: 0.0300, reconstruction loss: 0.0138]
2026-02-12 19:41:17,956 - INFO - epoch 368 training [time: 0.35s, train loss: 0.0301, reconstruction loss: 0.0138]
2026-02-12 19:41:18,297 - INFO - epoch 369 training [time: 0.34s, train loss: 0.0301, reconstruction loss: 0.0137]
2026-02-12 19:41:18,638 - INFO - epoch 370 training [time: 0.34s, train loss: 0.0301, reconstruction loss: 0.0137]
2026-02-12 19:41:18,979 - INFO - epoch 371 training [time: 0.34s, train loss: 0.0301, reconstruction loss: 0.0137]
2026-02-12 19:41:19,314 - INFO - epoch 372 training [time: 0.33s, train loss: 0.0301, reconstruction loss: 0.0137]
2026-02-12 19:41:19,660 - INFO - epoch 373 training [time: 0.35s, train loss: 0.0301, reconstruction loss: 0.0137]
2026-02-12 19:41:20,000 - INFO - epoch 374 training [time: 0.34s, train loss: 0.0301, reconstruction loss: 0.0137]
2026-02-12 19:41:20,352 - INFO - epoch 375 training [time: 0.35s, train loss: 0.0301, reconstruction loss: 0.0137]
2026-02-12 19:41:20,693 - INFO - epoch 376 training [time: 0.34s, train loss: 0.0301, reconstruction loss: 0.0137]
2026-02-12 19:41:21,092 - INFO - epoch 377 training [time: 0.40s, train loss: 0.0300, reconstruction loss: 0.0137]
2026-02-12 19:41:21,445 - INFO - epoch 378 training [time: 0.35s, train loss: 0.0300, reconstruction loss: 0.0137]
2026-02-12 19:41:21,781 - INFO - epoch 379 training [time: 0.34s, train loss: 0.0301, reconstruction loss: 0.0137]
2026-02-12 19:41:22,118 - INFO - epoch 380 training [time: 0.34s, train loss: 0.0300, reconstruction loss: 0.0137]
2026-02-12 19:41:22,456 - INFO - epoch 381 training [time: 0.34s, train loss: 0.0300, reconstruction loss: 0.0137]
2026-02-12 19:41:22,797 - INFO - epoch 382 training [time: 0.34s, train loss: 0.0300, reconstruction loss: 0.0137]
2026-02-12 19:41:23,135 - INFO - epoch 383 training [time: 0.34s, train loss: 0.0300, reconstruction loss: 0.0137]
2026-02-12 19:41:23,471 - INFO - epoch 384 training [time: 0.34s, train loss: 0.0300, reconstruction loss: 0.0137]
2026-02-12 19:41:23,809 - INFO - epoch 385 training [time: 0.34s, train loss: 0.0301, reconstruction loss: 0.0137]
2026-02-12 19:41:24,148 - INFO - epoch 386 training [time: 0.34s, train loss: 0.0300, reconstruction loss: 0.0137]
2026-02-12 19:41:24,490 - INFO - epoch 387 training [time: 0.34s, train loss: 0.0300, reconstruction loss: 0.0137]
2026-02-12 19:41:24,828 - INFO - epoch 388 training [time: 0.34s, train loss: 0.0301, reconstruction loss: 0.0137]
2026-02-12 19:41:25,168 - INFO - epoch 389 training [time: 0.34s, train loss: 0.0300, reconstruction loss: 0.0137]
2026-02-12 19:41:25,512 - INFO - epoch 390 training [time: 0.34s, train loss: 0.0300, reconstruction loss: 0.0137]
2026-02-12 19:41:25,852 - INFO - epoch 391 training [time: 0.34s, train loss: 0.0300, reconstruction loss: 0.0137]
2026-02-12 19:41:26,189 - INFO - epoch 392 training [time: 0.34s, train loss: 0.0300, reconstruction loss: 0.0137]
2026-02-12 19:41:26,527 - INFO - epoch 393 training [time: 0.34s, train loss: 0.0300, reconstruction loss: 0.0137]
2026-02-12 19:41:26,866 - INFO - epoch 394 training [time: 0.34s, train loss: 0.0299, reconstruction loss: 0.0137]
2026-02-12 19:41:27,201 - INFO - epoch 395 training [time: 0.33s, train loss: 0.0300, reconstruction loss: 0.0137]
2026-02-12 19:41:27,538 - INFO - epoch 396 training [time: 0.34s, train loss: 0.0300, reconstruction loss: 0.0137]
2026-02-12 19:41:27,876 - INFO - epoch 397 training [time: 0.34s, train loss: 0.0300, reconstruction loss: 0.0137]
2026-02-12 19:41:28,210 - INFO - epoch 398 training [time: 0.33s, train loss: 0.0299, reconstruction loss: 0.0137]
2026-02-12 19:41:28,547 - INFO - epoch 399 training [time: 0.34s, train loss: 0.0300, reconstruction loss: 0.0137]
2026-02-12 19:41:28,756 - INFO - Saving current/home/ming/news_rec/Data/ckpt/Feb-12-2026_19-39-07/best_collision_model.pth
2026-02-12 19:41:28,756 - INFO - epoch 399 evaluating [time: 0.21s, collision_rate: 0.059367]
2026-02-12 19:41:28,764 - INFO - Saving current/home/ming/news_rec/Data/ckpt/Feb-12-2026_19-39-07/epoch_399_collision_0.0594_model.pth
2026-02-12 19:41:29,104 - INFO - epoch 400 training [time: 0.34s, train loss: 0.0300, reconstruction loss: 0.0137]
2026-02-12 19:41:29,446 - INFO - epoch 401 training [time: 0.34s, train loss: 0.0299, reconstruction loss: 0.0137]
2026-02-12 19:41:29,785 - INFO - epoch 402 training [time: 0.34s, train loss: 0.0300, reconstruction loss: 0.0137]
2026-02-12 19:41:30,125 - INFO - epoch 403 training [time: 0.34s, train loss: 0.0300, reconstruction loss: 0.0137]
2026-02-12 19:41:30,471 - INFO - epoch 404 training [time: 0.35s, train loss: 0.0300, reconstruction loss: 0.0137]
2026-02-12 19:41:30,817 - INFO - epoch 405 training [time: 0.35s, train loss: 0.0300, reconstruction loss: 0.0137]
2026-02-12 19:41:31,156 - INFO - epoch 406 training [time: 0.34s, train loss: 0.0299, reconstruction loss: 0.0136]
2026-02-12 19:41:31,496 - INFO - epoch 407 training [time: 0.34s, train loss: 0.0299, reconstruction loss: 0.0136]
2026-02-12 19:41:31,837 - INFO - epoch 408 training [time: 0.34s, train loss: 0.0299, reconstruction loss: 0.0136]
2026-02-12 19:41:32,174 - INFO - epoch 409 training [time: 0.34s, train loss: 0.0300, reconstruction loss: 0.0136]
2026-02-12 19:41:32,519 - INFO - epoch 410 training [time: 0.34s, train loss: 0.0300, reconstruction loss: 0.0136]
2026-02-12 19:41:32,858 - INFO - epoch 411 training [time: 0.34s, train loss: 0.0299, reconstruction loss: 0.0136]
2026-02-12 19:41:33,200 - INFO - epoch 412 training [time: 0.34s, train loss: 0.0300, reconstruction loss: 0.0136]
2026-02-12 19:41:33,541 - INFO - epoch 413 training [time: 0.34s, train loss: 0.0300, reconstruction loss: 0.0136]
2026-02-12 19:41:33,886 - INFO - epoch 414 training [time: 0.34s, train loss: 0.0300, reconstruction loss: 0.0136]
2026-02-12 19:41:34,229 - INFO - epoch 415 training [time: 0.34s, train loss: 0.0300, reconstruction loss: 0.0136]
2026-02-12 19:41:34,568 - INFO - epoch 416 training [time: 0.34s, train loss: 0.0300, reconstruction loss: 0.0136]
2026-02-12 19:41:34,908 - INFO - epoch 417 training [time: 0.34s, train loss: 0.0301, reconstruction loss: 0.0136]
2026-02-12 19:41:35,249 - INFO - epoch 418 training [time: 0.34s, train loss: 0.0300, reconstruction loss: 0.0136]
2026-02-12 19:41:35,583 - INFO - epoch 419 training [time: 0.33s, train loss: 0.0300, reconstruction loss: 0.0136]
2026-02-12 19:41:35,932 - INFO - epoch 420 training [time: 0.35s, train loss: 0.0300, reconstruction loss: 0.0136]
2026-02-12 19:41:36,282 - INFO - epoch 421 training [time: 0.35s, train loss: 0.0300, reconstruction loss: 0.0136]
2026-02-12 19:41:36,626 - INFO - epoch 422 training [time: 0.34s, train loss: 0.0301, reconstruction loss: 0.0136]
2026-02-12 19:41:36,967 - INFO - epoch 423 training [time: 0.34s, train loss: 0.0301, reconstruction loss: 0.0136]
2026-02-12 19:41:37,309 - INFO - epoch 424 training [time: 0.34s, train loss: 0.0301, reconstruction loss: 0.0136]
2026-02-12 19:41:37,647 - INFO - epoch 425 training [time: 0.34s, train loss: 0.0301, reconstruction loss: 0.0136]
2026-02-12 19:41:37,990 - INFO - epoch 426 training [time: 0.34s, train loss: 0.0301, reconstruction loss: 0.0136]
2026-02-12 19:41:38,333 - INFO - epoch 427 training [time: 0.34s, train loss: 0.0301, reconstruction loss: 0.0136]
2026-02-12 19:41:38,671 - INFO - epoch 428 training [time: 0.34s, train loss: 0.0301, reconstruction loss: 0.0136]
2026-02-12 19:41:39,004 - INFO - epoch 429 training [time: 0.33s, train loss: 0.0301, reconstruction loss: 0.0136]
2026-02-12 19:41:39,337 - INFO - epoch 430 training [time: 0.33s, train loss: 0.0301, reconstruction loss: 0.0136]
2026-02-12 19:41:39,678 - INFO - epoch 431 training [time: 0.34s, train loss: 0.0301, reconstruction loss: 0.0136]
2026-02-12 19:41:40,017 - INFO - epoch 432 training [time: 0.34s, train loss: 0.0301, reconstruction loss: 0.0136]
2026-02-12 19:41:40,355 - INFO - epoch 433 training [time: 0.34s, train loss: 0.0302, reconstruction loss: 0.0136]
2026-02-12 19:41:40,699 - INFO - epoch 434 training [time: 0.34s, train loss: 0.0302, reconstruction loss: 0.0136]
2026-02-12 19:41:41,043 - INFO - epoch 435 training [time: 0.34s, train loss: 0.0302, reconstruction loss: 0.0136]
2026-02-12 19:41:41,385 - INFO - epoch 436 training [time: 0.34s, train loss: 0.0302, reconstruction loss: 0.0136]
2026-02-12 19:41:41,733 - INFO - epoch 437 training [time: 0.35s, train loss: 0.0302, reconstruction loss: 0.0136]
2026-02-12 19:41:42,075 - INFO - epoch 438 training [time: 0.34s, train loss: 0.0302, reconstruction loss: 0.0136]
2026-02-12 19:41:42,413 - INFO - epoch 439 training [time: 0.34s, train loss: 0.0302, reconstruction loss: 0.0136]
2026-02-12 19:41:42,752 - INFO - epoch 440 training [time: 0.34s, train loss: 0.0302, reconstruction loss: 0.0136]
2026-02-12 19:41:43,093 - INFO - epoch 441 training [time: 0.34s, train loss: 0.0302, reconstruction loss: 0.0136]
2026-02-12 19:41:43,435 - INFO - epoch 442 training [time: 0.34s, train loss: 0.0302, reconstruction loss: 0.0136]
2026-02-12 19:41:43,779 - INFO - epoch 443 training [time: 0.34s, train loss: 0.0303, reconstruction loss: 0.0136]
2026-02-12 19:41:44,127 - INFO - epoch 444 training [time: 0.35s, train loss: 0.0302, reconstruction loss: 0.0136]
2026-02-12 19:41:44,464 - INFO - epoch 445 training [time: 0.34s, train loss: 0.0303, reconstruction loss: 0.0136]
2026-02-12 19:41:44,807 - INFO - epoch 446 training [time: 0.34s, train loss: 0.0302, reconstruction loss: 0.0136]
2026-02-12 19:41:45,153 - INFO - epoch 447 training [time: 0.35s, train loss: 0.0302, reconstruction loss: 0.0136]
2026-02-12 19:41:45,492 - INFO - epoch 448 training [time: 0.34s, train loss: 0.0303, reconstruction loss: 0.0136]
2026-02-12 19:41:45,830 - INFO - epoch 449 training [time: 0.34s, train loss: 0.0303, reconstruction loss: 0.0136]
2026-02-12 19:41:46,017 - INFO - Saving current/home/ming/news_rec/Data/ckpt/Feb-12-2026_19-39-07/best_collision_model.pth
2026-02-12 19:41:46,017 - INFO - epoch 449 evaluating [time: 0.19s, collision_rate: 0.056639]
2026-02-12 19:41:46,025 - INFO - Saving current/home/ming/news_rec/Data/ckpt/Feb-12-2026_19-39-07/epoch_449_collision_0.0566_model.pth
2026-02-12 19:41:46,366 - INFO - epoch 450 training [time: 0.34s, train loss: 0.0303, reconstruction loss: 0.0136]
2026-02-12 19:41:46,713 - INFO - epoch 451 training [time: 0.35s, train loss: 0.0302, reconstruction loss: 0.0136]
2026-02-12 19:41:47,057 - INFO - epoch 452 training [time: 0.34s, train loss: 0.0303, reconstruction loss: 0.0136]
2026-02-12 19:41:47,399 - INFO - epoch 453 training [time: 0.34s, train loss: 0.0303, reconstruction loss: 0.0136]
2026-02-12 19:41:47,740 - INFO - epoch 454 training [time: 0.34s, train loss: 0.0303, reconstruction loss: 0.0136]
2026-02-12 19:41:48,081 - INFO - epoch 455 training [time: 0.34s, train loss: 0.0303, reconstruction loss: 0.0136]
2026-02-12 19:41:48,425 - INFO - epoch 456 training [time: 0.34s, train loss: 0.0303, reconstruction loss: 0.0136]
2026-02-12 19:41:48,763 - INFO - epoch 457 training [time: 0.34s, train loss: 0.0303, reconstruction loss: 0.0136]
2026-02-12 19:41:49,100 - INFO - epoch 458 training [time: 0.34s, train loss: 0.0303, reconstruction loss: 0.0136]
2026-02-12 19:41:49,446 - INFO - epoch 459 training [time: 0.35s, train loss: 0.0303, reconstruction loss: 0.0136]
2026-02-12 19:41:49,781 - INFO - epoch 460 training [time: 0.34s, train loss: 0.0303, reconstruction loss: 0.0135]
2026-02-12 19:41:50,121 - INFO - epoch 461 training [time: 0.34s, train loss: 0.0303, reconstruction loss: 0.0136]
2026-02-12 19:41:50,474 - INFO - epoch 462 training [time: 0.35s, train loss: 0.0304, reconstruction loss: 0.0136]
2026-02-12 19:41:50,819 - INFO - epoch 463 training [time: 0.34s, train loss: 0.0303, reconstruction loss: 0.0136]
2026-02-12 19:41:51,174 - INFO - epoch 464 training [time: 0.35s, train loss: 0.0303, reconstruction loss: 0.0135]
2026-02-12 19:41:51,516 - INFO - epoch 465 training [time: 0.34s, train loss: 0.0303, reconstruction loss: 0.0135]
2026-02-12 19:41:51,853 - INFO - epoch 466 training [time: 0.34s, train loss: 0.0303, reconstruction loss: 0.0136]
2026-02-12 19:41:52,191 - INFO - epoch 467 training [time: 0.34s, train loss: 0.0304, reconstruction loss: 0.0135]
2026-02-12 19:41:52,526 - INFO - epoch 468 training [time: 0.33s, train loss: 0.0304, reconstruction loss: 0.0136]
2026-02-12 19:41:52,861 - INFO - epoch 469 training [time: 0.34s, train loss: 0.0304, reconstruction loss: 0.0135]
2026-02-12 19:41:53,200 - INFO - epoch 470 training [time: 0.34s, train loss: 0.0304, reconstruction loss: 0.0135]
2026-02-12 19:41:53,540 - INFO - epoch 471 training [time: 0.34s, train loss: 0.0304, reconstruction loss: 0.0135]
2026-02-12 19:41:53,885 - INFO - epoch 472 training [time: 0.34s, train loss: 0.0304, reconstruction loss: 0.0135]
2026-02-12 19:41:54,226 - INFO - epoch 473 training [time: 0.34s, train loss: 0.0304, reconstruction loss: 0.0135]
2026-02-12 19:41:54,566 - INFO - epoch 474 training [time: 0.34s, train loss: 0.0304, reconstruction loss: 0.0135]
2026-02-12 19:41:54,912 - INFO - epoch 475 training [time: 0.35s, train loss: 0.0304, reconstruction loss: 0.0135]
2026-02-12 19:41:55,256 - INFO - epoch 476 training [time: 0.34s, train loss: 0.0305, reconstruction loss: 0.0135]
2026-02-12 19:41:55,593 - INFO - epoch 477 training [time: 0.34s, train loss: 0.0305, reconstruction loss: 0.0135]
2026-02-12 19:41:55,937 - INFO - epoch 478 training [time: 0.34s, train loss: 0.0305, reconstruction loss: 0.0135]
2026-02-12 19:41:56,277 - INFO - epoch 479 training [time: 0.34s, train loss: 0.0305, reconstruction loss: 0.0135]
2026-02-12 19:41:56,617 - INFO - epoch 480 training [time: 0.34s, train loss: 0.0305, reconstruction loss: 0.0135]
2026-02-12 19:41:56,954 - INFO - epoch 481 training [time: 0.34s, train loss: 0.0305, reconstruction loss: 0.0135]
2026-02-12 19:41:57,298 - INFO - epoch 482 training [time: 0.34s, train loss: 0.0305, reconstruction loss: 0.0135]
2026-02-12 19:41:57,636 - INFO - epoch 483 training [time: 0.34s, train loss: 0.0306, reconstruction loss: 0.0135]
2026-02-12 19:41:57,975 - INFO - epoch 484 training [time: 0.34s, train loss: 0.0306, reconstruction loss: 0.0135]
2026-02-12 19:41:58,322 - INFO - epoch 485 training [time: 0.35s, train loss: 0.0306, reconstruction loss: 0.0135]
2026-02-12 19:41:58,668 - INFO - epoch 486 training [time: 0.35s, train loss: 0.0306, reconstruction loss: 0.0135]
2026-02-12 19:41:59,009 - INFO - epoch 487 training [time: 0.34s, train loss: 0.0306, reconstruction loss: 0.0135]
2026-02-12 19:41:59,349 - INFO - epoch 488 training [time: 0.34s, train loss: 0.0306, reconstruction loss: 0.0135]
2026-02-12 19:41:59,691 - INFO - epoch 489 training [time: 0.34s, train loss: 0.0306, reconstruction loss: 0.0135]
2026-02-12 19:42:00,028 - INFO - epoch 490 training [time: 0.34s, train loss: 0.0307, reconstruction loss: 0.0135]
2026-02-12 19:42:00,362 - INFO - epoch 491 training [time: 0.33s, train loss: 0.0307, reconstruction loss: 0.0135]
2026-02-12 19:42:00,703 - INFO - epoch 492 training [time: 0.34s, train loss: 0.0307, reconstruction loss: 0.0135]
2026-02-12 19:42:01,041 - INFO - epoch 493 training [time: 0.34s, train loss: 0.0307, reconstruction loss: 0.0135]
2026-02-12 19:42:01,393 - INFO - epoch 494 training [time: 0.35s, train loss: 0.0308, reconstruction loss: 0.0135]
2026-02-12 19:42:01,737 - INFO - epoch 495 training [time: 0.34s, train loss: 0.0308, reconstruction loss: 0.0135]
2026-02-12 19:42:02,088 - INFO - epoch 496 training [time: 0.35s, train loss: 0.0307, reconstruction loss: 0.0135]
2026-02-12 19:42:02,435 - INFO - epoch 497 training [time: 0.35s, train loss: 0.0307, reconstruction loss: 0.0135]
2026-02-12 19:42:02,771 - INFO - epoch 498 training [time: 0.34s, train loss: 0.0307, reconstruction loss: 0.0135]
2026-02-12 19:42:03,112 - INFO - epoch 499 training [time: 0.34s, train loss: 0.0307, reconstruction loss: 0.0135]
2026-02-12 19:42:03,300 - INFO - Saving current/home/ming/news_rec/Data/ckpt/Feb-12-2026_19-39-07/best_collision_model.pth
2026-02-12 19:42:03,300 - INFO - epoch 499 evaluating [time: 0.19s, collision_rate: 0.055704]
2026-02-12 19:42:03,308 - INFO - Saving current/home/ming/news_rec/Data/ckpt/Feb-12-2026_19-39-07/epoch_499_collision_0.0557_model.pth
2026-02-12 19:42:03,645 - INFO - epoch 500 training [time: 0.34s, train loss: 0.0308, reconstruction loss: 0.0135]
2026-02-12 19:42:03,984 - INFO - epoch 501 training [time: 0.34s, train loss: 0.0308, reconstruction loss: 0.0135]
2026-02-12 19:42:04,324 - INFO - epoch 502 training [time: 0.34s, train loss: 0.0308, reconstruction loss: 0.0135]
2026-02-12 19:42:04,667 - INFO - epoch 503 training [time: 0.34s, train loss: 0.0308, reconstruction loss: 0.0135]
2026-02-12 19:42:05,007 - INFO - epoch 504 training [time: 0.34s, train loss: 0.0309, reconstruction loss: 0.0135]
2026-02-12 19:42:05,348 - INFO - epoch 505 training [time: 0.34s, train loss: 0.0309, reconstruction loss: 0.0135]
2026-02-12 19:42:05,695 - INFO - epoch 506 training [time: 0.35s, train loss: 0.0308, reconstruction loss: 0.0135]
2026-02-12 19:42:06,054 - INFO - epoch 507 training [time: 0.36s, train loss: 0.0309, reconstruction loss: 0.0135]
2026-02-12 19:42:06,397 - INFO - epoch 508 training [time: 0.34s, train loss: 0.0308, reconstruction loss: 0.0135]
2026-02-12 19:42:06,738 - INFO - epoch 509 training [time: 0.34s, train loss: 0.0309, reconstruction loss: 0.0135]
2026-02-12 19:42:07,082 - INFO - epoch 510 training [time: 0.34s, train loss: 0.0309, reconstruction loss: 0.0135]
2026-02-12 19:42:07,419 - INFO - epoch 511 training [time: 0.34s, train loss: 0.0309, reconstruction loss: 0.0135]
2026-02-12 19:42:07,763 - INFO - epoch 512 training [time: 0.34s, train loss: 0.0309, reconstruction loss: 0.0135]
2026-02-12 19:42:08,105 - INFO - epoch 513 training [time: 0.34s, train loss: 0.0309, reconstruction loss: 0.0135]
2026-02-12 19:42:08,444 - INFO - epoch 514 training [time: 0.34s, train loss: 0.0309, reconstruction loss: 0.0135]
2026-02-12 19:42:08,781 - INFO - epoch 515 training [time: 0.34s, train loss: 0.0310, reconstruction loss: 0.0135]
2026-02-12 19:42:09,120 - INFO - epoch 516 training [time: 0.34s, train loss: 0.0310, reconstruction loss: 0.0135]
2026-02-12 19:42:09,466 - INFO - epoch 517 training [time: 0.35s, train loss: 0.0310, reconstruction loss: 0.0135]
2026-02-12 19:42:09,808 - INFO - epoch 518 training [time: 0.34s, train loss: 0.0310, reconstruction loss: 0.0135]
2026-02-12 19:42:10,150 - INFO - epoch 519 training [time: 0.34s, train loss: 0.0309, reconstruction loss: 0.0135]
2026-02-12 19:42:10,490 - INFO - epoch 520 training [time: 0.34s, train loss: 0.0310, reconstruction loss: 0.0135]
2026-02-12 19:42:10,831 - INFO - epoch 521 training [time: 0.34s, train loss: 0.0310, reconstruction loss: 0.0135]
2026-02-12 19:42:11,172 - INFO - epoch 522 training [time: 0.34s, train loss: 0.0310, reconstruction loss: 0.0135]
2026-02-12 19:42:11,510 - INFO - epoch 523 training [time: 0.34s, train loss: 0.0310, reconstruction loss: 0.0135]
2026-02-12 19:42:11,855 - INFO - epoch 524 training [time: 0.35s, train loss: 0.0310, reconstruction loss: 0.0135]
2026-02-12 19:42:12,200 - INFO - epoch 525 training [time: 0.34s, train loss: 0.0310, reconstruction loss: 0.0135]
2026-02-12 19:42:12,541 - INFO - epoch 526 training [time: 0.34s, train loss: 0.0311, reconstruction loss: 0.0135]
2026-02-12 19:42:12,885 - INFO - epoch 527 training [time: 0.34s, train loss: 0.0310, reconstruction loss: 0.0135]
2026-02-12 19:42:13,227 - INFO - epoch 528 training [time: 0.34s, train loss: 0.0310, reconstruction loss: 0.0135]
2026-02-12 19:42:13,570 - INFO - epoch 529 training [time: 0.34s, train loss: 0.0311, reconstruction loss: 0.0135]
2026-02-12 19:42:13,912 - INFO - epoch 530 training [time: 0.34s, train loss: 0.0310, reconstruction loss: 0.0135]
2026-02-12 19:42:14,259 - INFO - epoch 531 training [time: 0.35s, train loss: 0.0311, reconstruction loss: 0.0135]
2026-02-12 19:42:14,600 - INFO - epoch 532 training [time: 0.34s, train loss: 0.0311, reconstruction loss: 0.0135]
2026-02-12 19:42:14,943 - INFO - epoch 533 training [time: 0.34s, train loss: 0.0311, reconstruction loss: 0.0135]
2026-02-12 19:42:15,287 - INFO - epoch 534 training [time: 0.34s, train loss: 0.0311, reconstruction loss: 0.0135]
2026-02-12 19:42:15,630 - INFO - epoch 535 training [time: 0.34s, train loss: 0.0311, reconstruction loss: 0.0135]
2026-02-12 19:42:15,969 - INFO - epoch 536 training [time: 0.34s, train loss: 0.0311, reconstruction loss: 0.0135]
2026-02-12 19:42:16,313 - INFO - epoch 537 training [time: 0.34s, train loss: 0.0311, reconstruction loss: 0.0135]
2026-02-12 19:42:16,650 - INFO - epoch 538 training [time: 0.34s, train loss: 0.0312, reconstruction loss: 0.0135]
2026-02-12 19:42:16,990 - INFO - epoch 539 training [time: 0.34s, train loss: 0.0312, reconstruction loss: 0.0135]
2026-02-12 19:42:17,326 - INFO - epoch 540 training [time: 0.34s, train loss: 0.0312, reconstruction loss: 0.0135]
2026-02-12 19:42:17,666 - INFO - epoch 541 training [time: 0.34s, train loss: 0.0312, reconstruction loss: 0.0135]
2026-02-12 19:42:18,010 - INFO - epoch 542 training [time: 0.34s, train loss: 0.0312, reconstruction loss: 0.0135]
2026-02-12 19:42:18,353 - INFO - epoch 543 training [time: 0.34s, train loss: 0.0312, reconstruction loss: 0.0135]
2026-02-12 19:42:18,697 - INFO - epoch 544 training [time: 0.34s, train loss: 0.0311, reconstruction loss: 0.0135]
2026-02-12 19:42:19,039 - INFO - epoch 545 training [time: 0.34s, train loss: 0.0312, reconstruction loss: 0.0135]
2026-02-12 19:42:19,379 - INFO - epoch 546 training [time: 0.34s, train loss: 0.0312, reconstruction loss: 0.0135]
2026-02-12 19:42:19,721 - INFO - epoch 547 training [time: 0.34s, train loss: 0.0312, reconstruction loss: 0.0135]
2026-02-12 19:42:20,061 - INFO - epoch 548 training [time: 0.34s, train loss: 0.0312, reconstruction loss: 0.0135]
2026-02-12 19:42:20,400 - INFO - epoch 549 training [time: 0.34s, train loss: 0.0312, reconstruction loss: 0.0135]
2026-02-12 19:42:20,592 - INFO - Saving current/home/ming/news_rec/Data/ckpt/Feb-12-2026_19-39-07/best_collision_model.pth
2026-02-12 19:42:20,592 - INFO - epoch 549 evaluating [time: 0.19s, collision_rate: 0.055428]
2026-02-12 19:42:20,600 - INFO - Saving current/home/ming/news_rec/Data/ckpt/Feb-12-2026_19-39-07/epoch_549_collision_0.0554_model.pth
2026-02-12 19:42:20,950 - INFO - epoch 550 training [time: 0.35s, train loss: 0.0312, reconstruction loss: 0.0135]
2026-02-12 19:42:21,299 - INFO - epoch 551 training [time: 0.35s, train loss: 0.0312, reconstruction loss: 0.0135]
2026-02-12 19:42:21,644 - INFO - epoch 552 training [time: 0.34s, train loss: 0.0313, reconstruction loss: 0.0135]
2026-02-12 19:42:21,985 - INFO - epoch 553 training [time: 0.34s, train loss: 0.0313, reconstruction loss: 0.0135]
2026-02-12 19:42:22,321 - INFO - epoch 554 training [time: 0.34s, train loss: 0.0313, reconstruction loss: 0.0135]
2026-02-12 19:42:22,657 - INFO - epoch 555 training [time: 0.34s, train loss: 0.0313, reconstruction loss: 0.0135]
2026-02-12 19:42:22,993 - INFO - epoch 556 training [time: 0.34s, train loss: 0.0313, reconstruction loss: 0.0135]
2026-02-12 19:42:23,333 - INFO - epoch 557 training [time: 0.34s, train loss: 0.0313, reconstruction loss: 0.0135]
2026-02-12 19:42:23,675 - INFO - epoch 558 training [time: 0.34s, train loss: 0.0313, reconstruction loss: 0.0135]
2026-02-12 19:42:24,011 - INFO - epoch 559 training [time: 0.34s, train loss: 0.0313, reconstruction loss: 0.0135]
2026-02-12 19:42:24,350 - INFO - epoch 560 training [time: 0.34s, train loss: 0.0313, reconstruction loss: 0.0135]
2026-02-12 19:42:24,693 - INFO - epoch 561 training [time: 0.34s, train loss: 0.0313, reconstruction loss: 0.0135]
2026-02-12 19:42:25,038 - INFO - epoch 562 training [time: 0.35s, train loss: 0.0313, reconstruction loss: 0.0135]
2026-02-12 19:42:25,377 - INFO - epoch 563 training [time: 0.34s, train loss: 0.0313, reconstruction loss: 0.0135]
2026-02-12 19:42:25,721 - INFO - epoch 564 training [time: 0.34s, train loss: 0.0313, reconstruction loss: 0.0135]
2026-02-12 19:42:26,063 - INFO - epoch 565 training [time: 0.34s, train loss: 0.0314, reconstruction loss: 0.0135]
2026-02-12 19:42:26,407 - INFO - epoch 566 training [time: 0.34s, train loss: 0.0313, reconstruction loss: 0.0135]
2026-02-12 19:42:26,746 - INFO - epoch 567 training [time: 0.34s, train loss: 0.0314, reconstruction loss: 0.0135]
2026-02-12 19:42:27,087 - INFO - epoch 568 training [time: 0.34s, train loss: 0.0313, reconstruction loss: 0.0134]
2026-02-12 19:42:27,432 - INFO - epoch 569 training [time: 0.35s, train loss: 0.0313, reconstruction loss: 0.0134]
2026-02-12 19:42:27,770 - INFO - epoch 570 training [time: 0.34s, train loss: 0.0313, reconstruction loss: 0.0134]
2026-02-12 19:42:28,123 - INFO - epoch 571 training [time: 0.35s, train loss: 0.0314, reconstruction loss: 0.0134]
2026-02-12 19:42:28,470 - INFO - epoch 572 training [time: 0.35s, train loss: 0.0314, reconstruction loss: 0.0134]
2026-02-12 19:42:28,810 - INFO - epoch 573 training [time: 0.34s, train loss: 0.0314, reconstruction loss: 0.0135]
2026-02-12 19:42:29,151 - INFO - epoch 574 training [time: 0.34s, train loss: 0.0314, reconstruction loss: 0.0134]
2026-02-12 19:42:29,491 - INFO - epoch 575 training [time: 0.34s, train loss: 0.0314, reconstruction loss: 0.0134]
2026-02-12 19:42:29,834 - INFO - epoch 576 training [time: 0.34s, train loss: 0.0314, reconstruction loss: 0.0134]
2026-02-12 19:42:30,178 - INFO - epoch 577 training [time: 0.34s, train loss: 0.0315, reconstruction loss: 0.0134]
2026-02-12 19:42:30,521 - INFO - epoch 578 training [time: 0.34s, train loss: 0.0315, reconstruction loss: 0.0134]
2026-02-12 19:42:30,862 - INFO - epoch 579 training [time: 0.34s, train loss: 0.0314, reconstruction loss: 0.0134]
2026-02-12 19:42:31,201 - INFO - epoch 580 training [time: 0.34s, train loss: 0.0315, reconstruction loss: 0.0134]
2026-02-12 19:42:31,543 - INFO - epoch 581 training [time: 0.34s, train loss: 0.0315, reconstruction loss: 0.0134]
2026-02-12 19:42:31,885 - INFO - epoch 582 training [time: 0.34s, train loss: 0.0314, reconstruction loss: 0.0134]
2026-02-12 19:42:32,223 - INFO - epoch 583 training [time: 0.34s, train loss: 0.0315, reconstruction loss: 0.0134]
2026-02-12 19:42:32,561 - INFO - epoch 584 training [time: 0.34s, train loss: 0.0315, reconstruction loss: 0.0134]
2026-02-12 19:42:32,904 - INFO - epoch 585 training [time: 0.34s, train loss: 0.0315, reconstruction loss: 0.0134]
2026-02-12 19:42:33,248 - INFO - epoch 586 training [time: 0.34s, train loss: 0.0314, reconstruction loss: 0.0134]
2026-02-12 19:42:33,595 - INFO - epoch 587 training [time: 0.35s, train loss: 0.0315, reconstruction loss: 0.0134]
2026-02-12 19:42:33,933 - INFO - epoch 588 training [time: 0.34s, train loss: 0.0316, reconstruction loss: 0.0134]
2026-02-12 19:42:34,276 - INFO - epoch 589 training [time: 0.34s, train loss: 0.0315, reconstruction loss: 0.0134]
2026-02-12 19:42:34,616 - INFO - epoch 590 training [time: 0.34s, train loss: 0.0315, reconstruction loss: 0.0134]
2026-02-12 19:42:34,950 - INFO - epoch 591 training [time: 0.33s, train loss: 0.0315, reconstruction loss: 0.0134]
2026-02-12 19:42:35,287 - INFO - epoch 592 training [time: 0.34s, train loss: 0.0315, reconstruction loss: 0.0134]
2026-02-12 19:42:35,635 - INFO - epoch 593 training [time: 0.35s, train loss: 0.0315, reconstruction loss: 0.0134]
2026-02-12 19:42:35,980 - INFO - epoch 594 training [time: 0.34s, train loss: 0.0316, reconstruction loss: 0.0134]
2026-02-12 19:42:36,321 - INFO - epoch 595 training [time: 0.34s, train loss: 0.0315, reconstruction loss: 0.0134]
2026-02-12 19:42:36,664 - INFO - epoch 596 training [time: 0.34s, train loss: 0.0316, reconstruction loss: 0.0134]
2026-02-12 19:42:37,013 - INFO - epoch 597 training [time: 0.35s, train loss: 0.0316, reconstruction loss: 0.0134]
2026-02-12 19:42:37,353 - INFO - epoch 598 training [time: 0.34s, train loss: 0.0316, reconstruction loss: 0.0134]
2026-02-12 19:42:37,693 - INFO - epoch 599 training [time: 0.34s, train loss: 0.0315, reconstruction loss: 0.0134]
2026-02-12 19:42:37,876 - INFO - epoch 599 evaluating [time: 0.18s, collision_rate: 0.056102]
2026-02-12 19:42:37,884 - INFO - Saving current/home/ming/news_rec/Data/ckpt/Feb-12-2026_19-39-07/epoch_599_collision_0.0561_model.pth
2026-02-12 19:42:38,222 - INFO - epoch 600 training [time: 0.34s, train loss: 0.0315, reconstruction loss: 0.0134]
2026-02-12 19:42:38,567 - INFO - epoch 601 training [time: 0.34s, train loss: 0.0315, reconstruction loss: 0.0134]
2026-02-12 19:42:38,909 - INFO - epoch 602 training [time: 0.34s, train loss: 0.0316, reconstruction loss: 0.0134]
2026-02-12 19:42:39,251 - INFO - epoch 603 training [time: 0.34s, train loss: 0.0316, reconstruction loss: 0.0134]
2026-02-12 19:42:39,593 - INFO - epoch 604 training [time: 0.34s, train loss: 0.0316, reconstruction loss: 0.0134]
2026-02-12 19:42:39,934 - INFO - epoch 605 training [time: 0.34s, train loss: 0.0316, reconstruction loss: 0.0134]
2026-02-12 19:42:40,277 - INFO - epoch 606 training [time: 0.34s, train loss: 0.0315, reconstruction loss: 0.0134]
2026-02-12 19:42:40,615 - INFO - epoch 607 training [time: 0.34s, train loss: 0.0316, reconstruction loss: 0.0134]
2026-02-12 19:42:40,958 - INFO - epoch 608 training [time: 0.34s, train loss: 0.0315, reconstruction loss: 0.0134]
2026-02-12 19:42:41,294 - INFO - epoch 609 training [time: 0.34s, train loss: 0.0316, reconstruction loss: 0.0134]
2026-02-12 19:42:41,631 - INFO - epoch 610 training [time: 0.34s, train loss: 0.0315, reconstruction loss: 0.0134]
2026-02-12 19:42:41,976 - INFO - epoch 611 training [time: 0.34s, train loss: 0.0316, reconstruction loss: 0.0134]
2026-02-12 19:42:42,317 - INFO - epoch 612 training [time: 0.34s, train loss: 0.0316, reconstruction loss: 0.0134]
2026-02-12 19:42:42,659 - INFO - epoch 613 training [time: 0.34s, train loss: 0.0316, reconstruction loss: 0.0134]
2026-02-12 19:42:43,002 - INFO - epoch 614 training [time: 0.34s, train loss: 0.0316, reconstruction loss: 0.0134]
2026-02-12 19:42:43,352 - INFO - epoch 615 training [time: 0.35s, train loss: 0.0316, reconstruction loss: 0.0134]
2026-02-12 19:42:43,693 - INFO - epoch 616 training [time: 0.34s, train loss: 0.0316, reconstruction loss: 0.0134]
2026-02-12 19:42:44,034 - INFO - epoch 617 training [time: 0.34s, train loss: 0.0315, reconstruction loss: 0.0134]
2026-02-12 19:42:44,373 - INFO - epoch 618 training [time: 0.34s, train loss: 0.0316, reconstruction loss: 0.0134]
2026-02-12 19:42:44,719 - INFO - epoch 619 training [time: 0.35s, train loss: 0.0316, reconstruction loss: 0.0134]
2026-02-12 19:42:45,060 - INFO - epoch 620 training [time: 0.34s, train loss: 0.0316, reconstruction loss: 0.0134]
2026-02-12 19:42:45,401 - INFO - epoch 621 training [time: 0.34s, train loss: 0.0316, reconstruction loss: 0.0134]
2026-02-12 19:42:45,742 - INFO - epoch 622 training [time: 0.34s, train loss: 0.0317, reconstruction loss: 0.0134]
2026-02-12 19:42:46,086 - INFO - epoch 623 training [time: 0.34s, train loss: 0.0317, reconstruction loss: 0.0134]
2026-02-12 19:42:46,430 - INFO - epoch 624 training [time: 0.34s, train loss: 0.0317, reconstruction loss: 0.0134]
2026-02-12 19:42:46,769 - INFO - epoch 625 training [time: 0.34s, train loss: 0.0317, reconstruction loss: 0.0134]
2026-02-12 19:42:47,107 - INFO - epoch 626 training [time: 0.34s, train loss: 0.0317, reconstruction loss: 0.0134]
2026-02-12 19:42:47,454 - INFO - epoch 627 training [time: 0.35s, train loss: 0.0317, reconstruction loss: 0.0134]
2026-02-12 19:42:47,797 - INFO - epoch 628 training [time: 0.34s, train loss: 0.0316, reconstruction loss: 0.0134]
2026-02-12 19:42:48,137 - INFO - epoch 629 training [time: 0.34s, train loss: 0.0317, reconstruction loss: 0.0134]
2026-02-12 19:42:48,477 - INFO - epoch 630 training [time: 0.34s, train loss: 0.0317, reconstruction loss: 0.0134]
2026-02-12 19:42:48,817 - INFO - epoch 631 training [time: 0.34s, train loss: 0.0317, reconstruction loss: 0.0134]
2026-02-12 19:42:49,158 - INFO - epoch 632 training [time: 0.34s, train loss: 0.0317, reconstruction loss: 0.0134]
2026-02-12 19:42:49,502 - INFO - epoch 633 training [time: 0.34s, train loss: 0.0317, reconstruction loss: 0.0134]
2026-02-12 19:42:49,841 - INFO - epoch 634 training [time: 0.34s, train loss: 0.0317, reconstruction loss: 0.0134]
2026-02-12 19:42:50,181 - INFO - epoch 635 training [time: 0.34s, train loss: 0.0317, reconstruction loss: 0.0134]
2026-02-12 19:42:50,523 - INFO - epoch 636 training [time: 0.34s, train loss: 0.0317, reconstruction loss: 0.0134]
2026-02-12 19:42:50,862 - INFO - epoch 637 training [time: 0.34s, train loss: 0.0317, reconstruction loss: 0.0134]
2026-02-12 19:42:51,217 - INFO - epoch 638 training [time: 0.36s, train loss: 0.0317, reconstruction loss: 0.0134]
2026-02-12 19:42:51,556 - INFO - epoch 639 training [time: 0.34s, train loss: 0.0317, reconstruction loss: 0.0134]
2026-02-12 19:42:51,892 - INFO - epoch 640 training [time: 0.34s, train loss: 0.0317, reconstruction loss: 0.0134]
2026-02-12 19:42:52,231 - INFO - epoch 641 training [time: 0.34s, train loss: 0.0317, reconstruction loss: 0.0134]
2026-02-12 19:42:52,574 - INFO - epoch 642 training [time: 0.34s, train loss: 0.0318, reconstruction loss: 0.0134]
2026-02-12 19:42:52,912 - INFO - epoch 643 training [time: 0.34s, train loss: 0.0318, reconstruction loss: 0.0134]
2026-02-12 19:42:53,256 - INFO - epoch 644 training [time: 0.34s, train loss: 0.0318, reconstruction loss: 0.0134]
2026-02-12 19:42:53,600 - INFO - epoch 645 training [time: 0.34s, train loss: 0.0318, reconstruction loss: 0.0134]
2026-02-12 19:42:53,946 - INFO - epoch 646 training [time: 0.35s, train loss: 0.0317, reconstruction loss: 0.0134]
2026-02-12 19:42:54,282 - INFO - epoch 647 training [time: 0.34s, train loss: 0.0318, reconstruction loss: 0.0134]
2026-02-12 19:42:54,626 - INFO - epoch 648 training [time: 0.34s, train loss: 0.0318, reconstruction loss: 0.0134]
2026-02-12 19:42:54,964 - INFO - epoch 649 training [time: 0.34s, train loss: 0.0318, reconstruction loss: 0.0134]
2026-02-12 19:42:55,155 - INFO - Saving current/home/ming/news_rec/Data/ckpt/Feb-12-2026_19-39-07/best_collision_model.pth
2026-02-12 19:42:55,155 - INFO - epoch 649 evaluating [time: 0.19s, collision_rate: 0.054891]
2026-02-12 19:42:55,163 - INFO - Saving current/home/ming/news_rec/Data/ckpt/Feb-12-2026_19-39-07/epoch_649_collision_0.0549_model.pth
2026-02-12 19:42:55,505 - INFO - epoch 650 training [time: 0.34s, train loss: 0.0318, reconstruction loss: 0.0134]
2026-02-12 19:42:55,852 - INFO - epoch 651 training [time: 0.35s, train loss: 0.0318, reconstruction loss: 0.0134]
2026-02-12 19:42:56,193 - INFO - epoch 652 training [time: 0.34s, train loss: 0.0318, reconstruction loss: 0.0134]
2026-02-12 19:42:56,547 - INFO - epoch 653 training [time: 0.35s, train loss: 0.0318, reconstruction loss: 0.0134]
2026-02-12 19:42:56,890 - INFO - epoch 654 training [time: 0.34s, train loss: 0.0318, reconstruction loss: 0.0134]
2026-02-12 19:42:57,227 - INFO - epoch 655 training [time: 0.34s, train loss: 0.0318, reconstruction loss: 0.0134]
2026-02-12 19:42:57,566 - INFO - epoch 656 training [time: 0.34s, train loss: 0.0318, reconstruction loss: 0.0134]
2026-02-12 19:42:57,906 - INFO - epoch 657 training [time: 0.34s, train loss: 0.0318, reconstruction loss: 0.0134]
2026-02-12 19:42:58,247 - INFO - epoch 658 training [time: 0.34s, train loss: 0.0319, reconstruction loss: 0.0134]
2026-02-12 19:42:58,594 - INFO - epoch 659 training [time: 0.35s, train loss: 0.0318, reconstruction loss: 0.0134]
2026-02-12 19:42:58,930 - INFO - epoch 660 training [time: 0.34s, train loss: 0.0318, reconstruction loss: 0.0134]
2026-02-12 19:42:59,271 - INFO - epoch 661 training [time: 0.34s, train loss: 0.0318, reconstruction loss: 0.0134]
2026-02-12 19:42:59,612 - INFO - epoch 662 training [time: 0.34s, train loss: 0.0318, reconstruction loss: 0.0134]
2026-02-12 19:42:59,961 - INFO - epoch 663 training [time: 0.35s, train loss: 0.0318, reconstruction loss: 0.0134]
2026-02-12 19:43:00,304 - INFO - epoch 664 training [time: 0.34s, train loss: 0.0318, reconstruction loss: 0.0134]
2026-02-12 19:43:00,639 - INFO - epoch 665 training [time: 0.33s, train loss: 0.0319, reconstruction loss: 0.0134]
2026-02-12 19:43:00,976 - INFO - epoch 666 training [time: 0.34s, train loss: 0.0319, reconstruction loss: 0.0134]
2026-02-12 19:43:01,313 - INFO - epoch 667 training [time: 0.34s, train loss: 0.0319, reconstruction loss: 0.0134]
2026-02-12 19:43:01,648 - INFO - epoch 668 training [time: 0.34s, train loss: 0.0318, reconstruction loss: 0.0134]
2026-02-12 19:43:01,981 - INFO - epoch 669 training [time: 0.33s, train loss: 0.0319, reconstruction loss: 0.0134]
2026-02-12 19:43:02,321 - INFO - epoch 670 training [time: 0.34s, train loss: 0.0320, reconstruction loss: 0.0134]
2026-02-12 19:43:02,661 - INFO - epoch 671 training [time: 0.34s, train loss: 0.0319, reconstruction loss: 0.0134]
2026-02-12 19:43:03,007 - INFO - epoch 672 training [time: 0.35s, train loss: 0.0319, reconstruction loss: 0.0134]
2026-02-12 19:43:03,344 - INFO - epoch 673 training [time: 0.34s, train loss: 0.0320, reconstruction loss: 0.0134]
2026-02-12 19:43:03,683 - INFO - epoch 674 training [time: 0.34s, train loss: 0.0319, reconstruction loss: 0.0134]
2026-02-12 19:43:04,028 - INFO - epoch 675 training [time: 0.34s, train loss: 0.0319, reconstruction loss: 0.0134]
2026-02-12 19:43:04,365 - INFO - epoch 676 training [time: 0.34s, train loss: 0.0319, reconstruction loss: 0.0134]
2026-02-12 19:43:04,704 - INFO - epoch 677 training [time: 0.34s, train loss: 0.0319, reconstruction loss: 0.0134]
2026-02-12 19:43:05,044 - INFO - epoch 678 training [time: 0.34s, train loss: 0.0319, reconstruction loss: 0.0134]
2026-02-12 19:43:05,387 - INFO - epoch 679 training [time: 0.34s, train loss: 0.0319, reconstruction loss: 0.0134]
2026-02-12 19:43:05,732 - INFO - epoch 680 training [time: 0.34s, train loss: 0.0320, reconstruction loss: 0.0134]
2026-02-12 19:43:06,085 - INFO - epoch 681 training [time: 0.35s, train loss: 0.0319, reconstruction loss: 0.0134]
2026-02-12 19:43:06,427 - INFO - epoch 682 training [time: 0.34s, train loss: 0.0319, reconstruction loss: 0.0134]
2026-02-12 19:43:06,772 - INFO - epoch 683 training [time: 0.34s, train loss: 0.0319, reconstruction loss: 0.0134]
2026-02-12 19:43:07,113 - INFO - epoch 684 training [time: 0.34s, train loss: 0.0320, reconstruction loss: 0.0134]
2026-02-12 19:43:07,455 - INFO - epoch 685 training [time: 0.34s, train loss: 0.0319, reconstruction loss: 0.0134]
2026-02-12 19:43:07,803 - INFO - epoch 686 training [time: 0.35s, train loss: 0.0319, reconstruction loss: 0.0134]
2026-02-12 19:43:08,143 - INFO - epoch 687 training [time: 0.34s, train loss: 0.0320, reconstruction loss: 0.0134]
2026-02-12 19:43:08,487 - INFO - epoch 688 training [time: 0.34s, train loss: 0.0320, reconstruction loss: 0.0134]
2026-02-12 19:43:08,830 - INFO - epoch 689 training [time: 0.34s, train loss: 0.0320, reconstruction loss: 0.0134]
2026-02-12 19:43:09,171 - INFO - epoch 690 training [time: 0.34s, train loss: 0.0320, reconstruction loss: 0.0134]
2026-02-12 19:43:09,516 - INFO - epoch 691 training [time: 0.34s, train loss: 0.0320, reconstruction loss: 0.0134]
2026-02-12 19:43:09,853 - INFO - epoch 692 training [time: 0.34s, train loss: 0.0320, reconstruction loss: 0.0134]
2026-02-12 19:43:10,189 - INFO - epoch 693 training [time: 0.34s, train loss: 0.0320, reconstruction loss: 0.0134]
2026-02-12 19:43:10,529 - INFO - epoch 694 training [time: 0.34s, train loss: 0.0320, reconstruction loss: 0.0134]
2026-02-12 19:43:10,866 - INFO - epoch 695 training [time: 0.34s, train loss: 0.0320, reconstruction loss: 0.0134]
2026-02-12 19:43:11,203 - INFO - epoch 696 training [time: 0.34s, train loss: 0.0319, reconstruction loss: 0.0134]
2026-02-12 19:43:11,547 - INFO - epoch 697 training [time: 0.34s, train loss: 0.0320, reconstruction loss: 0.0134]
2026-02-12 19:43:11,887 - INFO - epoch 698 training [time: 0.34s, train loss: 0.0320, reconstruction loss: 0.0134]
2026-02-12 19:43:12,224 - INFO - epoch 699 training [time: 0.34s, train loss: 0.0321, reconstruction loss: 0.0134]
2026-02-12 19:43:12,396 - INFO - epoch 699 evaluating [time: 0.17s, collision_rate: 0.055060]
2026-02-12 19:43:12,404 - INFO - Saving current/home/ming/news_rec/Data/ckpt/Feb-12-2026_19-39-07/epoch_699_collision_0.0551_model.pth
2026-02-12 19:43:12,742 - INFO - epoch 700 training [time: 0.34s, train loss: 0.0320, reconstruction loss: 0.0134]
2026-02-12 19:43:13,081 - INFO - epoch 701 training [time: 0.34s, train loss: 0.0320, reconstruction loss: 0.0134]
2026-02-12 19:43:13,415 - INFO - epoch 702 training [time: 0.33s, train loss: 0.0319, reconstruction loss: 0.0134]
2026-02-12 19:43:13,758 - INFO - epoch 703 training [time: 0.34s, train loss: 0.0320, reconstruction loss: 0.0134]
2026-02-12 19:43:14,105 - INFO - epoch 704 training [time: 0.35s, train loss: 0.0320, reconstruction loss: 0.0134]
2026-02-12 19:43:14,451 - INFO - epoch 705 training [time: 0.35s, train loss: 0.0321, reconstruction loss: 0.0134]
2026-02-12 19:43:14,792 - INFO - epoch 706 training [time: 0.34s, train loss: 0.0321, reconstruction loss: 0.0134]
2026-02-12 19:43:15,141 - INFO - epoch 707 training [time: 0.35s, train loss: 0.0320, reconstruction loss: 0.0134]
2026-02-12 19:43:15,489 - INFO - epoch 708 training [time: 0.35s, train loss: 0.0321, reconstruction loss: 0.0134]
2026-02-12 19:43:15,832 - INFO - epoch 709 training [time: 0.34s, train loss: 0.0321, reconstruction loss: 0.0134]
2026-02-12 19:43:16,171 - INFO - epoch 710 training [time: 0.34s, train loss: 0.0321, reconstruction loss: 0.0134]
2026-02-12 19:43:16,519 - INFO - epoch 711 training [time: 0.35s, train loss: 0.0321, reconstruction loss: 0.0134]
2026-02-12 19:43:16,863 - INFO - epoch 712 training [time: 0.34s, train loss: 0.0321, reconstruction loss: 0.0134]
2026-02-12 19:43:17,203 - INFO - epoch 713 training [time: 0.34s, train loss: 0.0321, reconstruction loss: 0.0133]
2026-02-12 19:43:17,546 - INFO - epoch 714 training [time: 0.34s, train loss: 0.0321, reconstruction loss: 0.0134]
2026-02-12 19:43:17,884 - INFO - epoch 715 training [time: 0.34s, train loss: 0.0321, reconstruction loss: 0.0134]
2026-02-12 19:43:18,225 - INFO - epoch 716 training [time: 0.34s, train loss: 0.0321, reconstruction loss: 0.0133]
2026-02-12 19:43:18,570 - INFO - epoch 717 training [time: 0.34s, train loss: 0.0321, reconstruction loss: 0.0134]
2026-02-12 19:43:18,913 - INFO - epoch 718 training [time: 0.34s, train loss: 0.0321, reconstruction loss: 0.0134]
2026-02-12 19:43:19,256 - INFO - epoch 719 training [time: 0.34s, train loss: 0.0321, reconstruction loss: 0.0134]
2026-02-12 19:43:19,598 - INFO - epoch 720 training [time: 0.34s, train loss: 0.0321, reconstruction loss: 0.0133]
2026-02-12 19:43:19,938 - INFO - epoch 721 training [time: 0.34s, train loss: 0.0321, reconstruction loss: 0.0133]
2026-02-12 19:43:20,278 - INFO - epoch 722 training [time: 0.34s, train loss: 0.0321, reconstruction loss: 0.0134]
2026-02-12 19:43:20,613 - INFO - epoch 723 training [time: 0.33s, train loss: 0.0321, reconstruction loss: 0.0133]
2026-02-12 19:43:20,954 - INFO - epoch 724 training [time: 0.34s, train loss: 0.0321, reconstruction loss: 0.0134]
2026-02-12 19:43:21,310 - INFO - epoch 725 training [time: 0.36s, train loss: 0.0321, reconstruction loss: 0.0133]
2026-02-12 19:43:21,651 - INFO - epoch 726 training [time: 0.34s, train loss: 0.0321, reconstruction loss: 0.0133]
2026-02-12 19:43:21,990 - INFO - epoch 727 training [time: 0.34s, train loss: 0.0322, reconstruction loss: 0.0133]
2026-02-12 19:43:22,328 - INFO - epoch 728 training [time: 0.34s, train loss: 0.0322, reconstruction loss: 0.0133]
2026-02-12 19:43:22,668 - INFO - epoch 729 training [time: 0.34s, train loss: 0.0321, reconstruction loss: 0.0134]
2026-02-12 19:43:23,002 - INFO - epoch 730 training [time: 0.33s, train loss: 0.0322, reconstruction loss: 0.0133]
2026-02-12 19:43:23,339 - INFO - epoch 731 training [time: 0.34s, train loss: 0.0322, reconstruction loss: 0.0133]
2026-02-12 19:43:23,675 - INFO - epoch 732 training [time: 0.34s, train loss: 0.0322, reconstruction loss: 0.0133]
2026-02-12 19:43:24,016 - INFO - epoch 733 training [time: 0.34s, train loss: 0.0322, reconstruction loss: 0.0133]
2026-02-12 19:43:24,355 - INFO - epoch 734 training [time: 0.34s, train loss: 0.0323, reconstruction loss: 0.0134]
2026-02-12 19:43:24,697 - INFO - epoch 735 training [time: 0.34s, train loss: 0.0322, reconstruction loss: 0.0133]
2026-02-12 19:43:25,036 - INFO - epoch 736 training [time: 0.34s, train loss: 0.0322, reconstruction loss: 0.0133]
2026-02-12 19:43:25,378 - INFO - epoch 737 training [time: 0.34s, train loss: 0.0322, reconstruction loss: 0.0133]
2026-02-12 19:43:25,721 - INFO - epoch 738 training [time: 0.34s, train loss: 0.0322, reconstruction loss: 0.0133]
2026-02-12 19:43:26,062 - INFO - epoch 739 training [time: 0.34s, train loss: 0.0322, reconstruction loss: 0.0133]
2026-02-12 19:43:26,405 - INFO - epoch 740 training [time: 0.34s, train loss: 0.0322, reconstruction loss: 0.0133]
2026-02-12 19:43:26,746 - INFO - epoch 741 training [time: 0.34s, train loss: 0.0322, reconstruction loss: 0.0133]
2026-02-12 19:43:27,086 - INFO - epoch 742 training [time: 0.34s, train loss: 0.0322, reconstruction loss: 0.0133]
2026-02-12 19:43:27,426 - INFO - epoch 743 training [time: 0.34s, train loss: 0.0322, reconstruction loss: 0.0133]
2026-02-12 19:43:27,767 - INFO - epoch 744 training [time: 0.34s, train loss: 0.0322, reconstruction loss: 0.0133]
2026-02-12 19:43:28,106 - INFO - epoch 745 training [time: 0.34s, train loss: 0.0323, reconstruction loss: 0.0133]
2026-02-12 19:43:28,446 - INFO - epoch 746 training [time: 0.34s, train loss: 0.0323, reconstruction loss: 0.0133]
2026-02-12 19:43:28,782 - INFO - epoch 747 training [time: 0.34s, train loss: 0.0323, reconstruction loss: 0.0133]
2026-02-12 19:43:29,126 - INFO - epoch 748 training [time: 0.34s, train loss: 0.0323, reconstruction loss: 0.0133]
2026-02-12 19:43:29,467 - INFO - epoch 749 training [time: 0.34s, train loss: 0.0323, reconstruction loss: 0.0133]
2026-02-12 19:43:29,649 - INFO - epoch 749 evaluating [time: 0.18s, collision_rate: 0.055167]
2026-02-12 19:43:29,657 - INFO - Saving current/home/ming/news_rec/Data/ckpt/Feb-12-2026_19-39-07/epoch_749_collision_0.0552_model.pth
2026-02-12 19:43:30,000 - INFO - epoch 750 training [time: 0.34s, train loss: 0.0323, reconstruction loss: 0.0133]
2026-02-12 19:43:30,346 - INFO - epoch 751 training [time: 0.35s, train loss: 0.0322, reconstruction loss: 0.0133]
2026-02-12 19:43:30,689 - INFO - epoch 752 training [time: 0.34s, train loss: 0.0322, reconstruction loss: 0.0133]
2026-02-12 19:43:31,032 - INFO - epoch 753 training [time: 0.34s, train loss: 0.0323, reconstruction loss: 0.0133]
2026-02-12 19:43:31,374 - INFO - epoch 754 training [time: 0.34s, train loss: 0.0323, reconstruction loss: 0.0133]
2026-02-12 19:43:31,716 - INFO - epoch 755 training [time: 0.34s, train loss: 0.0323, reconstruction loss: 0.0133]
2026-02-12 19:43:32,069 - INFO - epoch 756 training [time: 0.35s, train loss: 0.0323, reconstruction loss: 0.0133]
2026-02-12 19:43:32,409 - INFO - epoch 757 training [time: 0.34s, train loss: 0.0324, reconstruction loss: 0.0133]
2026-02-12 19:43:32,749 - INFO - epoch 758 training [time: 0.34s, train loss: 0.0323, reconstruction loss: 0.0133]
2026-02-12 19:43:33,090 - INFO - epoch 759 training [time: 0.34s, train loss: 0.0323, reconstruction loss: 0.0133]
2026-02-12 19:43:33,433 - INFO - epoch 760 training [time: 0.34s, train loss: 0.0323, reconstruction loss: 0.0133]
2026-02-12 19:43:33,775 - INFO - epoch 761 training [time: 0.34s, train loss: 0.0323, reconstruction loss: 0.0133]
2026-02-12 19:43:34,112 - INFO - epoch 762 training [time: 0.34s, train loss: 0.0323, reconstruction loss: 0.0133]
2026-02-12 19:43:34,449 - INFO - epoch 763 training [time: 0.34s, train loss: 0.0323, reconstruction loss: 0.0133]
2026-02-12 19:43:34,786 - INFO - epoch 764 training [time: 0.34s, train loss: 0.0323, reconstruction loss: 0.0133]
2026-02-12 19:43:35,124 - INFO - epoch 765 training [time: 0.34s, train loss: 0.0323, reconstruction loss: 0.0133]
2026-02-12 19:43:35,464 - INFO - epoch 766 training [time: 0.34s, train loss: 0.0323, reconstruction loss: 0.0133]
2026-02-12 19:43:35,802 - INFO - epoch 767 training [time: 0.34s, train loss: 0.0323, reconstruction loss: 0.0133]
2026-02-12 19:43:36,150 - INFO - epoch 768 training [time: 0.35s, train loss: 0.0324, reconstruction loss: 0.0133]
2026-02-12 19:43:36,495 - INFO - epoch 769 training [time: 0.34s, train loss: 0.0323, reconstruction loss: 0.0133]
2026-02-12 19:43:36,837 - INFO - epoch 770 training [time: 0.34s, train loss: 0.0323, reconstruction loss: 0.0133]
2026-02-12 19:43:37,181 - INFO - epoch 771 training [time: 0.34s, train loss: 0.0324, reconstruction loss: 0.0133]
2026-02-12 19:43:37,521 - INFO - epoch 772 training [time: 0.34s, train loss: 0.0323, reconstruction loss: 0.0133]
2026-02-12 19:43:37,862 - INFO - epoch 773 training [time: 0.34s, train loss: 0.0324, reconstruction loss: 0.0133]
2026-02-12 19:43:38,201 - INFO - epoch 774 training [time: 0.34s, train loss: 0.0323, reconstruction loss: 0.0133]
2026-02-12 19:43:38,540 - INFO - epoch 775 training [time: 0.34s, train loss: 0.0324, reconstruction loss: 0.0133]
2026-02-12 19:43:38,880 - INFO - epoch 776 training [time: 0.34s, train loss: 0.0324, reconstruction loss: 0.0133]
2026-02-12 19:43:39,220 - INFO - epoch 777 training [time: 0.34s, train loss: 0.0324, reconstruction loss: 0.0133]
2026-02-12 19:43:39,560 - INFO - epoch 778 training [time: 0.34s, train loss: 0.0324, reconstruction loss: 0.0133]
2026-02-12 19:43:39,902 - INFO - epoch 779 training [time: 0.34s, train loss: 0.0324, reconstruction loss: 0.0133]
2026-02-12 19:43:40,246 - INFO - epoch 780 training [time: 0.34s, train loss: 0.0324, reconstruction loss: 0.0133]
2026-02-12 19:43:40,591 - INFO - epoch 781 training [time: 0.35s, train loss: 0.0324, reconstruction loss: 0.0133]
2026-02-12 19:43:40,935 - INFO - epoch 782 training [time: 0.34s, train loss: 0.0324, reconstruction loss: 0.0133]
2026-02-12 19:43:41,279 - INFO - epoch 783 training [time: 0.34s, train loss: 0.0324, reconstruction loss: 0.0133]
2026-02-12 19:43:41,621 - INFO - epoch 784 training [time: 0.34s, train loss: 0.0324, reconstruction loss: 0.0133]
2026-02-12 19:43:41,960 - INFO - epoch 785 training [time: 0.34s, train loss: 0.0325, reconstruction loss: 0.0133]
2026-02-12 19:43:42,293 - INFO - epoch 786 training [time: 0.33s, train loss: 0.0324, reconstruction loss: 0.0133]
2026-02-12 19:43:42,629 - INFO - epoch 787 training [time: 0.34s, train loss: 0.0325, reconstruction loss: 0.0133]
2026-02-12 19:43:42,967 - INFO - epoch 788 training [time: 0.34s, train loss: 0.0325, reconstruction loss: 0.0133]
2026-02-12 19:43:43,309 - INFO - epoch 789 training [time: 0.34s, train loss: 0.0325, reconstruction loss: 0.0133]
2026-02-12 19:43:43,650 - INFO - epoch 790 training [time: 0.34s, train loss: 0.0324, reconstruction loss: 0.0133]
2026-02-12 19:43:43,988 - INFO - epoch 791 training [time: 0.34s, train loss: 0.0325, reconstruction loss: 0.0133]
2026-02-12 19:43:44,334 - INFO - epoch 792 training [time: 0.35s, train loss: 0.0324, reconstruction loss: 0.0133]
2026-02-12 19:43:44,676 - INFO - epoch 793 training [time: 0.34s, train loss: 0.0325, reconstruction loss: 0.0133]
2026-02-12 19:43:45,018 - INFO - epoch 794 training [time: 0.34s, train loss: 0.0325, reconstruction loss: 0.0133]
2026-02-12 19:43:45,354 - INFO - epoch 795 training [time: 0.34s, train loss: 0.0325, reconstruction loss: 0.0133]
2026-02-12 19:43:45,693 - INFO - epoch 796 training [time: 0.34s, train loss: 0.0325, reconstruction loss: 0.0133]
2026-02-12 19:43:46,034 - INFO - epoch 797 training [time: 0.34s, train loss: 0.0325, reconstruction loss: 0.0133]
2026-02-12 19:43:46,374 - INFO - epoch 798 training [time: 0.34s, train loss: 0.0325, reconstruction loss: 0.0133]
2026-02-12 19:43:46,714 - INFO - epoch 799 training [time: 0.34s, train loss: 0.0325, reconstruction loss: 0.0133]
2026-02-12 19:43:46,892 - INFO - epoch 799 evaluating [time: 0.18s, collision_rate: 0.055980]
2026-02-12 19:43:46,900 - INFO - Saving current/home/ming/news_rec/Data/ckpt/Feb-12-2026_19-39-07/epoch_799_collision_0.0560_model.pth
2026-02-12 19:43:47,251 - INFO - epoch 800 training [time: 0.35s, train loss: 0.0325, reconstruction loss: 0.0133]
2026-02-12 19:43:47,589 - INFO - epoch 801 training [time: 0.34s, train loss: 0.0325, reconstruction loss: 0.0133]
2026-02-12 19:43:47,931 - INFO - epoch 802 training [time: 0.34s, train loss: 0.0325, reconstruction loss: 0.0133]
2026-02-12 19:43:48,269 - INFO - epoch 803 training [time: 0.34s, train loss: 0.0325, reconstruction loss: 0.0133]
2026-02-12 19:43:48,610 - INFO - epoch 804 training [time: 0.34s, train loss: 0.0325, reconstruction loss: 0.0133]
2026-02-12 19:43:48,948 - INFO - epoch 805 training [time: 0.34s, train loss: 0.0325, reconstruction loss: 0.0133]
2026-02-12 19:43:49,292 - INFO - epoch 806 training [time: 0.34s, train loss: 0.0325, reconstruction loss: 0.0133]
2026-02-12 19:43:49,631 - INFO - epoch 807 training [time: 0.34s, train loss: 0.0325, reconstruction loss: 0.0133]
2026-02-12 19:43:49,979 - INFO - epoch 808 training [time: 0.35s, train loss: 0.0325, reconstruction loss: 0.0133]
2026-02-12 19:43:50,322 - INFO - epoch 809 training [time: 0.34s, train loss: 0.0325, reconstruction loss: 0.0133]
2026-02-12 19:43:50,665 - INFO - epoch 810 training [time: 0.34s, train loss: 0.0325, reconstruction loss: 0.0133]
2026-02-12 19:43:51,012 - INFO - epoch 811 training [time: 0.35s, train loss: 0.0325, reconstruction loss: 0.0133]
2026-02-12 19:43:51,395 - INFO - epoch 812 training [time: 0.38s, train loss: 0.0326, reconstruction loss: 0.0133]
2026-02-12 19:43:51,740 - INFO - epoch 813 training [time: 0.34s, train loss: 0.0326, reconstruction loss: 0.0133]
2026-02-12 19:43:52,086 - INFO - epoch 814 training [time: 0.35s, train loss: 0.0326, reconstruction loss: 0.0133]
2026-02-12 19:43:52,425 - INFO - epoch 815 training [time: 0.34s, train loss: 0.0326, reconstruction loss: 0.0133]
2026-02-12 19:43:52,765 - INFO - epoch 816 training [time: 0.34s, train loss: 0.0326, reconstruction loss: 0.0133]
2026-02-12 19:43:53,103 - INFO - epoch 817 training [time: 0.34s, train loss: 0.0326, reconstruction loss: 0.0133]
2026-02-12 19:43:53,450 - INFO - epoch 818 training [time: 0.35s, train loss: 0.0326, reconstruction loss: 0.0133]
2026-02-12 19:43:53,790 - INFO - epoch 819 training [time: 0.34s, train loss: 0.0326, reconstruction loss: 0.0133]
2026-02-12 19:43:54,139 - INFO - epoch 820 training [time: 0.35s, train loss: 0.0326, reconstruction loss: 0.0133]
2026-02-12 19:43:54,482 - INFO - epoch 821 training [time: 0.34s, train loss: 0.0326, reconstruction loss: 0.0133]
2026-02-12 19:43:54,828 - INFO - epoch 822 training [time: 0.35s, train loss: 0.0326, reconstruction loss: 0.0133]
2026-02-12 19:43:55,166 - INFO - epoch 823 training [time: 0.34s, train loss: 0.0326, reconstruction loss: 0.0133]
2026-02-12 19:43:55,507 - INFO - epoch 824 training [time: 0.34s, train loss: 0.0326, reconstruction loss: 0.0133]
2026-02-12 19:43:55,850 - INFO - epoch 825 training [time: 0.34s, train loss: 0.0326, reconstruction loss: 0.0133]
2026-02-12 19:43:56,188 - INFO - epoch 826 training [time: 0.34s, train loss: 0.0326, reconstruction loss: 0.0133]
2026-02-12 19:43:56,526 - INFO - epoch 827 training [time: 0.34s, train loss: 0.0327, reconstruction loss: 0.0133]
2026-02-12 19:43:56,868 - INFO - epoch 828 training [time: 0.34s, train loss: 0.0327, reconstruction loss: 0.0133]
2026-02-12 19:43:57,212 - INFO - epoch 829 training [time: 0.34s, train loss: 0.0327, reconstruction loss: 0.0133]
2026-02-12 19:43:57,560 - INFO - epoch 830 training [time: 0.35s, train loss: 0.0327, reconstruction loss: 0.0133]
2026-02-12 19:43:57,900 - INFO - epoch 831 training [time: 0.34s, train loss: 0.0327, reconstruction loss: 0.0133]
2026-02-12 19:43:58,239 - INFO - epoch 832 training [time: 0.34s, train loss: 0.0327, reconstruction loss: 0.0133]
2026-02-12 19:43:58,580 - INFO - epoch 833 training [time: 0.34s, train loss: 0.0327, reconstruction loss: 0.0133]
2026-02-12 19:43:58,921 - INFO - epoch 834 training [time: 0.34s, train loss: 0.0327, reconstruction loss: 0.0133]
2026-02-12 19:43:59,262 - INFO - epoch 835 training [time: 0.34s, train loss: 0.0327, reconstruction loss: 0.0133]
2026-02-12 19:43:59,603 - INFO - epoch 836 training [time: 0.34s, train loss: 0.0326, reconstruction loss: 0.0133]
2026-02-12 19:43:59,945 - INFO - epoch 837 training [time: 0.34s, train loss: 0.0327, reconstruction loss: 0.0133]
2026-02-12 19:44:00,287 - INFO - epoch 838 training [time: 0.34s, train loss: 0.0327, reconstruction loss: 0.0133]
2026-02-12 19:44:00,627 - INFO - epoch 839 training [time: 0.34s, train loss: 0.0327, reconstruction loss: 0.0133]
2026-02-12 19:44:00,972 - INFO - epoch 840 training [time: 0.34s, train loss: 0.0327, reconstruction loss: 0.0133]
2026-02-12 19:44:01,311 - INFO - epoch 841 training [time: 0.34s, train loss: 0.0327, reconstruction loss: 0.0133]
2026-02-12 19:44:01,655 - INFO - epoch 842 training [time: 0.34s, train loss: 0.0327, reconstruction loss: 0.0133]
2026-02-12 19:44:01,992 - INFO - epoch 843 training [time: 0.34s, train loss: 0.0327, reconstruction loss: 0.0133]
2026-02-12 19:44:02,334 - INFO - epoch 844 training [time: 0.34s, train loss: 0.0327, reconstruction loss: 0.0133]
2026-02-12 19:44:02,685 - INFO - epoch 845 training [time: 0.35s, train loss: 0.0327, reconstruction loss: 0.0133]
2026-02-12 19:44:03,022 - INFO - epoch 846 training [time: 0.34s, train loss: 0.0326, reconstruction loss: 0.0133]
2026-02-12 19:44:03,362 - INFO - epoch 847 training [time: 0.34s, train loss: 0.0327, reconstruction loss: 0.0133]
2026-02-12 19:44:03,703 - INFO - epoch 848 training [time: 0.34s, train loss: 0.0327, reconstruction loss: 0.0133]
2026-02-12 19:44:04,042 - INFO - epoch 849 training [time: 0.34s, train loss: 0.0328, reconstruction loss: 0.0133]
2026-02-12 19:44:04,234 - INFO - epoch 849 evaluating [time: 0.19s, collision_rate: 0.055918]
2026-02-12 19:44:04,242 - INFO - Saving current/home/ming/news_rec/Data/ckpt/Feb-12-2026_19-39-07/epoch_849_collision_0.0559_model.pth
2026-02-12 19:44:04,580 - INFO - epoch 850 training [time: 0.34s, train loss: 0.0327, reconstruction loss: 0.0133]
2026-02-12 19:44:04,914 - INFO - epoch 851 training [time: 0.33s, train loss: 0.0327, reconstruction loss: 0.0133]
2026-02-12 19:44:05,255 - INFO - epoch 852 training [time: 0.34s, train loss: 0.0328, reconstruction loss: 0.0133]
2026-02-12 19:44:05,592 - INFO - epoch 853 training [time: 0.34s, train loss: 0.0328, reconstruction loss: 0.0133]
2026-02-12 19:44:05,944 - INFO - epoch 854 training [time: 0.35s, train loss: 0.0327, reconstruction loss: 0.0133]
2026-02-12 19:44:06,305 - INFO - epoch 855 training [time: 0.36s, train loss: 0.0327, reconstruction loss: 0.0133]
2026-02-12 19:44:06,643 - INFO - epoch 856 training [time: 0.34s, train loss: 0.0327, reconstruction loss: 0.0133]
2026-02-12 19:44:06,979 - INFO - epoch 857 training [time: 0.34s, train loss: 0.0327, reconstruction loss: 0.0133]
2026-02-12 19:44:07,318 - INFO - epoch 858 training [time: 0.34s, train loss: 0.0327, reconstruction loss: 0.0133]
2026-02-12 19:44:07,660 - INFO - epoch 859 training [time: 0.34s, train loss: 0.0327, reconstruction loss: 0.0133]
2026-02-12 19:44:07,999 - INFO - epoch 860 training [time: 0.34s, train loss: 0.0328, reconstruction loss: 0.0133]
2026-02-12 19:44:08,339 - INFO - epoch 861 training [time: 0.34s, train loss: 0.0328, reconstruction loss: 0.0133]
2026-02-12 19:44:08,677 - INFO - epoch 862 training [time: 0.34s, train loss: 0.0328, reconstruction loss: 0.0133]
2026-02-12 19:44:09,020 - INFO - epoch 863 training [time: 0.34s, train loss: 0.0328, reconstruction loss: 0.0133]
2026-02-12 19:44:09,360 - INFO - epoch 864 training [time: 0.34s, train loss: 0.0328, reconstruction loss: 0.0133]
2026-02-12 19:44:09,702 - INFO - epoch 865 training [time: 0.34s, train loss: 0.0328, reconstruction loss: 0.0133]
2026-02-12 19:44:10,044 - INFO - epoch 866 training [time: 0.34s, train loss: 0.0328, reconstruction loss: 0.0133]
2026-02-12 19:44:10,384 - INFO - epoch 867 training [time: 0.34s, train loss: 0.0329, reconstruction loss: 0.0133]
2026-02-12 19:44:10,726 - INFO - epoch 868 training [time: 0.34s, train loss: 0.0328, reconstruction loss: 0.0133]
2026-02-12 19:44:11,064 - INFO - epoch 869 training [time: 0.34s, train loss: 0.0328, reconstruction loss: 0.0133]
2026-02-12 19:44:11,407 - INFO - epoch 870 training [time: 0.34s, train loss: 0.0329, reconstruction loss: 0.0133]
2026-02-12 19:44:11,749 - INFO - epoch 871 training [time: 0.34s, train loss: 0.0328, reconstruction loss: 0.0133]
2026-02-12 19:44:12,091 - INFO - epoch 872 training [time: 0.34s, train loss: 0.0328, reconstruction loss: 0.0133]
2026-02-12 19:44:12,433 - INFO - epoch 873 training [time: 0.34s, train loss: 0.0329, reconstruction loss: 0.0133]
2026-02-12 19:44:12,773 - INFO - epoch 874 training [time: 0.34s, train loss: 0.0328, reconstruction loss: 0.0133]
2026-02-12 19:44:13,113 - INFO - epoch 875 training [time: 0.34s, train loss: 0.0329, reconstruction loss: 0.0133]
2026-02-12 19:44:13,453 - INFO - epoch 876 training [time: 0.34s, train loss: 0.0329, reconstruction loss: 0.0133]
2026-02-12 19:44:13,793 - INFO - epoch 877 training [time: 0.34s, train loss: 0.0329, reconstruction loss: 0.0133]
2026-02-12 19:44:14,132 - INFO - epoch 878 training [time: 0.34s, train loss: 0.0329, reconstruction loss: 0.0133]
2026-02-12 19:44:14,477 - INFO - epoch 879 training [time: 0.35s, train loss: 0.0329, reconstruction loss: 0.0133]
2026-02-12 19:44:14,813 - INFO - epoch 880 training [time: 0.34s, train loss: 0.0329, reconstruction loss: 0.0133]
2026-02-12 19:44:15,155 - INFO - epoch 881 training [time: 0.34s, train loss: 0.0329, reconstruction loss: 0.0133]
2026-02-12 19:44:15,497 - INFO - epoch 882 training [time: 0.34s, train loss: 0.0329, reconstruction loss: 0.0133]
2026-02-12 19:44:15,837 - INFO - epoch 883 training [time: 0.34s, train loss: 0.0329, reconstruction loss: 0.0133]
2026-02-12 19:44:16,176 - INFO - epoch 884 training [time: 0.34s, train loss: 0.0329, reconstruction loss: 0.0133]
2026-02-12 19:44:16,518 - INFO - epoch 885 training [time: 0.34s, train loss: 0.0329, reconstruction loss: 0.0133]
2026-02-12 19:44:16,858 - INFO - epoch 886 training [time: 0.34s, train loss: 0.0329, reconstruction loss: 0.0133]
2026-02-12 19:44:17,202 - INFO - epoch 887 training [time: 0.34s, train loss: 0.0329, reconstruction loss: 0.0133]
2026-02-12 19:44:17,538 - INFO - epoch 888 training [time: 0.34s, train loss: 0.0329, reconstruction loss: 0.0133]
2026-02-12 19:44:17,879 - INFO - epoch 889 training [time: 0.34s, train loss: 0.0329, reconstruction loss: 0.0133]
2026-02-12 19:44:18,215 - INFO - epoch 890 training [time: 0.34s, train loss: 0.0329, reconstruction loss: 0.0133]
2026-02-12 19:44:18,560 - INFO - epoch 891 training [time: 0.35s, train loss: 0.0329, reconstruction loss: 0.0133]
2026-02-12 19:44:18,899 - INFO - epoch 892 training [time: 0.34s, train loss: 0.0329, reconstruction loss: 0.0133]
2026-02-12 19:44:19,240 - INFO - epoch 893 training [time: 0.34s, train loss: 0.0329, reconstruction loss: 0.0133]
2026-02-12 19:44:19,584 - INFO - epoch 894 training [time: 0.34s, train loss: 0.0329, reconstruction loss: 0.0133]
2026-02-12 19:44:19,926 - INFO - epoch 895 training [time: 0.34s, train loss: 0.0329, reconstruction loss: 0.0133]
2026-02-12 19:44:20,269 - INFO - epoch 896 training [time: 0.34s, train loss: 0.0329, reconstruction loss: 0.0133]
2026-02-12 19:44:20,609 - INFO - epoch 897 training [time: 0.34s, train loss: 0.0329, reconstruction loss: 0.0133]
2026-02-12 19:44:20,949 - INFO - epoch 898 training [time: 0.34s, train loss: 0.0329, reconstruction loss: 0.0133]
2026-02-12 19:44:21,297 - INFO - epoch 899 training [time: 0.35s, train loss: 0.0329, reconstruction loss: 0.0133]
2026-02-12 19:44:21,486 - INFO - epoch 899 evaluating [time: 0.19s, collision_rate: 0.055535]
2026-02-12 19:44:21,494 - INFO - Saving current/home/ming/news_rec/Data/ckpt/Feb-12-2026_19-39-07/epoch_899_collision_0.0555_model.pth
2026-02-12 19:44:21,832 - INFO - epoch 900 training [time: 0.34s, train loss: 0.0330, reconstruction loss: 0.0133]
2026-02-12 19:44:22,182 - INFO - epoch 901 training [time: 0.35s, train loss: 0.0330, reconstruction loss: 0.0133]
2026-02-12 19:44:22,527 - INFO - epoch 902 training [time: 0.34s, train loss: 0.0330, reconstruction loss: 0.0133]
2026-02-12 19:44:22,869 - INFO - epoch 903 training [time: 0.34s, train loss: 0.0330, reconstruction loss: 0.0133]
2026-02-12 19:44:23,208 - INFO - epoch 904 training [time: 0.34s, train loss: 0.0329, reconstruction loss: 0.0133]
2026-02-12 19:44:23,542 - INFO - epoch 905 training [time: 0.33s, train loss: 0.0330, reconstruction loss: 0.0133]
2026-02-12 19:44:23,880 - INFO - epoch 906 training [time: 0.34s, train loss: 0.0330, reconstruction loss: 0.0133]
2026-02-12 19:44:24,223 - INFO - epoch 907 training [time: 0.34s, train loss: 0.0330, reconstruction loss: 0.0133]
2026-02-12 19:44:24,565 - INFO - epoch 908 training [time: 0.34s, train loss: 0.0330, reconstruction loss: 0.0133]
2026-02-12 19:44:24,906 - INFO - epoch 909 training [time: 0.34s, train loss: 0.0330, reconstruction loss: 0.0133]
2026-02-12 19:44:25,253 - INFO - epoch 910 training [time: 0.35s, train loss: 0.0331, reconstruction loss: 0.0133]
2026-02-12 19:44:25,596 - INFO - epoch 911 training [time: 0.34s, train loss: 0.0330, reconstruction loss: 0.0133]
2026-02-12 19:44:25,935 - INFO - epoch 912 training [time: 0.34s, train loss: 0.0330, reconstruction loss: 0.0133]
2026-02-12 19:44:26,281 - INFO - epoch 913 training [time: 0.35s, train loss: 0.0330, reconstruction loss: 0.0133]
2026-02-12 19:44:26,614 - INFO - epoch 914 training [time: 0.33s, train loss: 0.0330, reconstruction loss: 0.0133]
2026-02-12 19:44:26,958 - INFO - epoch 915 training [time: 0.34s, train loss: 0.0330, reconstruction loss: 0.0133]
2026-02-12 19:44:27,302 - INFO - epoch 916 training [time: 0.34s, train loss: 0.0330, reconstruction loss: 0.0133]
2026-02-12 19:44:27,637 - INFO - epoch 917 training [time: 0.33s, train loss: 0.0330, reconstruction loss: 0.0133]
2026-02-12 19:44:27,980 - INFO - epoch 918 training [time: 0.34s, train loss: 0.0330, reconstruction loss: 0.0133]
2026-02-12 19:44:28,321 - INFO - epoch 919 training [time: 0.34s, train loss: 0.0330, reconstruction loss: 0.0133]
2026-02-12 19:44:28,665 - INFO - epoch 920 training [time: 0.34s, train loss: 0.0330, reconstruction loss: 0.0133]
2026-02-12 19:44:29,003 - INFO - epoch 921 training [time: 0.34s, train loss: 0.0331, reconstruction loss: 0.0133]
2026-02-12 19:44:29,352 - INFO - epoch 922 training [time: 0.35s, train loss: 0.0331, reconstruction loss: 0.0133]
2026-02-12 19:44:29,690 - INFO - epoch 923 training [time: 0.34s, train loss: 0.0330, reconstruction loss: 0.0133]
2026-02-12 19:44:30,034 - INFO - epoch 924 training [time: 0.34s, train loss: 0.0330, reconstruction loss: 0.0133]
2026-02-12 19:44:30,378 - INFO - epoch 925 training [time: 0.34s, train loss: 0.0330, reconstruction loss: 0.0133]
2026-02-12 19:44:30,717 - INFO - epoch 926 training [time: 0.34s, train loss: 0.0330, reconstruction loss: 0.0133]
2026-02-12 19:44:31,055 - INFO - epoch 927 training [time: 0.34s, train loss: 0.0330, reconstruction loss: 0.0133]
2026-02-12 19:44:31,394 - INFO - epoch 928 training [time: 0.34s, train loss: 0.0330, reconstruction loss: 0.0133]
2026-02-12 19:44:31,737 - INFO - epoch 929 training [time: 0.34s, train loss: 0.0330, reconstruction loss: 0.0133]
2026-02-12 19:44:32,080 - INFO - epoch 930 training [time: 0.34s, train loss: 0.0331, reconstruction loss: 0.0133]
2026-02-12 19:44:32,419 - INFO - epoch 931 training [time: 0.34s, train loss: 0.0330, reconstruction loss: 0.0133]
2026-02-12 19:44:32,762 - INFO - epoch 932 training [time: 0.34s, train loss: 0.0331, reconstruction loss: 0.0133]
2026-02-12 19:44:33,108 - INFO - epoch 933 training [time: 0.35s, train loss: 0.0331, reconstruction loss: 0.0133]
2026-02-12 19:44:33,446 - INFO - epoch 934 training [time: 0.34s, train loss: 0.0331, reconstruction loss: 0.0133]
2026-02-12 19:44:33,784 - INFO - epoch 935 training [time: 0.34s, train loss: 0.0331, reconstruction loss: 0.0133]
2026-02-12 19:44:34,125 - INFO - epoch 936 training [time: 0.34s, train loss: 0.0331, reconstruction loss: 0.0133]
2026-02-12 19:44:34,466 - INFO - epoch 937 training [time: 0.34s, train loss: 0.0331, reconstruction loss: 0.0133]
2026-02-12 19:44:34,809 - INFO - epoch 938 training [time: 0.34s, train loss: 0.0331, reconstruction loss: 0.0133]
2026-02-12 19:44:35,148 - INFO - epoch 939 training [time: 0.34s, train loss: 0.0332, reconstruction loss: 0.0133]
2026-02-12 19:44:35,490 - INFO - epoch 940 training [time: 0.34s, train loss: 0.0331, reconstruction loss: 0.0133]
2026-02-12 19:44:35,830 - INFO - epoch 941 training [time: 0.34s, train loss: 0.0331, reconstruction loss: 0.0133]
2026-02-12 19:44:36,177 - INFO - epoch 942 training [time: 0.35s, train loss: 0.0331, reconstruction loss: 0.0133]
2026-02-12 19:44:36,519 - INFO - epoch 943 training [time: 0.34s, train loss: 0.0332, reconstruction loss: 0.0133]
2026-02-12 19:44:36,863 - INFO - epoch 944 training [time: 0.34s, train loss: 0.0331, reconstruction loss: 0.0133]
2026-02-12 19:44:37,204 - INFO - epoch 945 training [time: 0.34s, train loss: 0.0331, reconstruction loss: 0.0133]
2026-02-12 19:44:37,547 - INFO - epoch 946 training [time: 0.34s, train loss: 0.0332, reconstruction loss: 0.0133]
2026-02-12 19:44:37,885 - INFO - epoch 947 training [time: 0.34s, train loss: 0.0331, reconstruction loss: 0.0133]
2026-02-12 19:44:38,227 - INFO - epoch 948 training [time: 0.34s, train loss: 0.0331, reconstruction loss: 0.0132]
2026-02-12 19:44:38,566 - INFO - epoch 949 training [time: 0.34s, train loss: 0.0330, reconstruction loss: 0.0132]
2026-02-12 19:44:38,752 - INFO - epoch 949 evaluating [time: 0.19s, collision_rate: 0.055734]
2026-02-12 19:44:38,760 - INFO - Saving current/home/ming/news_rec/Data/ckpt/Feb-12-2026_19-39-07/epoch_949_collision_0.0557_model.pth
2026-02-12 19:44:39,104 - INFO - epoch 950 training [time: 0.34s, train loss: 0.0331, reconstruction loss: 0.0133]
2026-02-12 19:44:39,447 - INFO - epoch 951 training [time: 0.34s, train loss: 0.0331, reconstruction loss: 0.0133]
2026-02-12 19:44:39,796 - INFO - epoch 952 training [time: 0.35s, train loss: 0.0331, reconstruction loss: 0.0133]
2026-02-12 19:44:40,133 - INFO - epoch 953 training [time: 0.34s, train loss: 0.0332, reconstruction loss: 0.0133]
2026-02-12 19:44:40,470 - INFO - epoch 954 training [time: 0.34s, train loss: 0.0331, reconstruction loss: 0.0133]
2026-02-12 19:44:40,813 - INFO - epoch 955 training [time: 0.34s, train loss: 0.0331, reconstruction loss: 0.0133]
2026-02-12 19:44:41,158 - INFO - epoch 956 training [time: 0.35s, train loss: 0.0331, reconstruction loss: 0.0133]
2026-02-12 19:44:41,501 - INFO - epoch 957 training [time: 0.34s, train loss: 0.0332, reconstruction loss: 0.0133]
2026-02-12 19:44:41,837 - INFO - epoch 958 training [time: 0.34s, train loss: 0.0331, reconstruction loss: 0.0132]
2026-02-12 19:44:42,173 - INFO - epoch 959 training [time: 0.34s, train loss: 0.0330, reconstruction loss: 0.0132]
2026-02-12 19:44:42,515 - INFO - epoch 960 training [time: 0.34s, train loss: 0.0331, reconstruction loss: 0.0133]
2026-02-12 19:44:42,852 - INFO - epoch 961 training [time: 0.34s, train loss: 0.0332, reconstruction loss: 0.0133]
2026-02-12 19:44:43,196 - INFO - epoch 962 training [time: 0.34s, train loss: 0.0332, reconstruction loss: 0.0132]
2026-02-12 19:44:43,536 - INFO - epoch 963 training [time: 0.34s, train loss: 0.0332, reconstruction loss: 0.0132]
2026-02-12 19:44:43,878 - INFO - epoch 964 training [time: 0.34s, train loss: 0.0332, reconstruction loss: 0.0133]
2026-02-12 19:44:44,214 - INFO - epoch 965 training [time: 0.34s, train loss: 0.0332, reconstruction loss: 0.0132]
2026-02-12 19:44:44,550 - INFO - epoch 966 training [time: 0.34s, train loss: 0.0332, reconstruction loss: 0.0132]
2026-02-12 19:44:44,889 - INFO - epoch 967 training [time: 0.34s, train loss: 0.0332, reconstruction loss: 0.0132]
2026-02-12 19:44:45,223 - INFO - epoch 968 training [time: 0.33s, train loss: 0.0332, reconstruction loss: 0.0132]
2026-02-12 19:44:45,562 - INFO - epoch 969 training [time: 0.34s, train loss: 0.0332, reconstruction loss: 0.0132]
2026-02-12 19:44:45,905 - INFO - epoch 970 training [time: 0.34s, train loss: 0.0332, reconstruction loss: 0.0132]
2026-02-12 19:44:46,248 - INFO - epoch 971 training [time: 0.34s, train loss: 0.0332, reconstruction loss: 0.0132]
2026-02-12 19:44:46,590 - INFO - epoch 972 training [time: 0.34s, train loss: 0.0332, reconstruction loss: 0.0132]
2026-02-12 19:44:46,929 - INFO - epoch 973 training [time: 0.34s, train loss: 0.0332, reconstruction loss: 0.0133]
2026-02-12 19:44:47,274 - INFO - epoch 974 training [time: 0.35s, train loss: 0.0332, reconstruction loss: 0.0132]
2026-02-12 19:44:47,615 - INFO - epoch 975 training [time: 0.34s, train loss: 0.0332, reconstruction loss: 0.0132]
2026-02-12 19:44:47,956 - INFO - epoch 976 training [time: 0.34s, train loss: 0.0332, reconstruction loss: 0.0132]
2026-02-12 19:44:48,297 - INFO - epoch 977 training [time: 0.34s, train loss: 0.0332, reconstruction loss: 0.0132]
2026-02-12 19:44:48,631 - INFO - epoch 978 training [time: 0.33s, train loss: 0.0332, reconstruction loss: 0.0132]
2026-02-12 19:44:48,977 - INFO - epoch 979 training [time: 0.35s, train loss: 0.0332, reconstruction loss: 0.0132]
2026-02-12 19:44:49,315 - INFO - epoch 980 training [time: 0.34s, train loss: 0.0332, reconstruction loss: 0.0132]
2026-02-12 19:44:49,653 - INFO - epoch 981 training [time: 0.34s, train loss: 0.0333, reconstruction loss: 0.0132]
2026-02-12 19:44:50,001 - INFO - epoch 982 training [time: 0.35s, train loss: 0.0332, reconstruction loss: 0.0132]
2026-02-12 19:44:50,346 - INFO - epoch 983 training [time: 0.35s, train loss: 0.0332, reconstruction loss: 0.0132]
2026-02-12 19:44:50,692 - INFO - epoch 984 training [time: 0.35s, train loss: 0.0332, reconstruction loss: 0.0132]
2026-02-12 19:44:51,034 - INFO - epoch 985 training [time: 0.34s, train loss: 0.0332, reconstruction loss: 0.0132]
2026-02-12 19:44:51,388 - INFO - epoch 986 training [time: 0.35s, train loss: 0.0332, reconstruction loss: 0.0132]
2026-02-12 19:44:51,732 - INFO - epoch 987 training [time: 0.34s, train loss: 0.0333, reconstruction loss: 0.0132]
2026-02-12 19:44:52,069 - INFO - epoch 988 training [time: 0.34s, train loss: 0.0332, reconstruction loss: 0.0132]
2026-02-12 19:44:52,407 - INFO - epoch 989 training [time: 0.34s, train loss: 0.0332, reconstruction loss: 0.0132]
2026-02-12 19:44:52,750 - INFO - epoch 990 training [time: 0.34s, train loss: 0.0333, reconstruction loss: 0.0132]
2026-02-12 19:44:53,090 - INFO - epoch 991 training [time: 0.34s, train loss: 0.0332, reconstruction loss: 0.0132]
2026-02-12 19:44:53,427 - INFO - epoch 992 training [time: 0.34s, train loss: 0.0333, reconstruction loss: 0.0132]
2026-02-12 19:44:53,766 - INFO - epoch 993 training [time: 0.34s, train loss: 0.0333, reconstruction loss: 0.0132]
2026-02-12 19:44:54,106 - INFO - epoch 994 training [time: 0.34s, train loss: 0.0333, reconstruction loss: 0.0132]
2026-02-12 19:44:54,447 - INFO - epoch 995 training [time: 0.34s, train loss: 0.0333, reconstruction loss: 0.0132]
2026-02-12 19:44:54,788 - INFO - epoch 996 training [time: 0.34s, train loss: 0.0333, reconstruction loss: 0.0132]
2026-02-12 19:44:55,128 - INFO - epoch 997 training [time: 0.34s, train loss: 0.0333, reconstruction loss: 0.0132]
2026-02-12 19:44:55,467 - INFO - epoch 998 training [time: 0.34s, train loss: 0.0333, reconstruction loss: 0.0132]
2026-02-12 19:44:55,807 - INFO - epoch 999 training [time: 0.34s, train loss: 0.0333, reconstruction loss: 0.0132]
2026-02-12 19:44:55,992 - INFO - epoch 999 evaluating [time: 0.19s, collision_rate: 0.055336]
2026-02-12 19:44:56,000 - INFO - Saving current/home/ming/news_rec/Data/ckpt/Feb-12-2026_19-39-07/epoch_999_collision_0.0553_model.pth
2026-02-12 19:44:56,342 - INFO - epoch 1000 training [time: 0.34s, train loss: 0.0333, reconstruction loss: 0.0132]
2026-02-12 19:44:56,681 - INFO - epoch 1001 training [time: 0.34s, train loss: 0.0333, reconstruction loss: 0.0132]
2026-02-12 19:44:57,021 - INFO - epoch 1002 training [time: 0.34s, train loss: 0.0333, reconstruction loss: 0.0132]
2026-02-12 19:44:57,365 - INFO - epoch 1003 training [time: 0.34s, train loss: 0.0334, reconstruction loss: 0.0132]
2026-02-12 19:44:57,705 - INFO - epoch 1004 training [time: 0.34s, train loss: 0.0333, reconstruction loss: 0.0132]
2026-02-12 19:44:58,041 - INFO - epoch 1005 training [time: 0.34s, train loss: 0.0333, reconstruction loss: 0.0132]
2026-02-12 19:44:58,380 - INFO - epoch 1006 training [time: 0.34s, train loss: 0.0333, reconstruction loss: 0.0132]
2026-02-12 19:44:58,724 - INFO - epoch 1007 training [time: 0.34s, train loss: 0.0333, reconstruction loss: 0.0132]
2026-02-12 19:44:59,062 - INFO - epoch 1008 training [time: 0.34s, train loss: 0.0333, reconstruction loss: 0.0132]
2026-02-12 19:44:59,402 - INFO - epoch 1009 training [time: 0.34s, train loss: 0.0333, reconstruction loss: 0.0132]
2026-02-12 19:44:59,747 - INFO - epoch 1010 training [time: 0.34s, train loss: 0.0333, reconstruction loss: 0.0132]
2026-02-12 19:45:00,085 - INFO - epoch 1011 training [time: 0.34s, train loss: 0.0334, reconstruction loss: 0.0132]
2026-02-12 19:45:00,425 - INFO - epoch 1012 training [time: 0.34s, train loss: 0.0333, reconstruction loss: 0.0132]
2026-02-12 19:45:00,763 - INFO - epoch 1013 training [time: 0.34s, train loss: 0.0334, reconstruction loss: 0.0132]
2026-02-12 19:45:01,110 - INFO - epoch 1014 training [time: 0.35s, train loss: 0.0333, reconstruction loss: 0.0132]
2026-02-12 19:45:01,447 - INFO - epoch 1015 training [time: 0.34s, train loss: 0.0334, reconstruction loss: 0.0132]
2026-02-12 19:45:01,785 - INFO - epoch 1016 training [time: 0.34s, train loss: 0.0333, reconstruction loss: 0.0132]
2026-02-12 19:45:02,124 - INFO - epoch 1017 training [time: 0.34s, train loss: 0.0334, reconstruction loss: 0.0132]
2026-02-12 19:45:02,466 - INFO - epoch 1018 training [time: 0.34s, train loss: 0.0333, reconstruction loss: 0.0132]
2026-02-12 19:45:02,808 - INFO - epoch 1019 training [time: 0.34s, train loss: 0.0334, reconstruction loss: 0.0132]
2026-02-12 19:45:03,146 - INFO - epoch 1020 training [time: 0.34s, train loss: 0.0334, reconstruction loss: 0.0132]
2026-02-12 19:45:03,488 - INFO - epoch 1021 training [time: 0.34s, train loss: 0.0334, reconstruction loss: 0.0132]
2026-02-12 19:45:03,831 - INFO - epoch 1022 training [time: 0.34s, train loss: 0.0334, reconstruction loss: 0.0132]
2026-02-12 19:45:04,172 - INFO - epoch 1023 training [time: 0.34s, train loss: 0.0334, reconstruction loss: 0.0132]
2026-02-12 19:45:04,511 - INFO - epoch 1024 training [time: 0.34s, train loss: 0.0334, reconstruction loss: 0.0132]
2026-02-12 19:45:04,846 - INFO - epoch 1025 training [time: 0.34s, train loss: 0.0334, reconstruction loss: 0.0132]
2026-02-12 19:45:05,183 - INFO - epoch 1026 training [time: 0.34s, train loss: 0.0334, reconstruction loss: 0.0132]
2026-02-12 19:45:05,520 - INFO - epoch 1027 training [time: 0.34s, train loss: 0.0334, reconstruction loss: 0.0132]
2026-02-12 19:45:05,857 - INFO - epoch 1028 training [time: 0.34s, train loss: 0.0334, reconstruction loss: 0.0132]
2026-02-12 19:45:06,210 - INFO - epoch 1029 training [time: 0.35s, train loss: 0.0334, reconstruction loss: 0.0132]
2026-02-12 19:45:06,551 - INFO - epoch 1030 training [time: 0.34s, train loss: 0.0334, reconstruction loss: 0.0132]
2026-02-12 19:45:06,890 - INFO - epoch 1031 training [time: 0.34s, train loss: 0.0334, reconstruction loss: 0.0132]
2026-02-12 19:45:07,232 - INFO - epoch 1032 training [time: 0.34s, train loss: 0.0334, reconstruction loss: 0.0132]
2026-02-12 19:45:07,573 - INFO - epoch 1033 training [time: 0.34s, train loss: 0.0334, reconstruction loss: 0.0132]
2026-02-12 19:45:07,917 - INFO - epoch 1034 training [time: 0.34s, train loss: 0.0334, reconstruction loss: 0.0132]
2026-02-12 19:45:08,260 - INFO - epoch 1035 training [time: 0.34s, train loss: 0.0333, reconstruction loss: 0.0132]
2026-02-12 19:45:08,597 - INFO - epoch 1036 training [time: 0.34s, train loss: 0.0334, reconstruction loss: 0.0132]
2026-02-12 19:45:08,941 - INFO - epoch 1037 training [time: 0.34s, train loss: 0.0333, reconstruction loss: 0.0132]
2026-02-12 19:45:09,285 - INFO - epoch 1038 training [time: 0.34s, train loss: 0.0333, reconstruction loss: 0.0132]
2026-02-12 19:45:09,618 - INFO - epoch 1039 training [time: 0.33s, train loss: 0.0333, reconstruction loss: 0.0132]
2026-02-12 19:45:09,964 - INFO - epoch 1040 training [time: 0.35s, train loss: 0.0334, reconstruction loss: 0.0132]
2026-02-12 19:45:10,304 - INFO - epoch 1041 training [time: 0.34s, train loss: 0.0334, reconstruction loss: 0.0132]
2026-02-12 19:45:10,642 - INFO - epoch 1042 training [time: 0.34s, train loss: 0.0334, reconstruction loss: 0.0132]
2026-02-12 19:45:10,981 - INFO - epoch 1043 training [time: 0.34s, train loss: 0.0334, reconstruction loss: 0.0132]
2026-02-12 19:45:11,325 - INFO - epoch 1044 training [time: 0.34s, train loss: 0.0334, reconstruction loss: 0.0132]
2026-02-12 19:45:11,669 - INFO - epoch 1045 training [time: 0.34s, train loss: 0.0334, reconstruction loss: 0.0132]
2026-02-12 19:45:12,019 - INFO - epoch 1046 training [time: 0.35s, train loss: 0.0334, reconstruction loss: 0.0132]
2026-02-12 19:45:12,359 - INFO - epoch 1047 training [time: 0.34s, train loss: 0.0334, reconstruction loss: 0.0132]
2026-02-12 19:45:12,701 - INFO - epoch 1048 training [time: 0.34s, train loss: 0.0334, reconstruction loss: 0.0132]
2026-02-12 19:45:13,045 - INFO - epoch 1049 training [time: 0.34s, train loss: 0.0334, reconstruction loss: 0.0132]
2026-02-12 19:45:13,217 - INFO - epoch 1049 evaluating [time: 0.17s, collision_rate: 0.056363]
2026-02-12 19:45:13,225 - INFO - Saving current/home/ming/news_rec/Data/ckpt/Feb-12-2026_19-39-07/epoch_1049_collision_0.0564_model.pth
2026-02-12 19:45:13,569 - INFO - epoch 1050 training [time: 0.34s, train loss: 0.0335, reconstruction loss: 0.0132]
2026-02-12 19:45:13,908 - INFO - epoch 1051 training [time: 0.34s, train loss: 0.0334, reconstruction loss: 0.0132]
2026-02-12 19:45:14,247 - INFO - epoch 1052 training [time: 0.34s, train loss: 0.0335, reconstruction loss: 0.0132]
2026-02-12 19:45:14,587 - INFO - epoch 1053 training [time: 0.34s, train loss: 0.0334, reconstruction loss: 0.0132]
2026-02-12 19:45:14,926 - INFO - epoch 1054 training [time: 0.34s, train loss: 0.0334, reconstruction loss: 0.0132]
2026-02-12 19:45:15,264 - INFO - epoch 1055 training [time: 0.34s, train loss: 0.0334, reconstruction loss: 0.0132]
2026-02-12 19:45:15,603 - INFO - epoch 1056 training [time: 0.34s, train loss: 0.0334, reconstruction loss: 0.0132]
2026-02-12 19:45:15,942 - INFO - epoch 1057 training [time: 0.34s, train loss: 0.0334, reconstruction loss: 0.0132]
2026-02-12 19:45:16,282 - INFO - epoch 1058 training [time: 0.34s, train loss: 0.0335, reconstruction loss: 0.0132]
2026-02-12 19:45:16,619 - INFO - epoch 1059 training [time: 0.34s, train loss: 0.0334, reconstruction loss: 0.0132]
2026-02-12 19:45:16,956 - INFO - epoch 1060 training [time: 0.34s, train loss: 0.0334, reconstruction loss: 0.0132]
2026-02-12 19:45:17,299 - INFO - epoch 1061 training [time: 0.34s, train loss: 0.0334, reconstruction loss: 0.0132]
2026-02-12 19:45:17,637 - INFO - epoch 1062 training [time: 0.34s, train loss: 0.0334, reconstruction loss: 0.0132]
2026-02-12 19:45:17,979 - INFO - epoch 1063 training [time: 0.34s, train loss: 0.0335, reconstruction loss: 0.0132]
2026-02-12 19:45:18,318 - INFO - epoch 1064 training [time: 0.34s, train loss: 0.0334, reconstruction loss: 0.0132]
2026-02-12 19:45:18,652 - INFO - epoch 1065 training [time: 0.33s, train loss: 0.0334, reconstruction loss: 0.0132]
2026-02-12 19:45:18,992 - INFO - epoch 1066 training [time: 0.34s, train loss: 0.0334, reconstruction loss: 0.0132]
2026-02-12 19:45:19,326 - INFO - epoch 1067 training [time: 0.33s, train loss: 0.0335, reconstruction loss: 0.0132]
2026-02-12 19:45:19,664 - INFO - epoch 1068 training [time: 0.34s, train loss: 0.0335, reconstruction loss: 0.0132]
2026-02-12 19:45:19,999 - INFO - epoch 1069 training [time: 0.33s, train loss: 0.0334, reconstruction loss: 0.0132]
2026-02-12 19:45:20,343 - INFO - epoch 1070 training [time: 0.34s, train loss: 0.0335, reconstruction loss: 0.0132]
2026-02-12 19:45:20,685 - INFO - epoch 1071 training [time: 0.34s, train loss: 0.0334, reconstruction loss: 0.0132]
2026-02-12 19:45:21,026 - INFO - epoch 1072 training [time: 0.34s, train loss: 0.0335, reconstruction loss: 0.0132]
2026-02-12 19:45:21,381 - INFO - epoch 1073 training [time: 0.36s, train loss: 0.0335, reconstruction loss: 0.0132]
2026-02-12 19:45:21,725 - INFO - epoch 1074 training [time: 0.34s, train loss: 0.0335, reconstruction loss: 0.0132]
2026-02-12 19:45:22,063 - INFO - epoch 1075 training [time: 0.34s, train loss: 0.0335, reconstruction loss: 0.0132]
2026-02-12 19:45:22,405 - INFO - epoch 1076 training [time: 0.34s, train loss: 0.0335, reconstruction loss: 0.0132]
2026-02-12 19:45:22,743 - INFO - epoch 1077 training [time: 0.34s, train loss: 0.0335, reconstruction loss: 0.0132]
2026-02-12 19:45:23,079 - INFO - epoch 1078 training [time: 0.34s, train loss: 0.0335, reconstruction loss: 0.0132]
2026-02-12 19:45:23,425 - INFO - epoch 1079 training [time: 0.35s, train loss: 0.0335, reconstruction loss: 0.0132]
2026-02-12 19:45:23,762 - INFO - epoch 1080 training [time: 0.34s, train loss: 0.0335, reconstruction loss: 0.0132]
2026-02-12 19:45:24,101 - INFO - epoch 1081 training [time: 0.34s, train loss: 0.0335, reconstruction loss: 0.0132]
2026-02-12 19:45:24,438 - INFO - epoch 1082 training [time: 0.34s, train loss: 0.0335, reconstruction loss: 0.0132]
2026-02-12 19:45:24,780 - INFO - epoch 1083 training [time: 0.34s, train loss: 0.0335, reconstruction loss: 0.0132]
2026-02-12 19:45:25,117 - INFO - epoch 1084 training [time: 0.34s, train loss: 0.0335, reconstruction loss: 0.0132]
2026-02-12 19:45:25,459 - INFO - epoch 1085 training [time: 0.34s, train loss: 0.0335, reconstruction loss: 0.0132]
2026-02-12 19:45:25,801 - INFO - epoch 1086 training [time: 0.34s, train loss: 0.0336, reconstruction loss: 0.0132]
2026-02-12 19:45:26,142 - INFO - epoch 1087 training [time: 0.34s, train loss: 0.0336, reconstruction loss: 0.0132]
2026-02-12 19:45:26,485 - INFO - epoch 1088 training [time: 0.34s, train loss: 0.0335, reconstruction loss: 0.0132]
2026-02-12 19:45:26,820 - INFO - epoch 1089 training [time: 0.33s, train loss: 0.0335, reconstruction loss: 0.0132]
2026-02-12 19:45:27,160 - INFO - epoch 1090 training [time: 0.34s, train loss: 0.0335, reconstruction loss: 0.0132]
2026-02-12 19:45:27,499 - INFO - epoch 1091 training [time: 0.34s, train loss: 0.0335, reconstruction loss: 0.0132]
2026-02-12 19:45:27,834 - INFO - epoch 1092 training [time: 0.33s, train loss: 0.0335, reconstruction loss: 0.0132]
2026-02-12 19:45:28,174 - INFO - epoch 1093 training [time: 0.34s, train loss: 0.0335, reconstruction loss: 0.0132]
2026-02-12 19:45:28,516 - INFO - epoch 1094 training [time: 0.34s, train loss: 0.0335, reconstruction loss: 0.0132]
2026-02-12 19:45:28,859 - INFO - epoch 1095 training [time: 0.34s, train loss: 0.0336, reconstruction loss: 0.0132]
2026-02-12 19:45:29,198 - INFO - epoch 1096 training [time: 0.34s, train loss: 0.0335, reconstruction loss: 0.0132]
2026-02-12 19:45:29,540 - INFO - epoch 1097 training [time: 0.34s, train loss: 0.0335, reconstruction loss: 0.0132]
2026-02-12 19:45:29,882 - INFO - epoch 1098 training [time: 0.34s, train loss: 0.0336, reconstruction loss: 0.0132]
2026-02-12 19:45:30,225 - INFO - epoch 1099 training [time: 0.34s, train loss: 0.0336, reconstruction loss: 0.0132]
2026-02-12 19:45:30,401 - INFO - epoch 1099 evaluating [time: 0.18s, collision_rate: 0.056593]
2026-02-12 19:45:30,409 - INFO - Saving current/home/ming/news_rec/Data/ckpt/Feb-12-2026_19-39-07/epoch_1099_collision_0.0566_model.pth
2026-02-12 19:45:30,750 - INFO - epoch 1100 training [time: 0.34s, train loss: 0.0335, reconstruction loss: 0.0132]
2026-02-12 19:45:31,090 - INFO - epoch 1101 training [time: 0.34s, train loss: 0.0336, reconstruction loss: 0.0132]
2026-02-12 19:45:31,427 - INFO - epoch 1102 training [time: 0.34s, train loss: 0.0335, reconstruction loss: 0.0132]
2026-02-12 19:45:31,768 - INFO - epoch 1103 training [time: 0.34s, train loss: 0.0335, reconstruction loss: 0.0132]
2026-02-12 19:45:32,113 - INFO - epoch 1104 training [time: 0.35s, train loss: 0.0335, reconstruction loss: 0.0132]
2026-02-12 19:45:32,449 - INFO - epoch 1105 training [time: 0.34s, train loss: 0.0336, reconstruction loss: 0.0132]
2026-02-12 19:45:32,784 - INFO - epoch 1106 training [time: 0.33s, train loss: 0.0336, reconstruction loss: 0.0132]
2026-02-12 19:45:33,123 - INFO - epoch 1107 training [time: 0.34s, train loss: 0.0335, reconstruction loss: 0.0132]
2026-02-12 19:45:33,468 - INFO - epoch 1108 training [time: 0.34s, train loss: 0.0335, reconstruction loss: 0.0132]
2026-02-12 19:45:33,808 - INFO - epoch 1109 training [time: 0.34s, train loss: 0.0336, reconstruction loss: 0.0132]
2026-02-12 19:45:34,146 - INFO - epoch 1110 training [time: 0.34s, train loss: 0.0335, reconstruction loss: 0.0132]
2026-02-12 19:45:34,492 - INFO - epoch 1111 training [time: 0.35s, train loss: 0.0336, reconstruction loss: 0.0132]
2026-02-12 19:45:34,831 - INFO - epoch 1112 training [time: 0.34s, train loss: 0.0336, reconstruction loss: 0.0132]
2026-02-12 19:45:35,170 - INFO - epoch 1113 training [time: 0.34s, train loss: 0.0336, reconstruction loss: 0.0132]
2026-02-12 19:45:35,516 - INFO - epoch 1114 training [time: 0.35s, train loss: 0.0336, reconstruction loss: 0.0132]
2026-02-12 19:45:35,858 - INFO - epoch 1115 training [time: 0.34s, train loss: 0.0336, reconstruction loss: 0.0132]
2026-02-12 19:45:36,211 - INFO - epoch 1116 training [time: 0.35s, train loss: 0.0336, reconstruction loss: 0.0132]
2026-02-12 19:45:36,556 - INFO - epoch 1117 training [time: 0.35s, train loss: 0.0336, reconstruction loss: 0.0132]
2026-02-12 19:45:36,897 - INFO - epoch 1118 training [time: 0.34s, train loss: 0.0336, reconstruction loss: 0.0132]
2026-02-12 19:45:37,245 - INFO - epoch 1119 training [time: 0.35s, train loss: 0.0336, reconstruction loss: 0.0132]
2026-02-12 19:45:37,577 - INFO - epoch 1120 training [time: 0.33s, train loss: 0.0336, reconstruction loss: 0.0132]
2026-02-12 19:45:37,918 - INFO - epoch 1121 training [time: 0.34s, train loss: 0.0336, reconstruction loss: 0.0132]
2026-02-12 19:45:38,262 - INFO - epoch 1122 training [time: 0.34s, train loss: 0.0336, reconstruction loss: 0.0132]
2026-02-12 19:45:38,600 - INFO - epoch 1123 training [time: 0.34s, train loss: 0.0336, reconstruction loss: 0.0132]
2026-02-12 19:45:38,940 - INFO - epoch 1124 training [time: 0.34s, train loss: 0.0336, reconstruction loss: 0.0132]
2026-02-12 19:45:39,280 - INFO - epoch 1125 training [time: 0.34s, train loss: 0.0336, reconstruction loss: 0.0132]
2026-02-12 19:45:39,622 - INFO - epoch 1126 training [time: 0.34s, train loss: 0.0336, reconstruction loss: 0.0132]
2026-02-12 19:45:39,960 - INFO - epoch 1127 training [time: 0.34s, train loss: 0.0336, reconstruction loss: 0.0132]
2026-02-12 19:45:40,305 - INFO - epoch 1128 training [time: 0.34s, train loss: 0.0336, reconstruction loss: 0.0132]
2026-02-12 19:45:40,646 - INFO - epoch 1129 training [time: 0.34s, train loss: 0.0337, reconstruction loss: 0.0132]
2026-02-12 19:45:40,984 - INFO - epoch 1130 training [time: 0.34s, train loss: 0.0336, reconstruction loss: 0.0132]
2026-02-12 19:45:41,323 - INFO - epoch 1131 training [time: 0.34s, train loss: 0.0337, reconstruction loss: 0.0132]
2026-02-12 19:45:41,665 - INFO - epoch 1132 training [time: 0.34s, train loss: 0.0336, reconstruction loss: 0.0132]
2026-02-12 19:45:42,002 - INFO - epoch 1133 training [time: 0.34s, train loss: 0.0336, reconstruction loss: 0.0132]
2026-02-12 19:45:42,342 - INFO - epoch 1134 training [time: 0.34s, train loss: 0.0336, reconstruction loss: 0.0132]
2026-02-12 19:45:42,682 - INFO - epoch 1135 training [time: 0.34s, train loss: 0.0336, reconstruction loss: 0.0132]
2026-02-12 19:45:43,022 - INFO - epoch 1136 training [time: 0.34s, train loss: 0.0336, reconstruction loss: 0.0132]
2026-02-12 19:45:43,361 - INFO - epoch 1137 training [time: 0.34s, train loss: 0.0336, reconstruction loss: 0.0132]
2026-02-12 19:45:43,696 - INFO - epoch 1138 training [time: 0.34s, train loss: 0.0337, reconstruction loss: 0.0132]
2026-02-12 19:45:44,037 - INFO - epoch 1139 training [time: 0.34s, train loss: 0.0336, reconstruction loss: 0.0132]
2026-02-12 19:45:44,372 - INFO - epoch 1140 training [time: 0.34s, train loss: 0.0336, reconstruction loss: 0.0132]
2026-02-12 19:45:44,708 - INFO - epoch 1141 training [time: 0.34s, train loss: 0.0337, reconstruction loss: 0.0132]
2026-02-12 19:45:45,051 - INFO - epoch 1142 training [time: 0.34s, train loss: 0.0336, reconstruction loss: 0.0132]
2026-02-12 19:45:45,389 - INFO - epoch 1143 training [time: 0.34s, train loss: 0.0336, reconstruction loss: 0.0132]
2026-02-12 19:45:45,730 - INFO - epoch 1144 training [time: 0.34s, train loss: 0.0336, reconstruction loss: 0.0132]
2026-02-12 19:45:46,072 - INFO - epoch 1145 training [time: 0.34s, train loss: 0.0336, reconstruction loss: 0.0132]
2026-02-12 19:45:46,415 - INFO - epoch 1146 training [time: 0.34s, train loss: 0.0336, reconstruction loss: 0.0132]
2026-02-12 19:45:46,753 - INFO - epoch 1147 training [time: 0.34s, train loss: 0.0336, reconstruction loss: 0.0132]
2026-02-12 19:45:47,090 - INFO - epoch 1148 training [time: 0.34s, train loss: 0.0336, reconstruction loss: 0.0132]
2026-02-12 19:45:47,433 - INFO - epoch 1149 training [time: 0.34s, train loss: 0.0337, reconstruction loss: 0.0132]
2026-02-12 19:45:47,625 - INFO - epoch 1149 evaluating [time: 0.19s, collision_rate: 0.055704]
2026-02-12 19:45:47,633 - INFO - Saving current/home/ming/news_rec/Data/ckpt/Feb-12-2026_19-39-07/epoch_1149_collision_0.0557_model.pth
2026-02-12 19:45:47,969 - INFO - epoch 1150 training [time: 0.34s, train loss: 0.0337, reconstruction loss: 0.0132]
2026-02-12 19:45:48,307 - INFO - epoch 1151 training [time: 0.34s, train loss: 0.0336, reconstruction loss: 0.0132]
2026-02-12 19:45:48,650 - INFO - epoch 1152 training [time: 0.34s, train loss: 0.0337, reconstruction loss: 0.0132]
2026-02-12 19:45:48,988 - INFO - epoch 1153 training [time: 0.34s, train loss: 0.0336, reconstruction loss: 0.0132]
2026-02-12 19:45:49,325 - INFO - epoch 1154 training [time: 0.34s, train loss: 0.0337, reconstruction loss: 0.0132]
2026-02-12 19:45:49,659 - INFO - epoch 1155 training [time: 0.33s, train loss: 0.0337, reconstruction loss: 0.0132]
2026-02-12 19:45:49,995 - INFO - epoch 1156 training [time: 0.34s, train loss: 0.0337, reconstruction loss: 0.0132]
2026-02-12 19:45:50,334 - INFO - epoch 1157 training [time: 0.34s, train loss: 0.0337, reconstruction loss: 0.0132]
2026-02-12 19:45:50,674 - INFO - epoch 1158 training [time: 0.34s, train loss: 0.0337, reconstruction loss: 0.0132]
2026-02-12 19:45:51,010 - INFO - epoch 1159 training [time: 0.34s, train loss: 0.0336, reconstruction loss: 0.0132]
2026-02-12 19:45:51,358 - INFO - epoch 1160 training [time: 0.35s, train loss: 0.0337, reconstruction loss: 0.0132]
2026-02-12 19:45:51,701 - INFO - epoch 1161 training [time: 0.34s, train loss: 0.0337, reconstruction loss: 0.0132]
2026-02-12 19:45:52,040 - INFO - epoch 1162 training [time: 0.34s, train loss: 0.0337, reconstruction loss: 0.0132]
2026-02-12 19:45:52,385 - INFO - epoch 1163 training [time: 0.34s, train loss: 0.0336, reconstruction loss: 0.0132]
2026-02-12 19:45:52,724 - INFO - epoch 1164 training [time: 0.34s, train loss: 0.0337, reconstruction loss: 0.0132]
2026-02-12 19:45:53,060 - INFO - epoch 1165 training [time: 0.34s, train loss: 0.0336, reconstruction loss: 0.0132]
2026-02-12 19:45:53,405 - INFO - epoch 1166 training [time: 0.34s, train loss: 0.0337, reconstruction loss: 0.0132]
2026-02-12 19:45:53,746 - INFO - epoch 1167 training [time: 0.34s, train loss: 0.0337, reconstruction loss: 0.0132]
2026-02-12 19:45:54,089 - INFO - epoch 1168 training [time: 0.34s, train loss: 0.0337, reconstruction loss: 0.0132]
2026-02-12 19:45:54,426 - INFO - epoch 1169 training [time: 0.34s, train loss: 0.0337, reconstruction loss: 0.0132]
2026-02-12 19:45:54,767 - INFO - epoch 1170 training [time: 0.34s, train loss: 0.0337, reconstruction loss: 0.0132]
2026-02-12 19:45:55,109 - INFO - epoch 1171 training [time: 0.34s, train loss: 0.0337, reconstruction loss: 0.0132]
2026-02-12 19:45:55,450 - INFO - epoch 1172 training [time: 0.34s, train loss: 0.0337, reconstruction loss: 0.0132]
2026-02-12 19:45:55,787 - INFO - epoch 1173 training [time: 0.34s, train loss: 0.0337, reconstruction loss: 0.0132]
2026-02-12 19:45:56,127 - INFO - epoch 1174 training [time: 0.34s, train loss: 0.0337, reconstruction loss: 0.0132]
2026-02-12 19:45:56,469 - INFO - epoch 1175 training [time: 0.34s, train loss: 0.0337, reconstruction loss: 0.0132]
2026-02-12 19:45:56,808 - INFO - epoch 1176 training [time: 0.34s, train loss: 0.0337, reconstruction loss: 0.0132]
2026-02-12 19:45:57,151 - INFO - epoch 1177 training [time: 0.34s, train loss: 0.0338, reconstruction loss: 0.0132]
2026-02-12 19:45:57,491 - INFO - epoch 1178 training [time: 0.34s, train loss: 0.0337, reconstruction loss: 0.0132]
2026-02-12 19:45:57,826 - INFO - epoch 1179 training [time: 0.33s, train loss: 0.0337, reconstruction loss: 0.0132]
2026-02-12 19:45:58,168 - INFO - epoch 1180 training [time: 0.34s, train loss: 0.0337, reconstruction loss: 0.0132]
2026-02-12 19:45:58,509 - INFO - epoch 1181 training [time: 0.34s, train loss: 0.0337, reconstruction loss: 0.0132]
2026-02-12 19:45:58,849 - INFO - epoch 1182 training [time: 0.34s, train loss: 0.0337, reconstruction loss: 0.0132]
2026-02-12 19:45:59,189 - INFO - epoch 1183 training [time: 0.34s, train loss: 0.0336, reconstruction loss: 0.0132]
2026-02-12 19:45:59,530 - INFO - epoch 1184 training [time: 0.34s, train loss: 0.0337, reconstruction loss: 0.0132]
2026-02-12 19:45:59,872 - INFO - epoch 1185 training [time: 0.34s, train loss: 0.0337, reconstruction loss: 0.0132]
2026-02-12 19:46:00,216 - INFO - epoch 1186 training [time: 0.34s, train loss: 0.0337, reconstruction loss: 0.0132]
2026-02-12 19:46:00,558 - INFO - epoch 1187 training [time: 0.34s, train loss: 0.0337, reconstruction loss: 0.0132]
2026-02-12 19:46:00,897 - INFO - epoch 1188 training [time: 0.34s, train loss: 0.0337, reconstruction loss: 0.0132]
2026-02-12 19:46:01,242 - INFO - epoch 1189 training [time: 0.35s, train loss: 0.0337, reconstruction loss: 0.0132]
2026-02-12 19:46:01,581 - INFO - epoch 1190 training [time: 0.34s, train loss: 0.0337, reconstruction loss: 0.0132]
2026-02-12 19:46:01,925 - INFO - epoch 1191 training [time: 0.34s, train loss: 0.0337, reconstruction loss: 0.0132]
2026-02-12 19:46:02,264 - INFO - epoch 1192 training [time: 0.34s, train loss: 0.0337, reconstruction loss: 0.0132]
2026-02-12 19:46:02,602 - INFO - epoch 1193 training [time: 0.34s, train loss: 0.0337, reconstruction loss: 0.0132]
2026-02-12 19:46:02,943 - INFO - epoch 1194 training [time: 0.34s, train loss: 0.0337, reconstruction loss: 0.0132]
2026-02-12 19:46:03,284 - INFO - epoch 1195 training [time: 0.34s, train loss: 0.0337, reconstruction loss: 0.0132]
2026-02-12 19:46:03,622 - INFO - epoch 1196 training [time: 0.34s, train loss: 0.0338, reconstruction loss: 0.0132]
2026-02-12 19:46:03,957 - INFO - epoch 1197 training [time: 0.34s, train loss: 0.0338, reconstruction loss: 0.0132]
2026-02-12 19:46:04,297 - INFO - epoch 1198 training [time: 0.34s, train loss: 0.0337, reconstruction loss: 0.0132]
2026-02-12 19:46:04,640 - INFO - epoch 1199 training [time: 0.34s, train loss: 0.0337, reconstruction loss: 0.0132]
2026-02-12 19:46:04,813 - INFO - epoch 1199 evaluating [time: 0.17s, collision_rate: 0.057191]
2026-02-12 19:46:04,822 - INFO - Saving current/home/ming/news_rec/Data/ckpt/Feb-12-2026_19-39-07/epoch_1199_collision_0.0572_model.pth
2026-02-12 19:46:05,164 - INFO - epoch 1200 training [time: 0.34s, train loss: 0.0337, reconstruction loss: 0.0132]
2026-02-12 19:46:05,509 - INFO - epoch 1201 training [time: 0.34s, train loss: 0.0337, reconstruction loss: 0.0132]
2026-02-12 19:46:05,861 - INFO - epoch 1202 training [time: 0.35s, train loss: 0.0337, reconstruction loss: 0.0132]
2026-02-12 19:46:06,214 - INFO - epoch 1203 training [time: 0.35s, train loss: 0.0337, reconstruction loss: 0.0132]
2026-02-12 19:46:06,556 - INFO - epoch 1204 training [time: 0.34s, train loss: 0.0337, reconstruction loss: 0.0132]
2026-02-12 19:46:06,896 - INFO - epoch 1205 training [time: 0.34s, train loss: 0.0338, reconstruction loss: 0.0132]
2026-02-12 19:46:07,241 - INFO - epoch 1206 training [time: 0.34s, train loss: 0.0338, reconstruction loss: 0.0132]
2026-02-12 19:46:07,586 - INFO - epoch 1207 training [time: 0.35s, train loss: 0.0338, reconstruction loss: 0.0132]
2026-02-12 19:46:07,928 - INFO - epoch 1208 training [time: 0.34s, train loss: 0.0338, reconstruction loss: 0.0132]
2026-02-12 19:46:08,267 - INFO - epoch 1209 training [time: 0.34s, train loss: 0.0338, reconstruction loss: 0.0132]
2026-02-12 19:46:08,606 - INFO - epoch 1210 training [time: 0.34s, train loss: 0.0338, reconstruction loss: 0.0132]
2026-02-12 19:46:08,944 - INFO - epoch 1211 training [time: 0.34s, train loss: 0.0338, reconstruction loss: 0.0132]
2026-02-12 19:46:09,288 - INFO - epoch 1212 training [time: 0.34s, train loss: 0.0338, reconstruction loss: 0.0132]
2026-02-12 19:46:09,629 - INFO - epoch 1213 training [time: 0.34s, train loss: 0.0337, reconstruction loss: 0.0132]
2026-02-12 19:46:09,967 - INFO - epoch 1214 training [time: 0.34s, train loss: 0.0338, reconstruction loss: 0.0132]
2026-02-12 19:46:10,303 - INFO - epoch 1215 training [time: 0.34s, train loss: 0.0337, reconstruction loss: 0.0132]
2026-02-12 19:46:10,640 - INFO - epoch 1216 training [time: 0.34s, train loss: 0.0337, reconstruction loss: 0.0132]
2026-02-12 19:46:10,978 - INFO - epoch 1217 training [time: 0.34s, train loss: 0.0338, reconstruction loss: 0.0132]
2026-02-12 19:46:11,315 - INFO - epoch 1218 training [time: 0.34s, train loss: 0.0338, reconstruction loss: 0.0132]
2026-02-12 19:46:11,653 - INFO - epoch 1219 training [time: 0.34s, train loss: 0.0337, reconstruction loss: 0.0132]
2026-02-12 19:46:11,998 - INFO - epoch 1220 training [time: 0.35s, train loss: 0.0338, reconstruction loss: 0.0132]
2026-02-12 19:46:12,338 - INFO - epoch 1221 training [time: 0.34s, train loss: 0.0338, reconstruction loss: 0.0132]
2026-02-12 19:46:12,681 - INFO - epoch 1222 training [time: 0.34s, train loss: 0.0338, reconstruction loss: 0.0132]
2026-02-12 19:46:13,023 - INFO - epoch 1223 training [time: 0.34s, train loss: 0.0338, reconstruction loss: 0.0132]
2026-02-12 19:46:13,366 - INFO - epoch 1224 training [time: 0.34s, train loss: 0.0338, reconstruction loss: 0.0132]
2026-02-12 19:46:13,704 - INFO - epoch 1225 training [time: 0.34s, train loss: 0.0338, reconstruction loss: 0.0132]
2026-02-12 19:46:14,041 - INFO - epoch 1226 training [time: 0.34s, train loss: 0.0339, reconstruction loss: 0.0132]
2026-02-12 19:46:14,377 - INFO - epoch 1227 training [time: 0.34s, train loss: 0.0338, reconstruction loss: 0.0132]
2026-02-12 19:46:14,717 - INFO - epoch 1228 training [time: 0.34s, train loss: 0.0338, reconstruction loss: 0.0132]
2026-02-12 19:46:15,050 - INFO - epoch 1229 training [time: 0.33s, train loss: 0.0338, reconstruction loss: 0.0132]
2026-02-12 19:46:15,382 - INFO - epoch 1230 training [time: 0.33s, train loss: 0.0337, reconstruction loss: 0.0132]
2026-02-12 19:46:15,726 - INFO - epoch 1231 training [time: 0.34s, train loss: 0.0338, reconstruction loss: 0.0132]
2026-02-12 19:46:16,083 - INFO - epoch 1232 training [time: 0.36s, train loss: 0.0338, reconstruction loss: 0.0132]
2026-02-12 19:46:16,423 - INFO - epoch 1233 training [time: 0.34s, train loss: 0.0338, reconstruction loss: 0.0132]
2026-02-12 19:46:16,765 - INFO - epoch 1234 training [time: 0.34s, train loss: 0.0338, reconstruction loss: 0.0132]
2026-02-12 19:46:17,109 - INFO - epoch 1235 training [time: 0.34s, train loss: 0.0338, reconstruction loss: 0.0131]
2026-02-12 19:46:17,469 - INFO - epoch 1236 training [time: 0.36s, train loss: 0.0337, reconstruction loss: 0.0132]
2026-02-12 19:46:17,831 - INFO - epoch 1237 training [time: 0.36s, train loss: 0.0338, reconstruction loss: 0.0132]
2026-02-12 19:46:18,190 - INFO - epoch 1238 training [time: 0.36s, train loss: 0.0337, reconstruction loss: 0.0132]
2026-02-12 19:46:18,552 - INFO - epoch 1239 training [time: 0.36s, train loss: 0.0338, reconstruction loss: 0.0132]
2026-02-12 19:46:18,907 - INFO - epoch 1240 training [time: 0.36s, train loss: 0.0339, reconstruction loss: 0.0132]
2026-02-12 19:46:19,271 - INFO - epoch 1241 training [time: 0.36s, train loss: 0.0339, reconstruction loss: 0.0132]
2026-02-12 19:46:19,628 - INFO - epoch 1242 training [time: 0.36s, train loss: 0.0339, reconstruction loss: 0.0132]
2026-02-12 19:46:19,986 - INFO - epoch 1243 training [time: 0.36s, train loss: 0.0338, reconstruction loss: 0.0132]
2026-02-12 19:46:20,349 - INFO - epoch 1244 training [time: 0.36s, train loss: 0.0339, reconstruction loss: 0.0132]
2026-02-12 19:46:20,711 - INFO - epoch 1245 training [time: 0.36s, train loss: 0.0339, reconstruction loss: 0.0132]
2026-02-12 19:46:21,069 - INFO - epoch 1246 training [time: 0.36s, train loss: 0.0338, reconstruction loss: 0.0131]
2026-02-12 19:46:21,439 - INFO - epoch 1247 training [time: 0.37s, train loss: 0.0338, reconstruction loss: 0.0132]
2026-02-12 19:46:21,799 - INFO - epoch 1248 training [time: 0.36s, train loss: 0.0338, reconstruction loss: 0.0132]
2026-02-12 19:46:22,160 - INFO - epoch 1249 training [time: 0.36s, train loss: 0.0338, reconstruction loss: 0.0132]
2026-02-12 19:46:22,338 - INFO - epoch 1249 evaluating [time: 0.18s, collision_rate: 0.055811]
2026-02-12 19:46:22,346 - INFO - Saving current/home/ming/news_rec/Data/ckpt/Feb-12-2026_19-39-07/epoch_1249_collision_0.0558_model.pth
2026-02-12 19:46:22,706 - INFO - epoch 1250 training [time: 0.36s, train loss: 0.0339, reconstruction loss: 0.0132]
2026-02-12 19:46:23,067 - INFO - epoch 1251 training [time: 0.36s, train loss: 0.0338, reconstruction loss: 0.0132]
2026-02-12 19:46:23,432 - INFO - epoch 1252 training [time: 0.36s, train loss: 0.0338, reconstruction loss: 0.0132]
2026-02-12 19:46:23,791 - INFO - epoch 1253 training [time: 0.36s, train loss: 0.0338, reconstruction loss: 0.0132]
2026-02-12 19:46:24,147 - INFO - epoch 1254 training [time: 0.36s, train loss: 0.0339, reconstruction loss: 0.0131]
2026-02-12 19:46:24,505 - INFO - epoch 1255 training [time: 0.36s, train loss: 0.0338, reconstruction loss: 0.0132]
2026-02-12 19:46:24,869 - INFO - epoch 1256 training [time: 0.36s, train loss: 0.0338, reconstruction loss: 0.0131]
2026-02-12 19:46:25,233 - INFO - epoch 1257 training [time: 0.36s, train loss: 0.0339, reconstruction loss: 0.0131]
2026-02-12 19:46:25,590 - INFO - epoch 1258 training [time: 0.36s, train loss: 0.0339, reconstruction loss: 0.0131]
2026-02-12 19:46:25,951 - INFO - epoch 1259 training [time: 0.36s, train loss: 0.0339, reconstruction loss: 0.0131]
2026-02-12 19:46:26,316 - INFO - epoch 1260 training [time: 0.36s, train loss: 0.0339, reconstruction loss: 0.0132]
2026-02-12 19:46:26,677 - INFO - epoch 1261 training [time: 0.36s, train loss: 0.0339, reconstruction loss: 0.0132]
2026-02-12 19:46:27,041 - INFO - epoch 1262 training [time: 0.36s, train loss: 0.0339, reconstruction loss: 0.0132]
2026-02-12 19:46:27,400 - INFO - epoch 1263 training [time: 0.36s, train loss: 0.0339, reconstruction loss: 0.0132]
2026-02-12 19:46:27,762 - INFO - epoch 1264 training [time: 0.36s, train loss: 0.0339, reconstruction loss: 0.0132]
2026-02-12 19:46:28,117 - INFO - epoch 1265 training [time: 0.35s, train loss: 0.0340, reconstruction loss: 0.0132]
2026-02-12 19:46:28,480 - INFO - epoch 1266 training [time: 0.36s, train loss: 0.0339, reconstruction loss: 0.0132]
2026-02-12 19:46:28,842 - INFO - epoch 1267 training [time: 0.36s, train loss: 0.0339, reconstruction loss: 0.0131]
2026-02-12 19:46:29,199 - INFO - epoch 1268 training [time: 0.36s, train loss: 0.0338, reconstruction loss: 0.0132]
2026-02-12 19:46:29,556 - INFO - epoch 1269 training [time: 0.36s, train loss: 0.0339, reconstruction loss: 0.0132]
2026-02-12 19:46:29,917 - INFO - epoch 1270 training [time: 0.36s, train loss: 0.0339, reconstruction loss: 0.0132]
2026-02-12 19:46:30,282 - INFO - epoch 1271 training [time: 0.36s, train loss: 0.0340, reconstruction loss: 0.0131]
2026-02-12 19:46:30,641 - INFO - epoch 1272 training [time: 0.36s, train loss: 0.0339, reconstruction loss: 0.0132]
2026-02-12 19:46:31,002 - INFO - epoch 1273 training [time: 0.36s, train loss: 0.0339, reconstruction loss: 0.0132]
2026-02-12 19:46:31,359 - INFO - epoch 1274 training [time: 0.36s, train loss: 0.0339, reconstruction loss: 0.0131]
2026-02-12 19:46:31,715 - INFO - epoch 1275 training [time: 0.36s, train loss: 0.0339, reconstruction loss: 0.0131]
2026-02-12 19:46:32,076 - INFO - epoch 1276 training [time: 0.36s, train loss: 0.0339, reconstruction loss: 0.0131]
2026-02-12 19:46:32,437 - INFO - epoch 1277 training [time: 0.36s, train loss: 0.0339, reconstruction loss: 0.0131]
2026-02-12 19:46:32,803 - INFO - epoch 1278 training [time: 0.37s, train loss: 0.0339, reconstruction loss: 0.0131]
2026-02-12 19:46:33,163 - INFO - epoch 1279 training [time: 0.36s, train loss: 0.0339, reconstruction loss: 0.0131]
2026-02-12 19:46:33,526 - INFO - epoch 1280 training [time: 0.36s, train loss: 0.0339, reconstruction loss: 0.0131]
2026-02-12 19:46:33,884 - INFO - epoch 1281 training [time: 0.36s, train loss: 0.0339, reconstruction loss: 0.0131]
2026-02-12 19:46:34,248 - INFO - epoch 1282 training [time: 0.36s, train loss: 0.0339, reconstruction loss: 0.0131]
2026-02-12 19:46:34,607 - INFO - epoch 1283 training [time: 0.36s, train loss: 0.0339, reconstruction loss: 0.0131]
2026-02-12 19:46:34,965 - INFO - epoch 1284 training [time: 0.36s, train loss: 0.0339, reconstruction loss: 0.0131]
2026-02-12 19:46:35,326 - INFO - epoch 1285 training [time: 0.36s, train loss: 0.0339, reconstruction loss: 0.0131]
2026-02-12 19:46:35,687 - INFO - epoch 1286 training [time: 0.36s, train loss: 0.0339, reconstruction loss: 0.0131]
2026-02-12 19:46:36,050 - INFO - epoch 1287 training [time: 0.36s, train loss: 0.0339, reconstruction loss: 0.0131]
2026-02-12 19:46:36,448 - INFO - epoch 1288 training [time: 0.40s, train loss: 0.0339, reconstruction loss: 0.0131]
2026-02-12 19:46:36,810 - INFO - epoch 1289 training [time: 0.36s, train loss: 0.0339, reconstruction loss: 0.0131]
2026-02-12 19:46:37,168 - INFO - epoch 1290 training [time: 0.36s, train loss: 0.0339, reconstruction loss: 0.0131]
2026-02-12 19:46:37,532 - INFO - epoch 1291 training [time: 0.36s, train loss: 0.0339, reconstruction loss: 0.0131]
2026-02-12 19:46:37,894 - INFO - epoch 1292 training [time: 0.36s, train loss: 0.0339, reconstruction loss: 0.0131]
2026-02-12 19:46:38,255 - INFO - epoch 1293 training [time: 0.36s, train loss: 0.0339, reconstruction loss: 0.0131]
2026-02-12 19:46:38,613 - INFO - epoch 1294 training [time: 0.36s, train loss: 0.0339, reconstruction loss: 0.0131]
2026-02-12 19:46:38,980 - INFO - epoch 1295 training [time: 0.37s, train loss: 0.0339, reconstruction loss: 0.0131]
2026-02-12 19:46:39,339 - INFO - epoch 1296 training [time: 0.36s, train loss: 0.0339, reconstruction loss: 0.0131]
2026-02-12 19:46:39,700 - INFO - epoch 1297 training [time: 0.36s, train loss: 0.0339, reconstruction loss: 0.0131]
2026-02-12 19:46:40,063 - INFO - epoch 1298 training [time: 0.36s, train loss: 0.0340, reconstruction loss: 0.0131]
2026-02-12 19:46:40,424 - INFO - epoch 1299 training [time: 0.36s, train loss: 0.0340, reconstruction loss: 0.0131]
2026-02-12 19:46:40,607 - INFO - epoch 1299 evaluating [time: 0.18s, collision_rate: 0.056685]
2026-02-12 19:46:40,615 - INFO - Saving current/home/ming/news_rec/Data/ckpt/Feb-12-2026_19-39-07/epoch_1299_collision_0.0567_model.pth
2026-02-12 19:46:40,976 - INFO - epoch 1300 training [time: 0.36s, train loss: 0.0339, reconstruction loss: 0.0131]
2026-02-12 19:46:41,336 - INFO - epoch 1301 training [time: 0.36s, train loss: 0.0340, reconstruction loss: 0.0131]
2026-02-12 19:46:41,692 - INFO - epoch 1302 training [time: 0.36s, train loss: 0.0340, reconstruction loss: 0.0131]
2026-02-12 19:46:42,047 - INFO - epoch 1303 training [time: 0.36s, train loss: 0.0339, reconstruction loss: 0.0131]
2026-02-12 19:46:42,407 - INFO - epoch 1304 training [time: 0.36s, train loss: 0.0339, reconstruction loss: 0.0131]
2026-02-12 19:46:42,770 - INFO - epoch 1305 training [time: 0.36s, train loss: 0.0340, reconstruction loss: 0.0131]
2026-02-12 19:46:43,125 - INFO - epoch 1306 training [time: 0.35s, train loss: 0.0340, reconstruction loss: 0.0131]
2026-02-12 19:46:43,486 - INFO - epoch 1307 training [time: 0.36s, train loss: 0.0340, reconstruction loss: 0.0131]
2026-02-12 19:46:43,847 - INFO - epoch 1308 training [time: 0.36s, train loss: 0.0340, reconstruction loss: 0.0131]
2026-02-12 19:46:44,211 - INFO - epoch 1309 training [time: 0.36s, train loss: 0.0340, reconstruction loss: 0.0131]
2026-02-12 19:46:44,569 - INFO - epoch 1310 training [time: 0.36s, train loss: 0.0340, reconstruction loss: 0.0131]
2026-02-12 19:46:44,925 - INFO - epoch 1311 training [time: 0.36s, train loss: 0.0340, reconstruction loss: 0.0131]
2026-02-12 19:46:45,280 - INFO - epoch 1312 training [time: 0.35s, train loss: 0.0339, reconstruction loss: 0.0131]
2026-02-12 19:46:45,634 - INFO - epoch 1313 training [time: 0.35s, train loss: 0.0339, reconstruction loss: 0.0131]
2026-02-12 19:46:46,000 - INFO - epoch 1314 training [time: 0.37s, train loss: 0.0340, reconstruction loss: 0.0131]
2026-02-12 19:46:46,361 - INFO - epoch 1315 training [time: 0.36s, train loss: 0.0339, reconstruction loss: 0.0131]
2026-02-12 19:46:46,719 - INFO - epoch 1316 training [time: 0.36s, train loss: 0.0340, reconstruction loss: 0.0131]
2026-02-12 19:46:47,078 - INFO - epoch 1317 training [time: 0.36s, train loss: 0.0340, reconstruction loss: 0.0131]
2026-02-12 19:46:47,441 - INFO - epoch 1318 training [time: 0.36s, train loss: 0.0340, reconstruction loss: 0.0131]
2026-02-12 19:46:47,796 - INFO - epoch 1319 training [time: 0.35s, train loss: 0.0340, reconstruction loss: 0.0131]
2026-02-12 19:46:48,154 - INFO - epoch 1320 training [time: 0.36s, train loss: 0.0340, reconstruction loss: 0.0131]
2026-02-12 19:46:48,509 - INFO - epoch 1321 training [time: 0.36s, train loss: 0.0340, reconstruction loss: 0.0131]
2026-02-12 19:46:48,866 - INFO - epoch 1322 training [time: 0.36s, train loss: 0.0340, reconstruction loss: 0.0131]
2026-02-12 19:46:49,227 - INFO - epoch 1323 training [time: 0.36s, train loss: 0.0340, reconstruction loss: 0.0131]
2026-02-12 19:46:49,588 - INFO - epoch 1324 training [time: 0.36s, train loss: 0.0340, reconstruction loss: 0.0131]
2026-02-12 19:46:49,943 - INFO - epoch 1325 training [time: 0.35s, train loss: 0.0340, reconstruction loss: 0.0131]
2026-02-12 19:46:50,307 - INFO - epoch 1326 training [time: 0.36s, train loss: 0.0340, reconstruction loss: 0.0131]
2026-02-12 19:46:50,667 - INFO - epoch 1327 training [time: 0.36s, train loss: 0.0339, reconstruction loss: 0.0131]
2026-02-12 19:46:51,027 - INFO - epoch 1328 training [time: 0.36s, train loss: 0.0340, reconstruction loss: 0.0131]
2026-02-12 19:46:51,397 - INFO - epoch 1329 training [time: 0.37s, train loss: 0.0340, reconstruction loss: 0.0131]
2026-02-12 19:46:51,756 - INFO - epoch 1330 training [time: 0.36s, train loss: 0.0339, reconstruction loss: 0.0131]
2026-02-12 19:46:52,122 - INFO - epoch 1331 training [time: 0.37s, train loss: 0.0340, reconstruction loss: 0.0131]
2026-02-12 19:46:52,479 - INFO - epoch 1332 training [time: 0.36s, train loss: 0.0340, reconstruction loss: 0.0131]
2026-02-12 19:46:52,837 - INFO - epoch 1333 training [time: 0.36s, train loss: 0.0340, reconstruction loss: 0.0131]
2026-02-12 19:46:53,199 - INFO - epoch 1334 training [time: 0.36s, train loss: 0.0340, reconstruction loss: 0.0131]
2026-02-12 19:46:53,557 - INFO - epoch 1335 training [time: 0.36s, train loss: 0.0340, reconstruction loss: 0.0131]
2026-02-12 19:46:53,915 - INFO - epoch 1336 training [time: 0.36s, train loss: 0.0340, reconstruction loss: 0.0131]
2026-02-12 19:46:54,271 - INFO - epoch 1337 training [time: 0.36s, train loss: 0.0340, reconstruction loss: 0.0131]
2026-02-12 19:46:54,632 - INFO - epoch 1338 training [time: 0.36s, train loss: 0.0340, reconstruction loss: 0.0131]
2026-02-12 19:46:54,989 - INFO - epoch 1339 training [time: 0.36s, train loss: 0.0340, reconstruction loss: 0.0131]
2026-02-12 19:46:55,351 - INFO - epoch 1340 training [time: 0.36s, train loss: 0.0340, reconstruction loss: 0.0131]
2026-02-12 19:46:55,711 - INFO - epoch 1341 training [time: 0.36s, train loss: 0.0340, reconstruction loss: 0.0131]
2026-02-12 19:46:56,069 - INFO - epoch 1342 training [time: 0.36s, train loss: 0.0340, reconstruction loss: 0.0131]
2026-02-12 19:46:56,428 - INFO - epoch 1343 training [time: 0.36s, train loss: 0.0339, reconstruction loss: 0.0131]
2026-02-12 19:46:56,785 - INFO - epoch 1344 training [time: 0.36s, train loss: 0.0340, reconstruction loss: 0.0131]
2026-02-12 19:46:57,153 - INFO - epoch 1345 training [time: 0.37s, train loss: 0.0340, reconstruction loss: 0.0131]
2026-02-12 19:46:57,514 - INFO - epoch 1346 training [time: 0.36s, train loss: 0.0339, reconstruction loss: 0.0131]
2026-02-12 19:46:57,878 - INFO - epoch 1347 training [time: 0.36s, train loss: 0.0340, reconstruction loss: 0.0131]
2026-02-12 19:46:58,236 - INFO - epoch 1348 training [time: 0.36s, train loss: 0.0340, reconstruction loss: 0.0131]
2026-02-12 19:46:58,595 - INFO - epoch 1349 training [time: 0.36s, train loss: 0.0340, reconstruction loss: 0.0131]
2026-02-12 19:46:58,778 - INFO - epoch 1349 evaluating [time: 0.18s, collision_rate: 0.055826]
2026-02-12 19:46:58,787 - INFO - Saving current/home/ming/news_rec/Data/ckpt/Feb-12-2026_19-39-07/epoch_1349_collision_0.0558_model.pth
2026-02-12 19:46:59,152 - INFO - epoch 1350 training [time: 0.37s, train loss: 0.0340, reconstruction loss: 0.0131]
2026-02-12 19:46:59,510 - INFO - epoch 1351 training [time: 0.36s, train loss: 0.0341, reconstruction loss: 0.0131]
2026-02-12 19:46:59,870 - INFO - epoch 1352 training [time: 0.36s, train loss: 0.0340, reconstruction loss: 0.0131]
2026-02-12 19:47:00,228 - INFO - epoch 1353 training [time: 0.36s, train loss: 0.0340, reconstruction loss: 0.0131]
2026-02-12 19:47:00,587 - INFO - epoch 1354 training [time: 0.36s, train loss: 0.0340, reconstruction loss: 0.0131]
2026-02-12 19:47:00,953 - INFO - epoch 1355 training [time: 0.37s, train loss: 0.0340, reconstruction loss: 0.0131]
2026-02-12 19:47:01,314 - INFO - epoch 1356 training [time: 0.36s, train loss: 0.0340, reconstruction loss: 0.0131]
2026-02-12 19:47:01,674 - INFO - epoch 1357 training [time: 0.36s, train loss: 0.0340, reconstruction loss: 0.0131]
2026-02-12 19:47:02,031 - INFO - epoch 1358 training [time: 0.36s, train loss: 0.0341, reconstruction loss: 0.0131]
2026-02-12 19:47:02,396 - INFO - epoch 1359 training [time: 0.36s, train loss: 0.0341, reconstruction loss: 0.0131]
2026-02-12 19:47:02,755 - INFO - epoch 1360 training [time: 0.36s, train loss: 0.0341, reconstruction loss: 0.0131]
2026-02-12 19:47:03,112 - INFO - epoch 1361 training [time: 0.36s, train loss: 0.0341, reconstruction loss: 0.0131]
2026-02-12 19:47:03,475 - INFO - epoch 1362 training [time: 0.36s, train loss: 0.0340, reconstruction loss: 0.0131]
2026-02-12 19:47:03,837 - INFO - epoch 1363 training [time: 0.36s, train loss: 0.0341, reconstruction loss: 0.0131]
2026-02-12 19:47:04,197 - INFO - epoch 1364 training [time: 0.36s, train loss: 0.0340, reconstruction loss: 0.0131]
2026-02-12 19:47:04,555 - INFO - epoch 1365 training [time: 0.36s, train loss: 0.0340, reconstruction loss: 0.0131]
2026-02-12 19:47:04,917 - INFO - epoch 1366 training [time: 0.36s, train loss: 0.0340, reconstruction loss: 0.0131]
2026-02-12 19:47:05,281 - INFO - epoch 1367 training [time: 0.36s, train loss: 0.0340, reconstruction loss: 0.0131]
2026-02-12 19:47:05,643 - INFO - epoch 1368 training [time: 0.36s, train loss: 0.0340, reconstruction loss: 0.0131]
2026-02-12 19:47:06,009 - INFO - epoch 1369 training [time: 0.37s, train loss: 0.0340, reconstruction loss: 0.0131]
2026-02-12 19:47:06,379 - INFO - epoch 1370 training [time: 0.37s, train loss: 0.0340, reconstruction loss: 0.0131]
2026-02-12 19:47:06,738 - INFO - epoch 1371 training [time: 0.36s, train loss: 0.0341, reconstruction loss: 0.0131]
2026-02-12 19:47:07,094 - INFO - epoch 1372 training [time: 0.36s, train loss: 0.0341, reconstruction loss: 0.0131]
2026-02-12 19:47:07,453 - INFO - epoch 1373 training [time: 0.36s, train loss: 0.0341, reconstruction loss: 0.0131]
2026-02-12 19:47:07,810 - INFO - epoch 1374 training [time: 0.36s, train loss: 0.0340, reconstruction loss: 0.0131]
2026-02-12 19:47:08,166 - INFO - epoch 1375 training [time: 0.36s, train loss: 0.0341, reconstruction loss: 0.0131]
2026-02-12 19:47:08,524 - INFO - epoch 1376 training [time: 0.36s, train loss: 0.0340, reconstruction loss: 0.0131]
2026-02-12 19:47:08,885 - INFO - epoch 1377 training [time: 0.36s, train loss: 0.0340, reconstruction loss: 0.0131]
2026-02-12 19:47:09,244 - INFO - epoch 1378 training [time: 0.36s, train loss: 0.0340, reconstruction loss: 0.0131]
2026-02-12 19:47:09,604 - INFO - epoch 1379 training [time: 0.36s, train loss: 0.0341, reconstruction loss: 0.0131]
2026-02-12 19:47:09,973 - INFO - epoch 1380 training [time: 0.37s, train loss: 0.0341, reconstruction loss: 0.0131]
2026-02-12 19:47:10,332 - INFO - epoch 1381 training [time: 0.36s, train loss: 0.0341, reconstruction loss: 0.0131]
2026-02-12 19:47:10,694 - INFO - epoch 1382 training [time: 0.36s, train loss: 0.0340, reconstruction loss: 0.0131]
2026-02-12 19:47:11,049 - INFO - epoch 1383 training [time: 0.36s, train loss: 0.0341, reconstruction loss: 0.0131]
2026-02-12 19:47:11,415 - INFO - epoch 1384 training [time: 0.37s, train loss: 0.0340, reconstruction loss: 0.0131]
2026-02-12 19:47:11,776 - INFO - epoch 1385 training [time: 0.36s, train loss: 0.0340, reconstruction loss: 0.0131]
2026-02-12 19:47:12,138 - INFO - epoch 1386 training [time: 0.36s, train loss: 0.0341, reconstruction loss: 0.0131]
2026-02-12 19:47:12,501 - INFO - epoch 1387 training [time: 0.36s, train loss: 0.0341, reconstruction loss: 0.0131]
2026-02-12 19:47:12,864 - INFO - epoch 1388 training [time: 0.36s, train loss: 0.0341, reconstruction loss: 0.0131]
2026-02-12 19:47:13,225 - INFO - epoch 1389 training [time: 0.36s, train loss: 0.0341, reconstruction loss: 0.0131]
2026-02-12 19:47:13,581 - INFO - epoch 1390 training [time: 0.36s, train loss: 0.0341, reconstruction loss: 0.0131]
2026-02-12 19:47:13,940 - INFO - epoch 1391 training [time: 0.36s, train loss: 0.0341, reconstruction loss: 0.0131]
2026-02-12 19:47:14,301 - INFO - epoch 1392 training [time: 0.36s, train loss: 0.0341, reconstruction loss: 0.0131]
2026-02-12 19:47:14,661 - INFO - epoch 1393 training [time: 0.36s, train loss: 0.0341, reconstruction loss: 0.0131]
2026-02-12 19:47:15,025 - INFO - epoch 1394 training [time: 0.36s, train loss: 0.0341, reconstruction loss: 0.0131]
2026-02-12 19:47:15,382 - INFO - epoch 1395 training [time: 0.36s, train loss: 0.0340, reconstruction loss: 0.0131]
2026-02-12 19:47:15,742 - INFO - epoch 1396 training [time: 0.36s, train loss: 0.0341, reconstruction loss: 0.0131]
2026-02-12 19:47:16,099 - INFO - epoch 1397 training [time: 0.36s, train loss: 0.0341, reconstruction loss: 0.0131]
2026-02-12 19:47:16,458 - INFO - epoch 1398 training [time: 0.36s, train loss: 0.0341, reconstruction loss: 0.0131]
2026-02-12 19:47:16,819 - INFO - epoch 1399 training [time: 0.36s, train loss: 0.0341, reconstruction loss: 0.0131]
2026-02-12 19:47:17,004 - INFO - epoch 1399 evaluating [time: 0.18s, collision_rate: 0.055780]
2026-02-12 19:47:17,012 - INFO - Saving current/home/ming/news_rec/Data/ckpt/Feb-12-2026_19-39-07/epoch_1399_collision_0.0558_model.pth
2026-02-12 19:47:17,371 - INFO - epoch 1400 training [time: 0.36s, train loss: 0.0341, reconstruction loss: 0.0131]
2026-02-12 19:47:17,733 - INFO - epoch 1401 training [time: 0.36s, train loss: 0.0341, reconstruction loss: 0.0131]
2026-02-12 19:47:18,098 - INFO - epoch 1402 training [time: 0.36s, train loss: 0.0341, reconstruction loss: 0.0131]
2026-02-12 19:47:18,458 - INFO - epoch 1403 training [time: 0.36s, train loss: 0.0341, reconstruction loss: 0.0131]
2026-02-12 19:47:18,821 - INFO - epoch 1404 training [time: 0.36s, train loss: 0.0341, reconstruction loss: 0.0131]
2026-02-12 19:47:19,183 - INFO - epoch 1405 training [time: 0.36s, train loss: 0.0340, reconstruction loss: 0.0131]
2026-02-12 19:47:19,544 - INFO - epoch 1406 training [time: 0.36s, train loss: 0.0341, reconstruction loss: 0.0131]
2026-02-12 19:47:19,902 - INFO - epoch 1407 training [time: 0.36s, train loss: 0.0341, reconstruction loss: 0.0131]
2026-02-12 19:47:20,259 - INFO - epoch 1408 training [time: 0.36s, train loss: 0.0341, reconstruction loss: 0.0131]
2026-02-12 19:47:20,617 - INFO - epoch 1409 training [time: 0.36s, train loss: 0.0341, reconstruction loss: 0.0131]
2026-02-12 19:47:20,980 - INFO - epoch 1410 training [time: 0.36s, train loss: 0.0341, reconstruction loss: 0.0131]
2026-02-12 19:47:21,348 - INFO - epoch 1411 training [time: 0.37s, train loss: 0.0341, reconstruction loss: 0.0131]
2026-02-12 19:47:21,706 - INFO - epoch 1412 training [time: 0.36s, train loss: 0.0341, reconstruction loss: 0.0131]
2026-02-12 19:47:22,062 - INFO - epoch 1413 training [time: 0.36s, train loss: 0.0341, reconstruction loss: 0.0131]
2026-02-12 19:47:22,426 - INFO - epoch 1414 training [time: 0.36s, train loss: 0.0341, reconstruction loss: 0.0131]
2026-02-12 19:47:22,784 - INFO - epoch 1415 training [time: 0.36s, train loss: 0.0341, reconstruction loss: 0.0131]
2026-02-12 19:47:23,142 - INFO - epoch 1416 training [time: 0.36s, train loss: 0.0341, reconstruction loss: 0.0131]
2026-02-12 19:47:23,501 - INFO - epoch 1417 training [time: 0.36s, train loss: 0.0341, reconstruction loss: 0.0131]
2026-02-12 19:47:23,866 - INFO - epoch 1418 training [time: 0.36s, train loss: 0.0341, reconstruction loss: 0.0131]
2026-02-12 19:47:24,223 - INFO - epoch 1419 training [time: 0.36s, train loss: 0.0341, reconstruction loss: 0.0131]
2026-02-12 19:47:24,579 - INFO - epoch 1420 training [time: 0.36s, train loss: 0.0341, reconstruction loss: 0.0131]
2026-02-12 19:47:24,937 - INFO - epoch 1421 training [time: 0.36s, train loss: 0.0341, reconstruction loss: 0.0131]
2026-02-12 19:47:25,294 - INFO - epoch 1422 training [time: 0.36s, train loss: 0.0340, reconstruction loss: 0.0131]
2026-02-12 19:47:25,655 - INFO - epoch 1423 training [time: 0.36s, train loss: 0.0341, reconstruction loss: 0.0131]
2026-02-12 19:47:26,018 - INFO - epoch 1424 training [time: 0.36s, train loss: 0.0341, reconstruction loss: 0.0131]
2026-02-12 19:47:26,377 - INFO - epoch 1425 training [time: 0.36s, train loss: 0.0340, reconstruction loss: 0.0131]
2026-02-12 19:47:26,740 - INFO - epoch 1426 training [time: 0.36s, train loss: 0.0341, reconstruction loss: 0.0131]
2026-02-12 19:47:27,101 - INFO - epoch 1427 training [time: 0.36s, train loss: 0.0341, reconstruction loss: 0.0131]
2026-02-12 19:47:27,461 - INFO - epoch 1428 training [time: 0.36s, train loss: 0.0341, reconstruction loss: 0.0131]
2026-02-12 19:47:27,820 - INFO - epoch 1429 training [time: 0.36s, train loss: 0.0341, reconstruction loss: 0.0131]
2026-02-12 19:47:28,176 - INFO - epoch 1430 training [time: 0.36s, train loss: 0.0342, reconstruction loss: 0.0131]
2026-02-12 19:47:28,534 - INFO - epoch 1431 training [time: 0.36s, train loss: 0.0341, reconstruction loss: 0.0131]
2026-02-12 19:47:28,891 - INFO - epoch 1432 training [time: 0.36s, train loss: 0.0341, reconstruction loss: 0.0131]
2026-02-12 19:47:29,251 - INFO - epoch 1433 training [time: 0.36s, train loss: 0.0342, reconstruction loss: 0.0131]
2026-02-12 19:47:29,610 - INFO - epoch 1434 training [time: 0.36s, train loss: 0.0341, reconstruction loss: 0.0131]
2026-02-12 19:47:29,966 - INFO - epoch 1435 training [time: 0.36s, train loss: 0.0342, reconstruction loss: 0.0131]
2026-02-12 19:47:30,324 - INFO - epoch 1436 training [time: 0.36s, train loss: 0.0341, reconstruction loss: 0.0131]
2026-02-12 19:47:30,683 - INFO - epoch 1437 training [time: 0.36s, train loss: 0.0342, reconstruction loss: 0.0131]
2026-02-12 19:47:31,043 - INFO - epoch 1438 training [time: 0.36s, train loss: 0.0342, reconstruction loss: 0.0131]
2026-02-12 19:47:31,398 - INFO - epoch 1439 training [time: 0.35s, train loss: 0.0341, reconstruction loss: 0.0131]
2026-02-12 19:47:31,760 - INFO - epoch 1440 training [time: 0.36s, train loss: 0.0342, reconstruction loss: 0.0131]
2026-02-12 19:47:32,120 - INFO - epoch 1441 training [time: 0.36s, train loss: 0.0342, reconstruction loss: 0.0131]
2026-02-12 19:47:32,483 - INFO - epoch 1442 training [time: 0.36s, train loss: 0.0342, reconstruction loss: 0.0131]
2026-02-12 19:47:32,842 - INFO - epoch 1443 training [time: 0.36s, train loss: 0.0341, reconstruction loss: 0.0131]
2026-02-12 19:47:33,204 - INFO - epoch 1444 training [time: 0.36s, train loss: 0.0341, reconstruction loss: 0.0131]
2026-02-12 19:47:33,569 - INFO - epoch 1445 training [time: 0.36s, train loss: 0.0342, reconstruction loss: 0.0131]
2026-02-12 19:47:33,937 - INFO - epoch 1446 training [time: 0.37s, train loss: 0.0342, reconstruction loss: 0.0131]
2026-02-12 19:47:34,296 - INFO - epoch 1447 training [time: 0.36s, train loss: 0.0342, reconstruction loss: 0.0131]
2026-02-12 19:47:34,657 - INFO - epoch 1448 training [time: 0.36s, train loss: 0.0342, reconstruction loss: 0.0131]
2026-02-12 19:47:35,011 - INFO - epoch 1449 training [time: 0.35s, train loss: 0.0341, reconstruction loss: 0.0131]
2026-02-12 19:47:35,194 - INFO - epoch 1449 evaluating [time: 0.18s, collision_rate: 0.056547]
2026-02-12 19:47:35,202 - INFO - Saving current/home/ming/news_rec/Data/ckpt/Feb-12-2026_19-39-07/epoch_1449_collision_0.0565_model.pth
2026-02-12 19:47:35,559 - INFO - epoch 1450 training [time: 0.36s, train loss: 0.0341, reconstruction loss: 0.0131]
2026-02-12 19:47:35,918 - INFO - epoch 1451 training [time: 0.36s, train loss: 0.0341, reconstruction loss: 0.0131]
2026-02-12 19:47:36,277 - INFO - epoch 1452 training [time: 0.36s, train loss: 0.0341, reconstruction loss: 0.0131]
2026-02-12 19:47:36,643 - INFO - epoch 1453 training [time: 0.37s, train loss: 0.0342, reconstruction loss: 0.0131]
2026-02-12 19:47:37,002 - INFO - epoch 1454 training [time: 0.36s, train loss: 0.0342, reconstruction loss: 0.0131]
2026-02-12 19:47:37,366 - INFO - epoch 1455 training [time: 0.36s, train loss: 0.0342, reconstruction loss: 0.0131]
2026-02-12 19:47:37,729 - INFO - epoch 1456 training [time: 0.36s, train loss: 0.0342, reconstruction loss: 0.0131]
2026-02-12 19:47:38,092 - INFO - epoch 1457 training [time: 0.36s, train loss: 0.0342, reconstruction loss: 0.0131]
2026-02-12 19:47:38,454 - INFO - epoch 1458 training [time: 0.36s, train loss: 0.0342, reconstruction loss: 0.0131]
2026-02-12 19:47:38,816 - INFO - epoch 1459 training [time: 0.36s, train loss: 0.0342, reconstruction loss: 0.0131]
2026-02-12 19:47:39,175 - INFO - epoch 1460 training [time: 0.36s, train loss: 0.0342, reconstruction loss: 0.0131]
2026-02-12 19:47:39,540 - INFO - epoch 1461 training [time: 0.36s, train loss: 0.0342, reconstruction loss: 0.0131]
2026-02-12 19:47:39,903 - INFO - epoch 1462 training [time: 0.36s, train loss: 0.0342, reconstruction loss: 0.0131]
2026-02-12 19:47:40,259 - INFO - epoch 1463 training [time: 0.36s, train loss: 0.0342, reconstruction loss: 0.0131]
2026-02-12 19:47:40,620 - INFO - epoch 1464 training [time: 0.36s, train loss: 0.0342, reconstruction loss: 0.0131]
2026-02-12 19:47:40,982 - INFO - epoch 1465 training [time: 0.36s, train loss: 0.0341, reconstruction loss: 0.0131]
2026-02-12 19:47:41,342 - INFO - epoch 1466 training [time: 0.36s, train loss: 0.0342, reconstruction loss: 0.0131]
2026-02-12 19:47:41,705 - INFO - epoch 1467 training [time: 0.36s, train loss: 0.0342, reconstruction loss: 0.0131]
2026-02-12 19:47:42,067 - INFO - epoch 1468 training [time: 0.36s, train loss: 0.0341, reconstruction loss: 0.0131]
2026-02-12 19:47:42,427 - INFO - epoch 1469 training [time: 0.36s, train loss: 0.0342, reconstruction loss: 0.0131]
2026-02-12 19:47:42,787 - INFO - epoch 1470 training [time: 0.36s, train loss: 0.0342, reconstruction loss: 0.0131]
2026-02-12 19:47:43,149 - INFO - epoch 1471 training [time: 0.36s, train loss: 0.0342, reconstruction loss: 0.0131]
2026-02-12 19:47:43,509 - INFO - epoch 1472 training [time: 0.36s, train loss: 0.0342, reconstruction loss: 0.0131]
2026-02-12 19:47:43,870 - INFO - epoch 1473 training [time: 0.36s, train loss: 0.0342, reconstruction loss: 0.0131]
2026-02-12 19:47:44,230 - INFO - epoch 1474 training [time: 0.36s, train loss: 0.0342, reconstruction loss: 0.0131]
2026-02-12 19:47:44,585 - INFO - epoch 1475 training [time: 0.36s, train loss: 0.0342, reconstruction loss: 0.0131]
2026-02-12 19:47:44,945 - INFO - epoch 1476 training [time: 0.36s, train loss: 0.0342, reconstruction loss: 0.0131]
2026-02-12 19:47:45,308 - INFO - epoch 1477 training [time: 0.36s, train loss: 0.0342, reconstruction loss: 0.0131]
2026-02-12 19:47:45,669 - INFO - epoch 1478 training [time: 0.36s, train loss: 0.0343, reconstruction loss: 0.0131]
2026-02-12 19:47:46,028 - INFO - epoch 1479 training [time: 0.36s, train loss: 0.0343, reconstruction loss: 0.0131]
2026-02-12 19:47:46,394 - INFO - epoch 1480 training [time: 0.37s, train loss: 0.0342, reconstruction loss: 0.0131]
2026-02-12 19:47:46,754 - INFO - epoch 1481 training [time: 0.36s, train loss: 0.0342, reconstruction loss: 0.0131]
2026-02-12 19:47:47,114 - INFO - epoch 1482 training [time: 0.36s, train loss: 0.0342, reconstruction loss: 0.0131]
2026-02-12 19:47:47,480 - INFO - epoch 1483 training [time: 0.37s, train loss: 0.0343, reconstruction loss: 0.0131]
2026-02-12 19:47:47,835 - INFO - epoch 1484 training [time: 0.35s, train loss: 0.0342, reconstruction loss: 0.0131]
2026-02-12 19:47:48,197 - INFO - epoch 1485 training [time: 0.36s, train loss: 0.0342, reconstruction loss: 0.0131]
2026-02-12 19:47:48,557 - INFO - epoch 1486 training [time: 0.36s, train loss: 0.0342, reconstruction loss: 0.0131]
2026-02-12 19:47:48,920 - INFO - epoch 1487 training [time: 0.36s, train loss: 0.0343, reconstruction loss: 0.0131]
2026-02-12 19:47:49,282 - INFO - epoch 1488 training [time: 0.36s, train loss: 0.0343, reconstruction loss: 0.0131]
2026-02-12 19:47:49,641 - INFO - epoch 1489 training [time: 0.36s, train loss: 0.0343, reconstruction loss: 0.0131]
2026-02-12 19:47:50,000 - INFO - epoch 1490 training [time: 0.36s, train loss: 0.0343, reconstruction loss: 0.0131]
2026-02-12 19:47:50,354 - INFO - epoch 1491 training [time: 0.35s, train loss: 0.0343, reconstruction loss: 0.0131]
2026-02-12 19:47:50,715 - INFO - epoch 1492 training [time: 0.36s, train loss: 0.0343, reconstruction loss: 0.0131]
2026-02-12 19:47:51,073 - INFO - epoch 1493 training [time: 0.36s, train loss: 0.0343, reconstruction loss: 0.0131]
2026-02-12 19:47:51,436 - INFO - epoch 1494 training [time: 0.36s, train loss: 0.0343, reconstruction loss: 0.0131]
2026-02-12 19:47:51,796 - INFO - epoch 1495 training [time: 0.36s, train loss: 0.0342, reconstruction loss: 0.0131]
2026-02-12 19:47:52,153 - INFO - epoch 1496 training [time: 0.36s, train loss: 0.0342, reconstruction loss: 0.0131]
2026-02-12 19:47:52,512 - INFO - epoch 1497 training [time: 0.36s, train loss: 0.0342, reconstruction loss: 0.0131]
2026-02-12 19:47:52,874 - INFO - epoch 1498 training [time: 0.36s, train loss: 0.0342, reconstruction loss: 0.0131]
2026-02-12 19:47:53,233 - INFO - epoch 1499 training [time: 0.36s, train loss: 0.0342, reconstruction loss: 0.0131]
2026-02-12 19:47:53,407 - INFO - epoch 1499 evaluating [time: 0.17s, collision_rate: 0.057620]
2026-02-12 19:47:53,415 - INFO - Saving current/home/ming/news_rec/Data/ckpt/Feb-12-2026_19-39-07/epoch_1499_collision_0.0576_model.pth
2026-02-12 19:47:53,775 - INFO - epoch 1500 training [time: 0.36s, train loss: 0.0342, reconstruction loss: 0.0131]
2026-02-12 19:47:54,137 - INFO - epoch 1501 training [time: 0.36s, train loss: 0.0342, reconstruction loss: 0.0131]
2026-02-12 19:47:54,499 - INFO - epoch 1502 training [time: 0.36s, train loss: 0.0343, reconstruction loss: 0.0131]
2026-02-12 19:47:54,858 - INFO - epoch 1503 training [time: 0.36s, train loss: 0.0342, reconstruction loss: 0.0131]
2026-02-12 19:47:55,223 - INFO - epoch 1504 training [time: 0.36s, train loss: 0.0343, reconstruction loss: 0.0131]
2026-02-12 19:47:55,582 - INFO - epoch 1505 training [time: 0.36s, train loss: 0.0343, reconstruction loss: 0.0131]
2026-02-12 19:47:55,947 - INFO - epoch 1506 training [time: 0.36s, train loss: 0.0343, reconstruction loss: 0.0131]
2026-02-12 19:47:56,307 - INFO - epoch 1507 training [time: 0.36s, train loss: 0.0343, reconstruction loss: 0.0131]
2026-02-12 19:47:56,661 - INFO - epoch 1508 training [time: 0.35s, train loss: 0.0343, reconstruction loss: 0.0131]
2026-02-12 19:47:57,016 - INFO - epoch 1509 training [time: 0.35s, train loss: 0.0342, reconstruction loss: 0.0131]
2026-02-12 19:47:57,375 - INFO - epoch 1510 training [time: 0.36s, train loss: 0.0342, reconstruction loss: 0.0131]
2026-02-12 19:47:57,738 - INFO - epoch 1511 training [time: 0.36s, train loss: 0.0343, reconstruction loss: 0.0131]
2026-02-12 19:47:58,097 - INFO - epoch 1512 training [time: 0.36s, train loss: 0.0343, reconstruction loss: 0.0131]
2026-02-12 19:47:58,461 - INFO - epoch 1513 training [time: 0.36s, train loss: 0.0343, reconstruction loss: 0.0131]
2026-02-12 19:47:58,822 - INFO - epoch 1514 training [time: 0.36s, train loss: 0.0343, reconstruction loss: 0.0131]
2026-02-12 19:47:59,181 - INFO - epoch 1515 training [time: 0.36s, train loss: 0.0343, reconstruction loss: 0.0131]
2026-02-12 19:47:59,538 - INFO - epoch 1516 training [time: 0.36s, train loss: 0.0343, reconstruction loss: 0.0131]
2026-02-12 19:47:59,899 - INFO - epoch 1517 training [time: 0.36s, train loss: 0.0342, reconstruction loss: 0.0131]
2026-02-12 19:48:00,261 - INFO - epoch 1518 training [time: 0.36s, train loss: 0.0343, reconstruction loss: 0.0131]
2026-02-12 19:48:00,620 - INFO - epoch 1519 training [time: 0.36s, train loss: 0.0343, reconstruction loss: 0.0131]
2026-02-12 19:48:00,979 - INFO - epoch 1520 training [time: 0.36s, train loss: 0.0342, reconstruction loss: 0.0131]
2026-02-12 19:48:01,344 - INFO - epoch 1521 training [time: 0.37s, train loss: 0.0342, reconstruction loss: 0.0131]
2026-02-12 19:48:01,705 - INFO - epoch 1522 training [time: 0.36s, train loss: 0.0343, reconstruction loss: 0.0131]
2026-02-12 19:48:02,064 - INFO - epoch 1523 training [time: 0.36s, train loss: 0.0342, reconstruction loss: 0.0131]
2026-02-12 19:48:02,428 - INFO - epoch 1524 training [time: 0.36s, train loss: 0.0343, reconstruction loss: 0.0131]
2026-02-12 19:48:02,788 - INFO - epoch 1525 training [time: 0.36s, train loss: 0.0343, reconstruction loss: 0.0131]
2026-02-12 19:48:03,148 - INFO - epoch 1526 training [time: 0.36s, train loss: 0.0343, reconstruction loss: 0.0131]
2026-02-12 19:48:03,506 - INFO - epoch 1527 training [time: 0.36s, train loss: 0.0344, reconstruction loss: 0.0131]
2026-02-12 19:48:03,869 - INFO - epoch 1528 training [time: 0.36s, train loss: 0.0343, reconstruction loss: 0.0131]
2026-02-12 19:48:04,228 - INFO - epoch 1529 training [time: 0.36s, train loss: 0.0343, reconstruction loss: 0.0131]
2026-02-12 19:48:04,588 - INFO - epoch 1530 training [time: 0.36s, train loss: 0.0343, reconstruction loss: 0.0131]
2026-02-12 19:48:04,956 - INFO - epoch 1531 training [time: 0.37s, train loss: 0.0343, reconstruction loss: 0.0131]
2026-02-12 19:48:05,321 - INFO - epoch 1532 training [time: 0.36s, train loss: 0.0342, reconstruction loss: 0.0131]
2026-02-12 19:48:05,686 - INFO - epoch 1533 training [time: 0.37s, train loss: 0.0343, reconstruction loss: 0.0131]
2026-02-12 19:48:06,056 - INFO - epoch 1534 training [time: 0.37s, train loss: 0.0343, reconstruction loss: 0.0131]
2026-02-12 19:48:06,426 - INFO - epoch 1535 training [time: 0.37s, train loss: 0.0343, reconstruction loss: 0.0131]
2026-02-12 19:48:06,791 - INFO - epoch 1536 training [time: 0.36s, train loss: 0.0343, reconstruction loss: 0.0131]
2026-02-12 19:48:07,153 - INFO - epoch 1537 training [time: 0.36s, train loss: 0.0343, reconstruction loss: 0.0131]
2026-02-12 19:48:07,515 - INFO - epoch 1538 training [time: 0.36s, train loss: 0.0343, reconstruction loss: 0.0131]
2026-02-12 19:48:07,872 - INFO - epoch 1539 training [time: 0.36s, train loss: 0.0343, reconstruction loss: 0.0131]
2026-02-12 19:48:08,237 - INFO - epoch 1540 training [time: 0.36s, train loss: 0.0343, reconstruction loss: 0.0131]
2026-02-12 19:48:08,593 - INFO - epoch 1541 training [time: 0.36s, train loss: 0.0343, reconstruction loss: 0.0131]
2026-02-12 19:48:08,949 - INFO - epoch 1542 training [time: 0.36s, train loss: 0.0343, reconstruction loss: 0.0131]
2026-02-12 19:48:09,310 - INFO - epoch 1543 training [time: 0.36s, train loss: 0.0343, reconstruction loss: 0.0131]
2026-02-12 19:48:09,671 - INFO - epoch 1544 training [time: 0.36s, train loss: 0.0343, reconstruction loss: 0.0131]
2026-02-12 19:48:10,034 - INFO - epoch 1545 training [time: 0.36s, train loss: 0.0344, reconstruction loss: 0.0131]
2026-02-12 19:48:10,392 - INFO - epoch 1546 training [time: 0.36s, train loss: 0.0343, reconstruction loss: 0.0131]
2026-02-12 19:48:10,748 - INFO - epoch 1547 training [time: 0.36s, train loss: 0.0343, reconstruction loss: 0.0131]
2026-02-12 19:48:11,109 - INFO - epoch 1548 training [time: 0.36s, train loss: 0.0343, reconstruction loss: 0.0131]
2026-02-12 19:48:11,474 - INFO - epoch 1549 training [time: 0.37s, train loss: 0.0343, reconstruction loss: 0.0131]
2026-02-12 19:48:11,651 - INFO - epoch 1549 evaluating [time: 0.18s, collision_rate: 0.055780]
2026-02-12 19:48:11,659 - INFO - Saving current/home/ming/news_rec/Data/ckpt/Feb-12-2026_19-39-07/epoch_1549_collision_0.0558_model.pth
2026-02-12 19:48:12,019 - INFO - epoch 1550 training [time: 0.36s, train loss: 0.0343, reconstruction loss: 0.0131]
2026-02-12 19:48:12,379 - INFO - epoch 1551 training [time: 0.36s, train loss: 0.0343, reconstruction loss: 0.0131]
2026-02-12 19:48:12,737 - INFO - epoch 1552 training [time: 0.36s, train loss: 0.0343, reconstruction loss: 0.0131]
2026-02-12 19:48:13,102 - INFO - epoch 1553 training [time: 0.36s, train loss: 0.0343, reconstruction loss: 0.0131]
2026-02-12 19:48:13,459 - INFO - epoch 1554 training [time: 0.36s, train loss: 0.0343, reconstruction loss: 0.0131]
2026-02-12 19:48:13,820 - INFO - epoch 1555 training [time: 0.36s, train loss: 0.0343, reconstruction loss: 0.0131]
2026-02-12 19:48:14,184 - INFO - epoch 1556 training [time: 0.36s, train loss: 0.0343, reconstruction loss: 0.0131]
2026-02-12 19:48:14,550 - INFO - epoch 1557 training [time: 0.37s, train loss: 0.0343, reconstruction loss: 0.0131]
2026-02-12 19:48:14,913 - INFO - epoch 1558 training [time: 0.36s, train loss: 0.0343, reconstruction loss: 0.0131]
2026-02-12 19:48:15,272 - INFO - epoch 1559 training [time: 0.36s, train loss: 0.0343, reconstruction loss: 0.0131]
2026-02-12 19:48:15,631 - INFO - epoch 1560 training [time: 0.36s, train loss: 0.0343, reconstruction loss: 0.0131]
2026-02-12 19:48:15,990 - INFO - epoch 1561 training [time: 0.36s, train loss: 0.0343, reconstruction loss: 0.0131]
2026-02-12 19:48:16,354 - INFO - epoch 1562 training [time: 0.36s, train loss: 0.0343, reconstruction loss: 0.0131]
2026-02-12 19:48:16,713 - INFO - epoch 1563 training [time: 0.36s, train loss: 0.0343, reconstruction loss: 0.0131]
2026-02-12 19:48:17,070 - INFO - epoch 1564 training [time: 0.36s, train loss: 0.0343, reconstruction loss: 0.0131]
2026-02-12 19:48:17,429 - INFO - epoch 1565 training [time: 0.36s, train loss: 0.0344, reconstruction loss: 0.0131]
2026-02-12 19:48:17,785 - INFO - epoch 1566 training [time: 0.36s, train loss: 0.0344, reconstruction loss: 0.0131]
2026-02-12 19:48:18,144 - INFO - epoch 1567 training [time: 0.36s, train loss: 0.0343, reconstruction loss: 0.0131]
2026-02-12 19:48:18,507 - INFO - epoch 1568 training [time: 0.36s, train loss: 0.0344, reconstruction loss: 0.0131]
2026-02-12 19:48:18,868 - INFO - epoch 1569 training [time: 0.36s, train loss: 0.0344, reconstruction loss: 0.0131]
2026-02-12 19:48:19,226 - INFO - epoch 1570 training [time: 0.36s, train loss: 0.0343, reconstruction loss: 0.0131]
2026-02-12 19:48:19,587 - INFO - epoch 1571 training [time: 0.36s, train loss: 0.0343, reconstruction loss: 0.0131]
2026-02-12 19:48:19,945 - INFO - epoch 1572 training [time: 0.36s, train loss: 0.0343, reconstruction loss: 0.0131]
2026-02-12 19:48:20,304 - INFO - epoch 1573 training [time: 0.36s, train loss: 0.0343, reconstruction loss: 0.0131]
2026-02-12 19:48:20,664 - INFO - epoch 1574 training [time: 0.36s, train loss: 0.0343, reconstruction loss: 0.0131]
2026-02-12 19:48:21,023 - INFO - epoch 1575 training [time: 0.36s, train loss: 0.0344, reconstruction loss: 0.0131]
2026-02-12 19:48:21,390 - INFO - epoch 1576 training [time: 0.37s, train loss: 0.0344, reconstruction loss: 0.0131]
2026-02-12 19:48:21,752 - INFO - epoch 1577 training [time: 0.36s, train loss: 0.0344, reconstruction loss: 0.0131]
2026-02-12 19:48:22,115 - INFO - epoch 1578 training [time: 0.36s, train loss: 0.0344, reconstruction loss: 0.0131]
2026-02-12 19:48:22,475 - INFO - epoch 1579 training [time: 0.36s, train loss: 0.0344, reconstruction loss: 0.0131]
2026-02-12 19:48:22,839 - INFO - epoch 1580 training [time: 0.36s, train loss: 0.0344, reconstruction loss: 0.0131]
2026-02-12 19:48:23,203 - INFO - epoch 1581 training [time: 0.36s, train loss: 0.0343, reconstruction loss: 0.0131]
2026-02-12 19:48:23,568 - INFO - epoch 1582 training [time: 0.36s, train loss: 0.0344, reconstruction loss: 0.0131]
2026-02-12 19:48:23,926 - INFO - epoch 1583 training [time: 0.36s, train loss: 0.0343, reconstruction loss: 0.0131]
2026-02-12 19:48:24,286 - INFO - epoch 1584 training [time: 0.36s, train loss: 0.0343, reconstruction loss: 0.0131]
2026-02-12 19:48:24,643 - INFO - epoch 1585 training [time: 0.36s, train loss: 0.0343, reconstruction loss: 0.0131]
2026-02-12 19:48:25,001 - INFO - epoch 1586 training [time: 0.36s, train loss: 0.0344, reconstruction loss: 0.0131]
2026-02-12 19:48:25,359 - INFO - epoch 1587 training [time: 0.36s, train loss: 0.0343, reconstruction loss: 0.0131]
2026-02-12 19:48:25,714 - INFO - epoch 1588 training [time: 0.35s, train loss: 0.0344, reconstruction loss: 0.0131]
2026-02-12 19:48:26,074 - INFO - epoch 1589 training [time: 0.36s, train loss: 0.0344, reconstruction loss: 0.0131]
2026-02-12 19:48:26,434 - INFO - epoch 1590 training [time: 0.36s, train loss: 0.0344, reconstruction loss: 0.0131]
2026-02-12 19:48:26,797 - INFO - epoch 1591 training [time: 0.36s, train loss: 0.0344, reconstruction loss: 0.0131]
2026-02-12 19:48:27,159 - INFO - epoch 1592 training [time: 0.36s, train loss: 0.0343, reconstruction loss: 0.0131]
2026-02-12 19:48:27,525 - INFO - epoch 1593 training [time: 0.37s, train loss: 0.0344, reconstruction loss: 0.0131]
2026-02-12 19:48:27,888 - INFO - epoch 1594 training [time: 0.36s, train loss: 0.0343, reconstruction loss: 0.0131]
2026-02-12 19:48:28,250 - INFO - epoch 1595 training [time: 0.36s, train loss: 0.0343, reconstruction loss: 0.0131]
2026-02-12 19:48:28,611 - INFO - epoch 1596 training [time: 0.36s, train loss: 0.0343, reconstruction loss: 0.0131]
2026-02-12 19:48:28,970 - INFO - epoch 1597 training [time: 0.36s, train loss: 0.0343, reconstruction loss: 0.0131]
2026-02-12 19:48:29,324 - INFO - epoch 1598 training [time: 0.35s, train loss: 0.0343, reconstruction loss: 0.0131]
2026-02-12 19:48:29,684 - INFO - epoch 1599 training [time: 0.36s, train loss: 0.0344, reconstruction loss: 0.0131]
2026-02-12 19:48:29,859 - INFO - epoch 1599 evaluating [time: 0.17s, collision_rate: 0.056501]
2026-02-12 19:48:29,867 - INFO - Saving current/home/ming/news_rec/Data/ckpt/Feb-12-2026_19-39-07/epoch_1599_collision_0.0565_model.pth
2026-02-12 19:48:30,231 - INFO - epoch 1600 training [time: 0.36s, train loss: 0.0344, reconstruction loss: 0.0131]
2026-02-12 19:48:30,594 - INFO - epoch 1601 training [time: 0.36s, train loss: 0.0344, reconstruction loss: 0.0131]
2026-02-12 19:48:30,955 - INFO - epoch 1602 training [time: 0.36s, train loss: 0.0344, reconstruction loss: 0.0131]
2026-02-12 19:48:31,316 - INFO - epoch 1603 training [time: 0.36s, train loss: 0.0344, reconstruction loss: 0.0131]
2026-02-12 19:48:31,675 - INFO - epoch 1604 training [time: 0.36s, train loss: 0.0344, reconstruction loss: 0.0131]
2026-02-12 19:48:32,033 - INFO - epoch 1605 training [time: 0.36s, train loss: 0.0344, reconstruction loss: 0.0131]
2026-02-12 19:48:32,391 - INFO - epoch 1606 training [time: 0.36s, train loss: 0.0344, reconstruction loss: 0.0131]
2026-02-12 19:48:32,752 - INFO - epoch 1607 training [time: 0.36s, train loss: 0.0344, reconstruction loss: 0.0131]
2026-02-12 19:48:33,114 - INFO - epoch 1608 training [time: 0.36s, train loss: 0.0344, reconstruction loss: 0.0131]
2026-02-12 19:48:33,478 - INFO - epoch 1609 training [time: 0.36s, train loss: 0.0344, reconstruction loss: 0.0131]
2026-02-12 19:48:33,837 - INFO - epoch 1610 training [time: 0.36s, train loss: 0.0344, reconstruction loss: 0.0131]
2026-02-12 19:48:34,199 - INFO - epoch 1611 training [time: 0.36s, train loss: 0.0344, reconstruction loss: 0.0131]
2026-02-12 19:48:34,558 - INFO - epoch 1612 training [time: 0.36s, train loss: 0.0344, reconstruction loss: 0.0131]
2026-02-12 19:48:34,917 - INFO - epoch 1613 training [time: 0.36s, train loss: 0.0344, reconstruction loss: 0.0131]
2026-02-12 19:48:35,275 - INFO - epoch 1614 training [time: 0.36s, train loss: 0.0344, reconstruction loss: 0.0131]
2026-02-12 19:48:35,633 - INFO - epoch 1615 training [time: 0.36s, train loss: 0.0344, reconstruction loss: 0.0131]
2026-02-12 19:48:35,995 - INFO - epoch 1616 training [time: 0.36s, train loss: 0.0345, reconstruction loss: 0.0131]
2026-02-12 19:48:36,365 - INFO - epoch 1617 training [time: 0.37s, train loss: 0.0344, reconstruction loss: 0.0131]
2026-02-12 19:48:36,731 - INFO - epoch 1618 training [time: 0.37s, train loss: 0.0344, reconstruction loss: 0.0131]
2026-02-12 19:48:37,086 - INFO - epoch 1619 training [time: 0.36s, train loss: 0.0344, reconstruction loss: 0.0131]
2026-02-12 19:48:37,447 - INFO - epoch 1620 training [time: 0.36s, train loss: 0.0344, reconstruction loss: 0.0131]
2026-02-12 19:48:37,807 - INFO - epoch 1621 training [time: 0.36s, train loss: 0.0344, reconstruction loss: 0.0131]
2026-02-12 19:48:38,170 - INFO - epoch 1622 training [time: 0.36s, train loss: 0.0345, reconstruction loss: 0.0131]
2026-02-12 19:48:38,535 - INFO - epoch 1623 training [time: 0.37s, train loss: 0.0344, reconstruction loss: 0.0131]
2026-02-12 19:48:38,896 - INFO - epoch 1624 training [time: 0.36s, train loss: 0.0344, reconstruction loss: 0.0131]
2026-02-12 19:48:39,256 - INFO - epoch 1625 training [time: 0.36s, train loss: 0.0344, reconstruction loss: 0.0131]
2026-02-12 19:48:39,621 - INFO - epoch 1626 training [time: 0.36s, train loss: 0.0344, reconstruction loss: 0.0131]
2026-02-12 19:48:39,980 - INFO - epoch 1627 training [time: 0.36s, train loss: 0.0344, reconstruction loss: 0.0131]
2026-02-12 19:48:40,339 - INFO - epoch 1628 training [time: 0.36s, train loss: 0.0344, reconstruction loss: 0.0131]
2026-02-12 19:48:40,700 - INFO - epoch 1629 training [time: 0.36s, train loss: 0.0344, reconstruction loss: 0.0131]
2026-02-12 19:48:41,061 - INFO - epoch 1630 training [time: 0.36s, train loss: 0.0344, reconstruction loss: 0.0130]
2026-02-12 19:48:41,428 - INFO - epoch 1631 training [time: 0.37s, train loss: 0.0344, reconstruction loss: 0.0131]
2026-02-12 19:48:41,789 - INFO - epoch 1632 training [time: 0.36s, train loss: 0.0344, reconstruction loss: 0.0130]
2026-02-12 19:48:42,153 - INFO - epoch 1633 training [time: 0.36s, train loss: 0.0344, reconstruction loss: 0.0131]
2026-02-12 19:48:42,516 - INFO - epoch 1634 training [time: 0.36s, train loss: 0.0344, reconstruction loss: 0.0130]
2026-02-12 19:48:42,872 - INFO - epoch 1635 training [time: 0.36s, train loss: 0.0344, reconstruction loss: 0.0130]
2026-02-12 19:48:43,237 - INFO - epoch 1636 training [time: 0.36s, train loss: 0.0345, reconstruction loss: 0.0130]
2026-02-12 19:48:43,599 - INFO - epoch 1637 training [time: 0.36s, train loss: 0.0344, reconstruction loss: 0.0131]
2026-02-12 19:48:43,963 - INFO - epoch 1638 training [time: 0.36s, train loss: 0.0344, reconstruction loss: 0.0130]
2026-02-12 19:48:44,326 - INFO - epoch 1639 training [time: 0.36s, train loss: 0.0345, reconstruction loss: 0.0131]
2026-02-12 19:48:44,690 - INFO - epoch 1640 training [time: 0.36s, train loss: 0.0345, reconstruction loss: 0.0131]
2026-02-12 19:48:45,048 - INFO - epoch 1641 training [time: 0.36s, train loss: 0.0345, reconstruction loss: 0.0131]
2026-02-12 19:48:45,409 - INFO - epoch 1642 training [time: 0.36s, train loss: 0.0345, reconstruction loss: 0.0130]
2026-02-12 19:48:45,767 - INFO - epoch 1643 training [time: 0.36s, train loss: 0.0345, reconstruction loss: 0.0130]
2026-02-12 19:48:46,124 - INFO - epoch 1644 training [time: 0.36s, train loss: 0.0345, reconstruction loss: 0.0130]
2026-02-12 19:48:46,486 - INFO - epoch 1645 training [time: 0.36s, train loss: 0.0345, reconstruction loss: 0.0130]
2026-02-12 19:48:46,843 - INFO - epoch 1646 training [time: 0.36s, train loss: 0.0344, reconstruction loss: 0.0130]
2026-02-12 19:48:47,199 - INFO - epoch 1647 training [time: 0.36s, train loss: 0.0344, reconstruction loss: 0.0130]
2026-02-12 19:48:47,560 - INFO - epoch 1648 training [time: 0.36s, train loss: 0.0344, reconstruction loss: 0.0130]
2026-02-12 19:48:47,921 - INFO - epoch 1649 training [time: 0.36s, train loss: 0.0344, reconstruction loss: 0.0130]
2026-02-12 19:48:48,099 - INFO - epoch 1649 evaluating [time: 0.18s, collision_rate: 0.056455]
2026-02-12 19:48:48,108 - INFO - Saving current/home/ming/news_rec/Data/ckpt/Feb-12-2026_19-39-07/epoch_1649_collision_0.0565_model.pth
2026-02-12 19:48:48,469 - INFO - epoch 1650 training [time: 0.36s, train loss: 0.0345, reconstruction loss: 0.0130]
2026-02-12 19:48:48,835 - INFO - epoch 1651 training [time: 0.37s, train loss: 0.0344, reconstruction loss: 0.0130]
2026-02-12 19:48:49,195 - INFO - epoch 1652 training [time: 0.36s, train loss: 0.0345, reconstruction loss: 0.0130]
2026-02-12 19:48:49,560 - INFO - epoch 1653 training [time: 0.36s, train loss: 0.0344, reconstruction loss: 0.0130]
2026-02-12 19:48:49,917 - INFO - epoch 1654 training [time: 0.36s, train loss: 0.0344, reconstruction loss: 0.0130]
2026-02-12 19:48:50,275 - INFO - epoch 1655 training [time: 0.36s, train loss: 0.0344, reconstruction loss: 0.0130]
2026-02-12 19:48:50,637 - INFO - epoch 1656 training [time: 0.36s, train loss: 0.0345, reconstruction loss: 0.0130]
2026-02-12 19:48:51,000 - INFO - epoch 1657 training [time: 0.36s, train loss: 0.0345, reconstruction loss: 0.0130]
2026-02-12 19:48:51,363 - INFO - epoch 1658 training [time: 0.36s, train loss: 0.0344, reconstruction loss: 0.0130]
2026-02-12 19:48:51,733 - INFO - epoch 1659 training [time: 0.37s, train loss: 0.0345, reconstruction loss: 0.0130]
2026-02-12 19:48:52,095 - INFO - epoch 1660 training [time: 0.36s, train loss: 0.0345, reconstruction loss: 0.0130]
2026-02-12 19:48:52,454 - INFO - epoch 1661 training [time: 0.36s, train loss: 0.0344, reconstruction loss: 0.0130]
2026-02-12 19:48:52,814 - INFO - epoch 1662 training [time: 0.36s, train loss: 0.0345, reconstruction loss: 0.0130]
2026-02-12 19:48:53,171 - INFO - epoch 1663 training [time: 0.36s, train loss: 0.0345, reconstruction loss: 0.0130]
2026-02-12 19:48:53,539 - INFO - epoch 1664 training [time: 0.37s, train loss: 0.0345, reconstruction loss: 0.0130]
2026-02-12 19:48:53,898 - INFO - epoch 1665 training [time: 0.36s, train loss: 0.0345, reconstruction loss: 0.0130]
2026-02-12 19:48:54,258 - INFO - epoch 1666 training [time: 0.36s, train loss: 0.0345, reconstruction loss: 0.0130]
2026-02-12 19:48:54,620 - INFO - epoch 1667 training [time: 0.36s, train loss: 0.0345, reconstruction loss: 0.0130]
2026-02-12 19:48:54,980 - INFO - epoch 1668 training [time: 0.36s, train loss: 0.0345, reconstruction loss: 0.0130]
2026-02-12 19:48:55,344 - INFO - epoch 1669 training [time: 0.36s, train loss: 0.0345, reconstruction loss: 0.0130]
2026-02-12 19:48:55,704 - INFO - epoch 1670 training [time: 0.36s, train loss: 0.0345, reconstruction loss: 0.0130]
2026-02-12 19:48:56,060 - INFO - epoch 1671 training [time: 0.36s, train loss: 0.0345, reconstruction loss: 0.0130]
2026-02-12 19:48:56,418 - INFO - epoch 1672 training [time: 0.36s, train loss: 0.0344, reconstruction loss: 0.0130]
2026-02-12 19:48:56,774 - INFO - epoch 1673 training [time: 0.36s, train loss: 0.0345, reconstruction loss: 0.0130]
2026-02-12 19:48:57,136 - INFO - epoch 1674 training [time: 0.36s, train loss: 0.0345, reconstruction loss: 0.0130]
2026-02-12 19:48:57,494 - INFO - epoch 1675 training [time: 0.36s, train loss: 0.0345, reconstruction loss: 0.0130]
2026-02-12 19:48:57,851 - INFO - epoch 1676 training [time: 0.36s, train loss: 0.0345, reconstruction loss: 0.0130]
2026-02-12 19:48:58,211 - INFO - epoch 1677 training [time: 0.36s, train loss: 0.0345, reconstruction loss: 0.0130]
2026-02-12 19:48:58,568 - INFO - epoch 1678 training [time: 0.36s, train loss: 0.0345, reconstruction loss: 0.0130]
2026-02-12 19:48:58,927 - INFO - epoch 1679 training [time: 0.36s, train loss: 0.0345, reconstruction loss: 0.0130]
2026-02-12 19:48:59,287 - INFO - epoch 1680 training [time: 0.36s, train loss: 0.0345, reconstruction loss: 0.0130]
2026-02-12 19:48:59,643 - INFO - epoch 1681 training [time: 0.36s, train loss: 0.0345, reconstruction loss: 0.0130]
2026-02-12 19:49:00,002 - INFO - epoch 1682 training [time: 0.36s, train loss: 0.0345, reconstruction loss: 0.0130]
2026-02-12 19:49:00,360 - INFO - epoch 1683 training [time: 0.36s, train loss: 0.0345, reconstruction loss: 0.0130]
2026-02-12 19:49:00,715 - INFO - epoch 1684 training [time: 0.35s, train loss: 0.0345, reconstruction loss: 0.0130]
2026-02-12 19:49:01,073 - INFO - epoch 1685 training [time: 0.36s, train loss: 0.0345, reconstruction loss: 0.0130]
2026-02-12 19:49:01,434 - INFO - epoch 1686 training [time: 0.36s, train loss: 0.0344, reconstruction loss: 0.0130]
2026-02-12 19:49:01,793 - INFO - epoch 1687 training [time: 0.36s, train loss: 0.0345, reconstruction loss: 0.0130]
2026-02-12 19:49:02,149 - INFO - epoch 1688 training [time: 0.36s, train loss: 0.0345, reconstruction loss: 0.0130]
2026-02-12 19:49:02,508 - INFO - epoch 1689 training [time: 0.36s, train loss: 0.0345, reconstruction loss: 0.0130]
2026-02-12 19:49:02,871 - INFO - epoch 1690 training [time: 0.36s, train loss: 0.0346, reconstruction loss: 0.0130]
2026-02-12 19:49:03,234 - INFO - epoch 1691 training [time: 0.36s, train loss: 0.0345, reconstruction loss: 0.0130]
2026-02-12 19:49:03,592 - INFO - epoch 1692 training [time: 0.36s, train loss: 0.0344, reconstruction loss: 0.0130]
2026-02-12 19:49:03,955 - INFO - epoch 1693 training [time: 0.36s, train loss: 0.0345, reconstruction loss: 0.0130]
2026-02-12 19:49:04,315 - INFO - epoch 1694 training [time: 0.36s, train loss: 0.0345, reconstruction loss: 0.0130]
2026-02-12 19:49:04,670 - INFO - epoch 1695 training [time: 0.36s, train loss: 0.0345, reconstruction loss: 0.0130]
2026-02-12 19:49:05,025 - INFO - epoch 1696 training [time: 0.35s, train loss: 0.0345, reconstruction loss: 0.0130]
2026-02-12 19:49:05,380 - INFO - epoch 1697 training [time: 0.36s, train loss: 0.0345, reconstruction loss: 0.0130]
2026-02-12 19:49:05,738 - INFO - epoch 1698 training [time: 0.36s, train loss: 0.0345, reconstruction loss: 0.0130]
2026-02-12 19:49:06,102 - INFO - epoch 1699 training [time: 0.36s, train loss: 0.0345, reconstruction loss: 0.0130]
2026-02-12 19:49:06,280 - INFO - epoch 1699 evaluating [time: 0.18s, collision_rate: 0.055474]
2026-02-12 19:49:06,288 - INFO - Saving current/home/ming/news_rec/Data/ckpt/Feb-12-2026_19-39-07/epoch_1699_collision_0.0555_model.pth
2026-02-12 19:49:06,658 - INFO - epoch 1700 training [time: 0.37s, train loss: 0.0345, reconstruction loss: 0.0130]
2026-02-12 19:49:07,017 - INFO - epoch 1701 training [time: 0.36s, train loss: 0.0345, reconstruction loss: 0.0130]
2026-02-12 19:49:07,376 - INFO - epoch 1702 training [time: 0.36s, train loss: 0.0345, reconstruction loss: 0.0130]
2026-02-12 19:49:07,732 - INFO - epoch 1703 training [time: 0.36s, train loss: 0.0345, reconstruction loss: 0.0130]
2026-02-12 19:49:08,090 - INFO - epoch 1704 training [time: 0.36s, train loss: 0.0344, reconstruction loss: 0.0130]
2026-02-12 19:49:08,452 - INFO - epoch 1705 training [time: 0.36s, train loss: 0.0345, reconstruction loss: 0.0130]
2026-02-12 19:49:08,813 - INFO - epoch 1706 training [time: 0.36s, train loss: 0.0345, reconstruction loss: 0.0130]
2026-02-12 19:49:09,176 - INFO - epoch 1707 training [time: 0.36s, train loss: 0.0345, reconstruction loss: 0.0130]
2026-02-12 19:49:09,537 - INFO - epoch 1708 training [time: 0.36s, train loss: 0.0345, reconstruction loss: 0.0130]
2026-02-12 19:49:09,896 - INFO - epoch 1709 training [time: 0.36s, train loss: 0.0345, reconstruction loss: 0.0130]
2026-02-12 19:49:10,256 - INFO - epoch 1710 training [time: 0.36s, train loss: 0.0345, reconstruction loss: 0.0130]
2026-02-12 19:49:10,618 - INFO - epoch 1711 training [time: 0.36s, train loss: 0.0345, reconstruction loss: 0.0130]
2026-02-12 19:49:10,980 - INFO - epoch 1712 training [time: 0.36s, train loss: 0.0345, reconstruction loss: 0.0130]
2026-02-12 19:49:11,353 - INFO - epoch 1713 training [time: 0.37s, train loss: 0.0345, reconstruction loss: 0.0130]
2026-02-12 19:49:11,715 - INFO - epoch 1714 training [time: 0.36s, train loss: 0.0345, reconstruction loss: 0.0130]
2026-02-12 19:49:12,074 - INFO - epoch 1715 training [time: 0.36s, train loss: 0.0345, reconstruction loss: 0.0130]
2026-02-12 19:49:12,439 - INFO - epoch 1716 training [time: 0.37s, train loss: 0.0345, reconstruction loss: 0.0130]
2026-02-12 19:49:12,799 - INFO - epoch 1717 training [time: 0.36s, train loss: 0.0345, reconstruction loss: 0.0130]
2026-02-12 19:49:13,157 - INFO - epoch 1718 training [time: 0.36s, train loss: 0.0345, reconstruction loss: 0.0130]
2026-02-12 19:49:13,518 - INFO - epoch 1719 training [time: 0.36s, train loss: 0.0346, reconstruction loss: 0.0130]
2026-02-12 19:49:13,880 - INFO - epoch 1720 training [time: 0.36s, train loss: 0.0345, reconstruction loss: 0.0130]
2026-02-12 19:49:14,244 - INFO - epoch 1721 training [time: 0.36s, train loss: 0.0345, reconstruction loss: 0.0130]
2026-02-12 19:49:14,603 - INFO - epoch 1722 training [time: 0.36s, train loss: 0.0345, reconstruction loss: 0.0130]
2026-02-12 19:49:14,958 - INFO - epoch 1723 training [time: 0.36s, train loss: 0.0345, reconstruction loss: 0.0130]
2026-02-12 19:49:15,315 - INFO - epoch 1724 training [time: 0.36s, train loss: 0.0345, reconstruction loss: 0.0130]
2026-02-12 19:49:15,679 - INFO - epoch 1725 training [time: 0.36s, train loss: 0.0345, reconstruction loss: 0.0130]
2026-02-12 19:49:16,038 - INFO - epoch 1726 training [time: 0.36s, train loss: 0.0345, reconstruction loss: 0.0130]
2026-02-12 19:49:16,397 - INFO - epoch 1727 training [time: 0.36s, train loss: 0.0345, reconstruction loss: 0.0130]
2026-02-12 19:49:16,768 - INFO - epoch 1728 training [time: 0.37s, train loss: 0.0345, reconstruction loss: 0.0130]
2026-02-12 19:49:17,128 - INFO - epoch 1729 training [time: 0.36s, train loss: 0.0346, reconstruction loss: 0.0130]
2026-02-12 19:49:17,488 - INFO - epoch 1730 training [time: 0.36s, train loss: 0.0345, reconstruction loss: 0.0130]
2026-02-12 19:49:17,852 - INFO - epoch 1731 training [time: 0.36s, train loss: 0.0345, reconstruction loss: 0.0130]
2026-02-12 19:49:18,214 - INFO - epoch 1732 training [time: 0.36s, train loss: 0.0346, reconstruction loss: 0.0130]
2026-02-12 19:49:18,573 - INFO - epoch 1733 training [time: 0.36s, train loss: 0.0346, reconstruction loss: 0.0130]
2026-02-12 19:49:18,931 - INFO - epoch 1734 training [time: 0.36s, train loss: 0.0345, reconstruction loss: 0.0130]
2026-02-12 19:49:19,295 - INFO - epoch 1735 training [time: 0.36s, train loss: 0.0345, reconstruction loss: 0.0130]
2026-02-12 19:49:19,659 - INFO - epoch 1736 training [time: 0.36s, train loss: 0.0346, reconstruction loss: 0.0130]
2026-02-12 19:49:20,021 - INFO - epoch 1737 training [time: 0.36s, train loss: 0.0346, reconstruction loss: 0.0130]
2026-02-12 19:49:20,380 - INFO - epoch 1738 training [time: 0.36s, train loss: 0.0345, reconstruction loss: 0.0130]
2026-02-12 19:49:20,739 - INFO - epoch 1739 training [time: 0.36s, train loss: 0.0346, reconstruction loss: 0.0130]
2026-02-12 19:49:21,100 - INFO - epoch 1740 training [time: 0.36s, train loss: 0.0346, reconstruction loss: 0.0130]
2026-02-12 19:49:21,467 - INFO - epoch 1741 training [time: 0.37s, train loss: 0.0345, reconstruction loss: 0.0130]
2026-02-12 19:49:21,824 - INFO - epoch 1742 training [time: 0.36s, train loss: 0.0345, reconstruction loss: 0.0130]
2026-02-12 19:49:22,185 - INFO - epoch 1743 training [time: 0.36s, train loss: 0.0345, reconstruction loss: 0.0130]
2026-02-12 19:49:22,550 - INFO - epoch 1744 training [time: 0.36s, train loss: 0.0345, reconstruction loss: 0.0130]
2026-02-12 19:49:22,907 - INFO - epoch 1745 training [time: 0.36s, train loss: 0.0346, reconstruction loss: 0.0130]
2026-02-12 19:49:23,263 - INFO - epoch 1746 training [time: 0.36s, train loss: 0.0345, reconstruction loss: 0.0130]
2026-02-12 19:49:23,620 - INFO - epoch 1747 training [time: 0.36s, train loss: 0.0345, reconstruction loss: 0.0130]
2026-02-12 19:49:23,981 - INFO - epoch 1748 training [time: 0.36s, train loss: 0.0346, reconstruction loss: 0.0130]
2026-02-12 19:49:24,340 - INFO - epoch 1749 training [time: 0.36s, train loss: 0.0346, reconstruction loss: 0.0130]
2026-02-12 19:49:24,520 - INFO - epoch 1749 evaluating [time: 0.18s, collision_rate: 0.056394]
2026-02-12 19:49:24,528 - INFO - Saving current/home/ming/news_rec/Data/ckpt/Feb-12-2026_19-39-07/epoch_1749_collision_0.0564_model.pth
2026-02-12 19:49:24,889 - INFO - epoch 1750 training [time: 0.36s, train loss: 0.0346, reconstruction loss: 0.0130]
2026-02-12 19:49:25,251 - INFO - epoch 1751 training [time: 0.36s, train loss: 0.0346, reconstruction loss: 0.0130]
2026-02-12 19:49:25,610 - INFO - epoch 1752 training [time: 0.36s, train loss: 0.0346, reconstruction loss: 0.0130]
2026-02-12 19:49:25,971 - INFO - epoch 1753 training [time: 0.36s, train loss: 0.0346, reconstruction loss: 0.0130]
2026-02-12 19:49:26,331 - INFO - epoch 1754 training [time: 0.36s, train loss: 0.0346, reconstruction loss: 0.0130]
2026-02-12 19:49:26,693 - INFO - epoch 1755 training [time: 0.36s, train loss: 0.0346, reconstruction loss: 0.0130]
2026-02-12 19:49:27,054 - INFO - epoch 1756 training [time: 0.36s, train loss: 0.0346, reconstruction loss: 0.0130]
2026-02-12 19:49:27,418 - INFO - epoch 1757 training [time: 0.36s, train loss: 0.0346, reconstruction loss: 0.0130]
2026-02-12 19:49:27,778 - INFO - epoch 1758 training [time: 0.36s, train loss: 0.0346, reconstruction loss: 0.0130]
2026-02-12 19:49:28,137 - INFO - epoch 1759 training [time: 0.36s, train loss: 0.0345, reconstruction loss: 0.0130]
2026-02-12 19:49:28,504 - INFO - epoch 1760 training [time: 0.37s, train loss: 0.0346, reconstruction loss: 0.0130]
2026-02-12 19:49:28,871 - INFO - epoch 1761 training [time: 0.37s, train loss: 0.0346, reconstruction loss: 0.0130]
2026-02-12 19:49:29,229 - INFO - epoch 1762 training [time: 0.36s, train loss: 0.0346, reconstruction loss: 0.0130]
2026-02-12 19:49:29,587 - INFO - epoch 1763 training [time: 0.36s, train loss: 0.0345, reconstruction loss: 0.0130]
2026-02-12 19:49:29,943 - INFO - epoch 1764 training [time: 0.36s, train loss: 0.0346, reconstruction loss: 0.0130]
2026-02-12 19:49:30,305 - INFO - epoch 1765 training [time: 0.36s, train loss: 0.0346, reconstruction loss: 0.0130]
2026-02-12 19:49:30,663 - INFO - epoch 1766 training [time: 0.36s, train loss: 0.0346, reconstruction loss: 0.0130]
2026-02-12 19:49:31,021 - INFO - epoch 1767 training [time: 0.36s, train loss: 0.0346, reconstruction loss: 0.0130]
2026-02-12 19:49:31,386 - INFO - epoch 1768 training [time: 0.36s, train loss: 0.0345, reconstruction loss: 0.0130]
2026-02-12 19:49:31,745 - INFO - epoch 1769 training [time: 0.36s, train loss: 0.0346, reconstruction loss: 0.0130]
2026-02-12 19:49:32,105 - INFO - epoch 1770 training [time: 0.36s, train loss: 0.0346, reconstruction loss: 0.0130]
2026-02-12 19:49:32,465 - INFO - epoch 1771 training [time: 0.36s, train loss: 0.0346, reconstruction loss: 0.0130]
2026-02-12 19:49:32,827 - INFO - epoch 1772 training [time: 0.36s, train loss: 0.0346, reconstruction loss: 0.0130]
2026-02-12 19:49:33,186 - INFO - epoch 1773 training [time: 0.36s, train loss: 0.0346, reconstruction loss: 0.0130]
2026-02-12 19:49:33,542 - INFO - epoch 1774 training [time: 0.36s, train loss: 0.0346, reconstruction loss: 0.0130]
2026-02-12 19:49:33,899 - INFO - epoch 1775 training [time: 0.36s, train loss: 0.0346, reconstruction loss: 0.0130]
2026-02-12 19:49:34,255 - INFO - epoch 1776 training [time: 0.36s, train loss: 0.0346, reconstruction loss: 0.0130]
2026-02-12 19:49:34,611 - INFO - epoch 1777 training [time: 0.36s, train loss: 0.0346, reconstruction loss: 0.0130]
2026-02-12 19:49:34,978 - INFO - epoch 1778 training [time: 0.37s, train loss: 0.0346, reconstruction loss: 0.0130]
2026-02-12 19:49:35,337 - INFO - epoch 1779 training [time: 0.36s, train loss: 0.0346, reconstruction loss: 0.0130]
2026-02-12 19:49:35,696 - INFO - epoch 1780 training [time: 0.36s, train loss: 0.0346, reconstruction loss: 0.0130]
2026-02-12 19:49:36,058 - INFO - epoch 1781 training [time: 0.36s, train loss: 0.0346, reconstruction loss: 0.0130]
2026-02-12 19:49:36,419 - INFO - epoch 1782 training [time: 0.36s, train loss: 0.0347, reconstruction loss: 0.0130]
2026-02-12 19:49:36,788 - INFO - epoch 1783 training [time: 0.37s, train loss: 0.0346, reconstruction loss: 0.0130]
2026-02-12 19:49:37,147 - INFO - epoch 1784 training [time: 0.36s, train loss: 0.0346, reconstruction loss: 0.0130]
2026-02-12 19:49:37,508 - INFO - epoch 1785 training [time: 0.36s, train loss: 0.0346, reconstruction loss: 0.0130]
2026-02-12 19:49:37,872 - INFO - epoch 1786 training [time: 0.36s, train loss: 0.0346, reconstruction loss: 0.0130]
2026-02-12 19:49:38,231 - INFO - epoch 1787 training [time: 0.36s, train loss: 0.0346, reconstruction loss: 0.0130]
2026-02-12 19:49:38,591 - INFO - epoch 1788 training [time: 0.36s, train loss: 0.0347, reconstruction loss: 0.0130]
2026-02-12 19:49:38,948 - INFO - epoch 1789 training [time: 0.36s, train loss: 0.0346, reconstruction loss: 0.0130]
2026-02-12 19:49:39,308 - INFO - epoch 1790 training [time: 0.36s, train loss: 0.0346, reconstruction loss: 0.0130]
2026-02-12 19:49:39,672 - INFO - epoch 1791 training [time: 0.36s, train loss: 0.0347, reconstruction loss: 0.0130]
2026-02-12 19:49:40,033 - INFO - epoch 1792 training [time: 0.36s, train loss: 0.0346, reconstruction loss: 0.0130]
2026-02-12 19:49:40,397 - INFO - epoch 1793 training [time: 0.36s, train loss: 0.0346, reconstruction loss: 0.0130]
2026-02-12 19:49:40,757 - INFO - epoch 1794 training [time: 0.36s, train loss: 0.0347, reconstruction loss: 0.0130]
2026-02-12 19:49:41,113 - INFO - epoch 1795 training [time: 0.36s, train loss: 0.0346, reconstruction loss: 0.0130]
2026-02-12 19:49:41,481 - INFO - epoch 1796 training [time: 0.37s, train loss: 0.0347, reconstruction loss: 0.0130]
2026-02-12 19:49:41,837 - INFO - epoch 1797 training [time: 0.36s, train loss: 0.0346, reconstruction loss: 0.0130]
2026-02-12 19:49:42,193 - INFO - epoch 1798 training [time: 0.36s, train loss: 0.0347, reconstruction loss: 0.0130]
2026-02-12 19:49:42,551 - INFO - epoch 1799 training [time: 0.36s, train loss: 0.0346, reconstruction loss: 0.0130]
2026-02-12 19:49:42,732 - INFO - epoch 1799 evaluating [time: 0.18s, collision_rate: 0.055321]
2026-02-12 19:49:42,740 - INFO - Saving current/home/ming/news_rec/Data/ckpt/Feb-12-2026_19-39-07/epoch_1799_collision_0.0553_model.pth
2026-02-12 19:49:43,103 - INFO - epoch 1800 training [time: 0.36s, train loss: 0.0346, reconstruction loss: 0.0130]
2026-02-12 19:49:43,465 - INFO - epoch 1801 training [time: 0.36s, train loss: 0.0346, reconstruction loss: 0.0130]
2026-02-12 19:49:43,826 - INFO - epoch 1802 training [time: 0.36s, train loss: 0.0346, reconstruction loss: 0.0130]
2026-02-12 19:49:44,191 - INFO - epoch 1803 training [time: 0.36s, train loss: 0.0347, reconstruction loss: 0.0130]
2026-02-12 19:49:44,551 - INFO - epoch 1804 training [time: 0.36s, train loss: 0.0347, reconstruction loss: 0.0130]
2026-02-12 19:49:44,912 - INFO - epoch 1805 training [time: 0.36s, train loss: 0.0347, reconstruction loss: 0.0130]
2026-02-12 19:49:45,278 - INFO - epoch 1806 training [time: 0.37s, train loss: 0.0346, reconstruction loss: 0.0130]
2026-02-12 19:49:45,640 - INFO - epoch 1807 training [time: 0.36s, train loss: 0.0346, reconstruction loss: 0.0130]
2026-02-12 19:49:46,003 - INFO - epoch 1808 training [time: 0.36s, train loss: 0.0346, reconstruction loss: 0.0130]
2026-02-12 19:49:46,367 - INFO - epoch 1809 training [time: 0.36s, train loss: 0.0346, reconstruction loss: 0.0130]
2026-02-12 19:49:46,729 - INFO - epoch 1810 training [time: 0.36s, train loss: 0.0346, reconstruction loss: 0.0130]
2026-02-12 19:49:47,086 - INFO - epoch 1811 training [time: 0.36s, train loss: 0.0346, reconstruction loss: 0.0130]
2026-02-12 19:49:47,447 - INFO - epoch 1812 training [time: 0.36s, train loss: 0.0347, reconstruction loss: 0.0130]
2026-02-12 19:49:47,806 - INFO - epoch 1813 training [time: 0.36s, train loss: 0.0346, reconstruction loss: 0.0130]
2026-02-12 19:49:48,170 - INFO - epoch 1814 training [time: 0.36s, train loss: 0.0346, reconstruction loss: 0.0130]
2026-02-12 19:49:48,536 - INFO - epoch 1815 training [time: 0.37s, train loss: 0.0346, reconstruction loss: 0.0130]
2026-02-12 19:49:48,902 - INFO - epoch 1816 training [time: 0.37s, train loss: 0.0346, reconstruction loss: 0.0130]
2026-02-12 19:49:49,266 - INFO - epoch 1817 training [time: 0.36s, train loss: 0.0347, reconstruction loss: 0.0130]
2026-02-12 19:49:49,629 - INFO - epoch 1818 training [time: 0.36s, train loss: 0.0346, reconstruction loss: 0.0130]
2026-02-12 19:49:49,992 - INFO - epoch 1819 training [time: 0.36s, train loss: 0.0347, reconstruction loss: 0.0130]
2026-02-12 19:49:50,357 - INFO - epoch 1820 training [time: 0.36s, train loss: 0.0347, reconstruction loss: 0.0130]
2026-02-12 19:49:50,721 - INFO - epoch 1821 training [time: 0.36s, train loss: 0.0346, reconstruction loss: 0.0130]
2026-02-12 19:49:51,081 - INFO - epoch 1822 training [time: 0.36s, train loss: 0.0346, reconstruction loss: 0.0130]
2026-02-12 19:49:51,457 - INFO - epoch 1823 training [time: 0.38s, train loss: 0.0346, reconstruction loss: 0.0130]
2026-02-12 19:49:51,850 - INFO - epoch 1824 training [time: 0.39s, train loss: 0.0346, reconstruction loss: 0.0130]
2026-02-12 19:49:52,211 - INFO - epoch 1825 training [time: 0.36s, train loss: 0.0346, reconstruction loss: 0.0130]
2026-02-12 19:49:52,573 - INFO - epoch 1826 training [time: 0.36s, train loss: 0.0347, reconstruction loss: 0.0130]
2026-02-12 19:49:52,933 - INFO - epoch 1827 training [time: 0.36s, train loss: 0.0346, reconstruction loss: 0.0130]
2026-02-12 19:49:53,299 - INFO - epoch 1828 training [time: 0.37s, train loss: 0.0346, reconstruction loss: 0.0130]
2026-02-12 19:49:53,660 - INFO - epoch 1829 training [time: 0.36s, train loss: 0.0346, reconstruction loss: 0.0130]
2026-02-12 19:49:54,026 - INFO - epoch 1830 training [time: 0.37s, train loss: 0.0347, reconstruction loss: 0.0130]
2026-02-12 19:49:54,391 - INFO - epoch 1831 training [time: 0.36s, train loss: 0.0346, reconstruction loss: 0.0130]
2026-02-12 19:49:54,748 - INFO - epoch 1832 training [time: 0.36s, train loss: 0.0346, reconstruction loss: 0.0130]
2026-02-12 19:49:55,110 - INFO - epoch 1833 training [time: 0.36s, train loss: 0.0346, reconstruction loss: 0.0130]
2026-02-12 19:49:55,475 - INFO - epoch 1834 training [time: 0.36s, train loss: 0.0347, reconstruction loss: 0.0130]
2026-02-12 19:49:55,841 - INFO - epoch 1835 training [time: 0.37s, train loss: 0.0347, reconstruction loss: 0.0130]
2026-02-12 19:49:56,201 - INFO - epoch 1836 training [time: 0.36s, train loss: 0.0346, reconstruction loss: 0.0130]
2026-02-12 19:49:56,562 - INFO - epoch 1837 training [time: 0.36s, train loss: 0.0346, reconstruction loss: 0.0130]
2026-02-12 19:49:56,920 - INFO - epoch 1838 training [time: 0.36s, train loss: 0.0347, reconstruction loss: 0.0130]
2026-02-12 19:49:57,285 - INFO - epoch 1839 training [time: 0.36s, train loss: 0.0346, reconstruction loss: 0.0130]
2026-02-12 19:49:57,653 - INFO - epoch 1840 training [time: 0.37s, train loss: 0.0347, reconstruction loss: 0.0130]
2026-02-12 19:49:58,010 - INFO - epoch 1841 training [time: 0.36s, train loss: 0.0347, reconstruction loss: 0.0130]
2026-02-12 19:49:58,372 - INFO - epoch 1842 training [time: 0.36s, train loss: 0.0347, reconstruction loss: 0.0130]
2026-02-12 19:49:58,731 - INFO - epoch 1843 training [time: 0.36s, train loss: 0.0347, reconstruction loss: 0.0130]
2026-02-12 19:49:59,090 - INFO - epoch 1844 training [time: 0.36s, train loss: 0.0347, reconstruction loss: 0.0130]
2026-02-12 19:49:59,453 - INFO - epoch 1845 training [time: 0.36s, train loss: 0.0347, reconstruction loss: 0.0130]
2026-02-12 19:49:59,813 - INFO - epoch 1846 training [time: 0.36s, train loss: 0.0347, reconstruction loss: 0.0130]
2026-02-12 19:50:00,184 - INFO - epoch 1847 training [time: 0.37s, train loss: 0.0347, reconstruction loss: 0.0130]
2026-02-12 19:50:00,542 - INFO - epoch 1848 training [time: 0.36s, train loss: 0.0346, reconstruction loss: 0.0130]
2026-02-12 19:50:00,904 - INFO - epoch 1849 training [time: 0.36s, train loss: 0.0347, reconstruction loss: 0.0130]
2026-02-12 19:50:01,081 - INFO - epoch 1849 evaluating [time: 0.18s, collision_rate: 0.056792]
2026-02-12 19:50:01,090 - INFO - Saving current/home/ming/news_rec/Data/ckpt/Feb-12-2026_19-39-07/epoch_1849_collision_0.0568_model.pth
2026-02-12 19:50:01,448 - INFO - epoch 1850 training [time: 0.36s, train loss: 0.0347, reconstruction loss: 0.0130]
2026-02-12 19:50:01,806 - INFO - epoch 1851 training [time: 0.36s, train loss: 0.0347, reconstruction loss: 0.0130]
2026-02-12 19:50:02,165 - INFO - epoch 1852 training [time: 0.36s, train loss: 0.0346, reconstruction loss: 0.0130]
2026-02-12 19:50:02,528 - INFO - epoch 1853 training [time: 0.36s, train loss: 0.0347, reconstruction loss: 0.0130]
2026-02-12 19:50:02,888 - INFO - epoch 1854 training [time: 0.36s, train loss: 0.0347, reconstruction loss: 0.0130]
2026-02-12 19:50:03,248 - INFO - epoch 1855 training [time: 0.36s, train loss: 0.0347, reconstruction loss: 0.0130]
2026-02-12 19:50:03,605 - INFO - epoch 1856 training [time: 0.36s, train loss: 0.0347, reconstruction loss: 0.0130]
2026-02-12 19:50:03,965 - INFO - epoch 1857 training [time: 0.36s, train loss: 0.0347, reconstruction loss: 0.0130]
2026-02-12 19:50:04,328 - INFO - epoch 1858 training [time: 0.36s, train loss: 0.0347, reconstruction loss: 0.0130]
2026-02-12 19:50:04,690 - INFO - epoch 1859 training [time: 0.36s, train loss: 0.0347, reconstruction loss: 0.0130]
2026-02-12 19:50:05,050 - INFO - epoch 1860 training [time: 0.36s, train loss: 0.0347, reconstruction loss: 0.0130]
2026-02-12 19:50:05,412 - INFO - epoch 1861 training [time: 0.36s, train loss: 0.0347, reconstruction loss: 0.0130]
2026-02-12 19:50:05,774 - INFO - epoch 1862 training [time: 0.36s, train loss: 0.0347, reconstruction loss: 0.0130]
2026-02-12 19:50:06,138 - INFO - epoch 1863 training [time: 0.36s, train loss: 0.0347, reconstruction loss: 0.0130]
2026-02-12 19:50:06,503 - INFO - epoch 1864 training [time: 0.37s, train loss: 0.0347, reconstruction loss: 0.0130]
2026-02-12 19:50:06,874 - INFO - epoch 1865 training [time: 0.37s, train loss: 0.0347, reconstruction loss: 0.0130]
2026-02-12 19:50:07,238 - INFO - epoch 1866 training [time: 0.36s, train loss: 0.0346, reconstruction loss: 0.0130]
2026-02-12 19:50:07,594 - INFO - epoch 1867 training [time: 0.36s, train loss: 0.0347, reconstruction loss: 0.0130]
2026-02-12 19:50:07,962 - INFO - epoch 1868 training [time: 0.37s, train loss: 0.0347, reconstruction loss: 0.0130]
2026-02-12 19:50:08,318 - INFO - epoch 1869 training [time: 0.36s, train loss: 0.0348, reconstruction loss: 0.0130]
2026-02-12 19:50:08,679 - INFO - epoch 1870 training [time: 0.36s, train loss: 0.0347, reconstruction loss: 0.0130]
2026-02-12 19:50:09,046 - INFO - epoch 1871 training [time: 0.37s, train loss: 0.0347, reconstruction loss: 0.0130]
2026-02-12 19:50:09,406 - INFO - epoch 1872 training [time: 0.36s, train loss: 0.0347, reconstruction loss: 0.0130]
2026-02-12 19:50:09,767 - INFO - epoch 1873 training [time: 0.36s, train loss: 0.0348, reconstruction loss: 0.0130]
2026-02-12 19:50:10,132 - INFO - epoch 1874 training [time: 0.36s, train loss: 0.0348, reconstruction loss: 0.0130]
2026-02-12 19:50:10,494 - INFO - epoch 1875 training [time: 0.36s, train loss: 0.0347, reconstruction loss: 0.0130]
2026-02-12 19:50:10,853 - INFO - epoch 1876 training [time: 0.36s, train loss: 0.0347, reconstruction loss: 0.0130]
2026-02-12 19:50:11,213 - INFO - epoch 1877 training [time: 0.36s, train loss: 0.0348, reconstruction loss: 0.0130]
2026-02-12 19:50:11,573 - INFO - epoch 1878 training [time: 0.36s, train loss: 0.0347, reconstruction loss: 0.0130]
2026-02-12 19:50:11,936 - INFO - epoch 1879 training [time: 0.36s, train loss: 0.0347, reconstruction loss: 0.0130]
2026-02-12 19:50:12,292 - INFO - epoch 1880 training [time: 0.36s, train loss: 0.0347, reconstruction loss: 0.0130]
2026-02-12 19:50:12,653 - INFO - epoch 1881 training [time: 0.36s, train loss: 0.0347, reconstruction loss: 0.0130]
2026-02-12 19:50:13,016 - INFO - epoch 1882 training [time: 0.36s, train loss: 0.0347, reconstruction loss: 0.0130]
2026-02-12 19:50:13,378 - INFO - epoch 1883 training [time: 0.36s, train loss: 0.0347, reconstruction loss: 0.0130]
2026-02-12 19:50:13,734 - INFO - epoch 1884 training [time: 0.36s, train loss: 0.0347, reconstruction loss: 0.0130]
2026-02-12 19:50:14,096 - INFO - epoch 1885 training [time: 0.36s, train loss: 0.0347, reconstruction loss: 0.0130]
2026-02-12 19:50:14,456 - INFO - epoch 1886 training [time: 0.36s, train loss: 0.0347, reconstruction loss: 0.0130]
2026-02-12 19:50:14,814 - INFO - epoch 1887 training [time: 0.36s, train loss: 0.0347, reconstruction loss: 0.0130]
2026-02-12 19:50:15,171 - INFO - epoch 1888 training [time: 0.36s, train loss: 0.0347, reconstruction loss: 0.0130]
2026-02-12 19:50:15,532 - INFO - epoch 1889 training [time: 0.36s, train loss: 0.0347, reconstruction loss: 0.0130]
2026-02-12 19:50:15,891 - INFO - epoch 1890 training [time: 0.36s, train loss: 0.0347, reconstruction loss: 0.0130]
2026-02-12 19:50:16,251 - INFO - epoch 1891 training [time: 0.36s, train loss: 0.0348, reconstruction loss: 0.0130]
2026-02-12 19:50:16,615 - INFO - epoch 1892 training [time: 0.36s, train loss: 0.0347, reconstruction loss: 0.0130]
2026-02-12 19:50:16,973 - INFO - epoch 1893 training [time: 0.36s, train loss: 0.0348, reconstruction loss: 0.0130]
2026-02-12 19:50:17,334 - INFO - epoch 1894 training [time: 0.36s, train loss: 0.0347, reconstruction loss: 0.0130]
2026-02-12 19:50:17,692 - INFO - epoch 1895 training [time: 0.36s, train loss: 0.0347, reconstruction loss: 0.0130]
2026-02-12 19:50:18,051 - INFO - epoch 1896 training [time: 0.36s, train loss: 0.0347, reconstruction loss: 0.0130]
2026-02-12 19:50:18,413 - INFO - epoch 1897 training [time: 0.36s, train loss: 0.0347, reconstruction loss: 0.0130]
2026-02-12 19:50:18,776 - INFO - epoch 1898 training [time: 0.36s, train loss: 0.0347, reconstruction loss: 0.0130]
2026-02-12 19:50:19,138 - INFO - epoch 1899 training [time: 0.36s, train loss: 0.0347, reconstruction loss: 0.0130]
2026-02-12 19:50:19,319 - INFO - epoch 1899 evaluating [time: 0.18s, collision_rate: 0.056838]
2026-02-12 19:50:19,327 - INFO - Saving current/home/ming/news_rec/Data/ckpt/Feb-12-2026_19-39-07/epoch_1899_collision_0.0568_model.pth
2026-02-12 19:50:19,687 - INFO - epoch 1900 training [time: 0.36s, train loss: 0.0347, reconstruction loss: 0.0130]
2026-02-12 19:50:20,045 - INFO - epoch 1901 training [time: 0.36s, train loss: 0.0347, reconstruction loss: 0.0130]
2026-02-12 19:50:20,401 - INFO - epoch 1902 training [time: 0.36s, train loss: 0.0347, reconstruction loss: 0.0130]
2026-02-12 19:50:20,758 - INFO - epoch 1903 training [time: 0.36s, train loss: 0.0347, reconstruction loss: 0.0130]
2026-02-12 19:50:21,117 - INFO - epoch 1904 training [time: 0.36s, train loss: 0.0348, reconstruction loss: 0.0130]
2026-02-12 19:50:21,481 - INFO - epoch 1905 training [time: 0.36s, train loss: 0.0348, reconstruction loss: 0.0130]
2026-02-12 19:50:21,844 - INFO - epoch 1906 training [time: 0.36s, train loss: 0.0348, reconstruction loss: 0.0130]
2026-02-12 19:50:22,209 - INFO - epoch 1907 training [time: 0.37s, train loss: 0.0347, reconstruction loss: 0.0130]
2026-02-12 19:50:22,564 - INFO - epoch 1908 training [time: 0.35s, train loss: 0.0348, reconstruction loss: 0.0130]
2026-02-12 19:50:22,923 - INFO - epoch 1909 training [time: 0.36s, train loss: 0.0348, reconstruction loss: 0.0130]
2026-02-12 19:50:23,287 - INFO - epoch 1910 training [time: 0.36s, train loss: 0.0348, reconstruction loss: 0.0130]
2026-02-12 19:50:23,645 - INFO - epoch 1911 training [time: 0.36s, train loss: 0.0347, reconstruction loss: 0.0130]
2026-02-12 19:50:24,007 - INFO - epoch 1912 training [time: 0.36s, train loss: 0.0348, reconstruction loss: 0.0130]
2026-02-12 19:50:24,370 - INFO - epoch 1913 training [time: 0.36s, train loss: 0.0348, reconstruction loss: 0.0130]
2026-02-12 19:50:24,728 - INFO - epoch 1914 training [time: 0.36s, train loss: 0.0348, reconstruction loss: 0.0130]
2026-02-12 19:50:25,093 - INFO - epoch 1915 training [time: 0.36s, train loss: 0.0348, reconstruction loss: 0.0130]
2026-02-12 19:50:25,452 - INFO - epoch 1916 training [time: 0.36s, train loss: 0.0348, reconstruction loss: 0.0130]
2026-02-12 19:50:25,815 - INFO - epoch 1917 training [time: 0.36s, train loss: 0.0348, reconstruction loss: 0.0130]
2026-02-12 19:50:26,175 - INFO - epoch 1918 training [time: 0.36s, train loss: 0.0348, reconstruction loss: 0.0130]
2026-02-12 19:50:26,543 - INFO - epoch 1919 training [time: 0.37s, train loss: 0.0348, reconstruction loss: 0.0130]
2026-02-12 19:50:26,903 - INFO - epoch 1920 training [time: 0.36s, train loss: 0.0348, reconstruction loss: 0.0130]
2026-02-12 19:50:27,265 - INFO - epoch 1921 training [time: 0.36s, train loss: 0.0348, reconstruction loss: 0.0130]
2026-02-12 19:50:27,625 - INFO - epoch 1922 training [time: 0.36s, train loss: 0.0348, reconstruction loss: 0.0130]
2026-02-12 19:50:27,985 - INFO - epoch 1923 training [time: 0.36s, train loss: 0.0348, reconstruction loss: 0.0130]
2026-02-12 19:50:28,347 - INFO - epoch 1924 training [time: 0.36s, train loss: 0.0348, reconstruction loss: 0.0130]
2026-02-12 19:50:28,710 - INFO - epoch 1925 training [time: 0.36s, train loss: 0.0347, reconstruction loss: 0.0130]
2026-02-12 19:50:29,076 - INFO - epoch 1926 training [time: 0.37s, train loss: 0.0347, reconstruction loss: 0.0130]
2026-02-12 19:50:29,439 - INFO - epoch 1927 training [time: 0.36s, train loss: 0.0348, reconstruction loss: 0.0130]
2026-02-12 19:50:29,804 - INFO - epoch 1928 training [time: 0.36s, train loss: 0.0347, reconstruction loss: 0.0130]
2026-02-12 19:50:30,166 - INFO - epoch 1929 training [time: 0.36s, train loss: 0.0348, reconstruction loss: 0.0130]
2026-02-12 19:50:30,525 - INFO - epoch 1930 training [time: 0.36s, train loss: 0.0347, reconstruction loss: 0.0130]
2026-02-12 19:50:30,880 - INFO - epoch 1931 training [time: 0.36s, train loss: 0.0348, reconstruction loss: 0.0130]
2026-02-12 19:50:31,238 - INFO - epoch 1932 training [time: 0.36s, train loss: 0.0347, reconstruction loss: 0.0130]
2026-02-12 19:50:31,595 - INFO - epoch 1933 training [time: 0.36s, train loss: 0.0348, reconstruction loss: 0.0130]
2026-02-12 19:50:31,955 - INFO - epoch 1934 training [time: 0.36s, train loss: 0.0347, reconstruction loss: 0.0130]
2026-02-12 19:50:32,316 - INFO - epoch 1935 training [time: 0.36s, train loss: 0.0347, reconstruction loss: 0.0130]
2026-02-12 19:50:32,677 - INFO - epoch 1936 training [time: 0.36s, train loss: 0.0347, reconstruction loss: 0.0130]
2026-02-12 19:50:33,032 - INFO - epoch 1937 training [time: 0.36s, train loss: 0.0347, reconstruction loss: 0.0130]
2026-02-12 19:50:33,399 - INFO - epoch 1938 training [time: 0.37s, train loss: 0.0347, reconstruction loss: 0.0130]
2026-02-12 19:50:33,761 - INFO - epoch 1939 training [time: 0.36s, train loss: 0.0347, reconstruction loss: 0.0130]
2026-02-12 19:50:34,123 - INFO - epoch 1940 training [time: 0.36s, train loss: 0.0347, reconstruction loss: 0.0130]
2026-02-12 19:50:34,492 - INFO - epoch 1941 training [time: 0.37s, train loss: 0.0347, reconstruction loss: 0.0130]
2026-02-12 19:50:34,855 - INFO - epoch 1942 training [time: 0.36s, train loss: 0.0347, reconstruction loss: 0.0130]
2026-02-12 19:50:35,219 - INFO - epoch 1943 training [time: 0.36s, train loss: 0.0347, reconstruction loss: 0.0130]
2026-02-12 19:50:35,582 - INFO - epoch 1944 training [time: 0.36s, train loss: 0.0347, reconstruction loss: 0.0130]
2026-02-12 19:50:35,943 - INFO - epoch 1945 training [time: 0.36s, train loss: 0.0347, reconstruction loss: 0.0130]
2026-02-12 19:50:36,304 - INFO - epoch 1946 training [time: 0.36s, train loss: 0.0347, reconstruction loss: 0.0130]
2026-02-12 19:50:36,663 - INFO - epoch 1947 training [time: 0.36s, train loss: 0.0347, reconstruction loss: 0.0130]
2026-02-12 19:50:37,020 - INFO - epoch 1948 training [time: 0.36s, train loss: 0.0347, reconstruction loss: 0.0130]
2026-02-12 19:50:37,384 - INFO - epoch 1949 training [time: 0.36s, train loss: 0.0346, reconstruction loss: 0.0130]
2026-02-12 19:50:37,564 - INFO - epoch 1949 evaluating [time: 0.18s, collision_rate: 0.055704]
2026-02-12 19:50:37,573 - INFO - Saving current/home/ming/news_rec/Data/ckpt/Feb-12-2026_19-39-07/epoch_1949_collision_0.0557_model.pth
2026-02-12 19:50:37,930 - INFO - epoch 1950 training [time: 0.36s, train loss: 0.0347, reconstruction loss: 0.0130]
2026-02-12 19:50:38,290 - INFO - epoch 1951 training [time: 0.36s, train loss: 0.0347, reconstruction loss: 0.0130]
2026-02-12 19:50:38,647 - INFO - epoch 1952 training [time: 0.36s, train loss: 0.0347, reconstruction loss: 0.0130]
2026-02-12 19:50:39,011 - INFO - epoch 1953 training [time: 0.36s, train loss: 0.0347, reconstruction loss: 0.0130]
2026-02-12 19:50:39,372 - INFO - epoch 1954 training [time: 0.36s, train loss: 0.0347, reconstruction loss: 0.0130]
2026-02-12 19:50:39,731 - INFO - epoch 1955 training [time: 0.36s, train loss: 0.0347, reconstruction loss: 0.0130]
2026-02-12 19:50:40,091 - INFO - epoch 1956 training [time: 0.36s, train loss: 0.0347, reconstruction loss: 0.0130]
2026-02-12 19:50:40,452 - INFO - epoch 1957 training [time: 0.36s, train loss: 0.0348, reconstruction loss: 0.0130]
2026-02-12 19:50:40,810 - INFO - epoch 1958 training [time: 0.36s, train loss: 0.0347, reconstruction loss: 0.0130]
2026-02-12 19:50:41,172 - INFO - epoch 1959 training [time: 0.36s, train loss: 0.0347, reconstruction loss: 0.0130]
2026-02-12 19:50:41,535 - INFO - epoch 1960 training [time: 0.36s, train loss: 0.0347, reconstruction loss: 0.0130]
2026-02-12 19:50:41,900 - INFO - epoch 1961 training [time: 0.36s, train loss: 0.0347, reconstruction loss: 0.0130]
2026-02-12 19:50:42,256 - INFO - epoch 1962 training [time: 0.36s, train loss: 0.0348, reconstruction loss: 0.0130]
2026-02-12 19:50:42,619 - INFO - epoch 1963 training [time: 0.36s, train loss: 0.0347, reconstruction loss: 0.0130]
2026-02-12 19:50:42,981 - INFO - epoch 1964 training [time: 0.36s, train loss: 0.0348, reconstruction loss: 0.0130]
2026-02-12 19:50:43,348 - INFO - epoch 1965 training [time: 0.37s, train loss: 0.0348, reconstruction loss: 0.0130]
2026-02-12 19:50:43,709 - INFO - epoch 1966 training [time: 0.36s, train loss: 0.0348, reconstruction loss: 0.0130]
2026-02-12 19:50:44,071 - INFO - epoch 1967 training [time: 0.36s, train loss: 0.0348, reconstruction loss: 0.0130]
2026-02-12 19:50:44,433 - INFO - epoch 1968 training [time: 0.36s, train loss: 0.0348, reconstruction loss: 0.0130]
2026-02-12 19:50:44,790 - INFO - epoch 1969 training [time: 0.36s, train loss: 0.0348, reconstruction loss: 0.0130]
2026-02-12 19:50:45,151 - INFO - epoch 1970 training [time: 0.36s, train loss: 0.0348, reconstruction loss: 0.0130]
2026-02-12 19:50:45,513 - INFO - epoch 1971 training [time: 0.36s, train loss: 0.0348, reconstruction loss: 0.0130]
2026-02-12 19:50:45,871 - INFO - epoch 1972 training [time: 0.36s, train loss: 0.0348, reconstruction loss: 0.0130]
2026-02-12 19:50:46,233 - INFO - epoch 1973 training [time: 0.36s, train loss: 0.0348, reconstruction loss: 0.0130]
2026-02-12 19:50:46,589 - INFO - epoch 1974 training [time: 0.36s, train loss: 0.0348, reconstruction loss: 0.0130]
2026-02-12 19:50:46,950 - INFO - epoch 1975 training [time: 0.36s, train loss: 0.0348, reconstruction loss: 0.0130]
2026-02-12 19:50:47,310 - INFO - epoch 1976 training [time: 0.36s, train loss: 0.0348, reconstruction loss: 0.0130]
2026-02-12 19:50:47,674 - INFO - epoch 1977 training [time: 0.36s, train loss: 0.0348, reconstruction loss: 0.0130]
2026-02-12 19:50:48,036 - INFO - epoch 1978 training [time: 0.36s, train loss: 0.0348, reconstruction loss: 0.0130]
2026-02-12 19:50:48,398 - INFO - epoch 1979 training [time: 0.36s, train loss: 0.0348, reconstruction loss: 0.0130]
2026-02-12 19:50:48,760 - INFO - epoch 1980 training [time: 0.36s, train loss: 0.0348, reconstruction loss: 0.0130]
2026-02-12 19:50:49,128 - INFO - epoch 1981 training [time: 0.37s, train loss: 0.0349, reconstruction loss: 0.0130]
2026-02-12 19:50:49,495 - INFO - epoch 1982 training [time: 0.37s, train loss: 0.0348, reconstruction loss: 0.0130]
2026-02-12 19:50:49,853 - INFO - epoch 1983 training [time: 0.36s, train loss: 0.0348, reconstruction loss: 0.0130]
2026-02-12 19:50:50,214 - INFO - epoch 1984 training [time: 0.36s, train loss: 0.0349, reconstruction loss: 0.0130]
2026-02-12 19:50:50,575 - INFO - epoch 1985 training [time: 0.36s, train loss: 0.0349, reconstruction loss: 0.0130]
2026-02-12 19:50:50,933 - INFO - epoch 1986 training [time: 0.36s, train loss: 0.0349, reconstruction loss: 0.0130]
2026-02-12 19:50:51,297 - INFO - epoch 1987 training [time: 0.36s, train loss: 0.0348, reconstruction loss: 0.0130]
2026-02-12 19:50:51,671 - INFO - epoch 1988 training [time: 0.37s, train loss: 0.0348, reconstruction loss: 0.0130]
2026-02-12 19:50:52,036 - INFO - epoch 1989 training [time: 0.36s, train loss: 0.0349, reconstruction loss: 0.0130]
2026-02-12 19:50:52,394 - INFO - epoch 1990 training [time: 0.36s, train loss: 0.0349, reconstruction loss: 0.0130]
2026-02-12 19:50:52,757 - INFO - epoch 1991 training [time: 0.36s, train loss: 0.0348, reconstruction loss: 0.0130]
2026-02-12 19:50:53,119 - INFO - epoch 1992 training [time: 0.36s, train loss: 0.0349, reconstruction loss: 0.0130]
2026-02-12 19:50:53,483 - INFO - epoch 1993 training [time: 0.36s, train loss: 0.0348, reconstruction loss: 0.0130]
2026-02-12 19:50:53,844 - INFO - epoch 1994 training [time: 0.36s, train loss: 0.0349, reconstruction loss: 0.0130]
2026-02-12 19:50:54,207 - INFO - epoch 1995 training [time: 0.36s, train loss: 0.0349, reconstruction loss: 0.0130]
2026-02-12 19:50:54,571 - INFO - epoch 1996 training [time: 0.36s, train loss: 0.0349, reconstruction loss: 0.0130]
2026-02-12 19:50:54,932 - INFO - epoch 1997 training [time: 0.36s, train loss: 0.0349, reconstruction loss: 0.0130]
2026-02-12 19:50:55,293 - INFO - epoch 1998 training [time: 0.36s, train loss: 0.0348, reconstruction loss: 0.0130]
2026-02-12 19:50:55,658 - INFO - epoch 1999 training [time: 0.36s, train loss: 0.0348, reconstruction loss: 0.0130]
2026-02-12 19:50:55,834 - INFO - epoch 1999 evaluating [time: 0.18s, collision_rate: 0.055688]
2026-02-12 19:50:55,842 - INFO - Saving current/home/ming/news_rec/Data/ckpt/Feb-12-2026_19-39-07/epoch_1999_collision_0.0557_model.pth
2026-02-12 19:50:56,201 - INFO - epoch 2000 training [time: 0.36s, train loss: 0.0349, reconstruction loss: 0.0130]
2026-02-12 19:50:56,557 - INFO - epoch 2001 training [time: 0.36s, train loss: 0.0349, reconstruction loss: 0.0130]
2026-02-12 19:50:56,914 - INFO - epoch 2002 training [time: 0.36s, train loss: 0.0348, reconstruction loss: 0.0130]
2026-02-12 19:50:57,275 - INFO - epoch 2003 training [time: 0.36s, train loss: 0.0349, reconstruction loss: 0.0130]
2026-02-12 19:50:57,635 - INFO - epoch 2004 training [time: 0.36s, train loss: 0.0348, reconstruction loss: 0.0130]
2026-02-12 19:50:57,995 - INFO - epoch 2005 training [time: 0.36s, train loss: 0.0349, reconstruction loss: 0.0130]
2026-02-12 19:50:58,358 - INFO - epoch 2006 training [time: 0.36s, train loss: 0.0349, reconstruction loss: 0.0130]
2026-02-12 19:50:58,713 - INFO - epoch 2007 training [time: 0.35s, train loss: 0.0349, reconstruction loss: 0.0130]
2026-02-12 19:50:59,072 - INFO - epoch 2008 training [time: 0.36s, train loss: 0.0349, reconstruction loss: 0.0130]
2026-02-12 19:50:59,433 - INFO - epoch 2009 training [time: 0.36s, train loss: 0.0349, reconstruction loss: 0.0130]
2026-02-12 19:50:59,793 - INFO - epoch 2010 training [time: 0.36s, train loss: 0.0349, reconstruction loss: 0.0130]
2026-02-12 19:51:00,151 - INFO - epoch 2011 training [time: 0.36s, train loss: 0.0349, reconstruction loss: 0.0130]
2026-02-12 19:51:00,511 - INFO - epoch 2012 training [time: 0.36s, train loss: 0.0349, reconstruction loss: 0.0130]
2026-02-12 19:51:00,869 - INFO - epoch 2013 training [time: 0.36s, train loss: 0.0349, reconstruction loss: 0.0130]
2026-02-12 19:51:01,234 - INFO - epoch 2014 training [time: 0.37s, train loss: 0.0349, reconstruction loss: 0.0130]
2026-02-12 19:51:01,597 - INFO - epoch 2015 training [time: 0.36s, train loss: 0.0349, reconstruction loss: 0.0130]
2026-02-12 19:51:01,962 - INFO - epoch 2016 training [time: 0.36s, train loss: 0.0349, reconstruction loss: 0.0130]
2026-02-12 19:51:02,322 - INFO - epoch 2017 training [time: 0.36s, train loss: 0.0349, reconstruction loss: 0.0130]
2026-02-12 19:51:02,680 - INFO - epoch 2018 training [time: 0.36s, train loss: 0.0349, reconstruction loss: 0.0130]
2026-02-12 19:51:03,043 - INFO - epoch 2019 training [time: 0.36s, train loss: 0.0349, reconstruction loss: 0.0130]
2026-02-12 19:51:03,402 - INFO - epoch 2020 training [time: 0.36s, train loss: 0.0349, reconstruction loss: 0.0130]
2026-02-12 19:51:03,758 - INFO - epoch 2021 training [time: 0.36s, train loss: 0.0349, reconstruction loss: 0.0130]
2026-02-12 19:51:04,115 - INFO - epoch 2022 training [time: 0.36s, train loss: 0.0348, reconstruction loss: 0.0130]
2026-02-12 19:51:04,481 - INFO - epoch 2023 training [time: 0.37s, train loss: 0.0348, reconstruction loss: 0.0130]
2026-02-12 19:51:04,853 - INFO - epoch 2024 training [time: 0.37s, train loss: 0.0349, reconstruction loss: 0.0130]
2026-02-12 19:51:05,228 - INFO - epoch 2025 training [time: 0.37s, train loss: 0.0349, reconstruction loss: 0.0130]
2026-02-12 19:51:05,593 - INFO - epoch 2026 training [time: 0.36s, train loss: 0.0349, reconstruction loss: 0.0130]
2026-02-12 19:51:05,953 - INFO - epoch 2027 training [time: 0.36s, train loss: 0.0348, reconstruction loss: 0.0130]
2026-02-12 19:51:06,317 - INFO - epoch 2028 training [time: 0.36s, train loss: 0.0349, reconstruction loss: 0.0130]
2026-02-12 19:51:06,693 - INFO - epoch 2029 training [time: 0.38s, train loss: 0.0349, reconstruction loss: 0.0130]
2026-02-12 19:51:07,060 - INFO - epoch 2030 training [time: 0.37s, train loss: 0.0349, reconstruction loss: 0.0130]
2026-02-12 19:51:07,419 - INFO - epoch 2031 training [time: 0.36s, train loss: 0.0348, reconstruction loss: 0.0130]
2026-02-12 19:51:07,778 - INFO - epoch 2032 training [time: 0.36s, train loss: 0.0349, reconstruction loss: 0.0130]
2026-02-12 19:51:08,137 - INFO - epoch 2033 training [time: 0.36s, train loss: 0.0349, reconstruction loss: 0.0130]
2026-02-12 19:51:08,497 - INFO - epoch 2034 training [time: 0.36s, train loss: 0.0349, reconstruction loss: 0.0130]
2026-02-12 19:51:08,858 - INFO - epoch 2035 training [time: 0.36s, train loss: 0.0349, reconstruction loss: 0.0130]
2026-02-12 19:51:09,218 - INFO - epoch 2036 training [time: 0.36s, train loss: 0.0349, reconstruction loss: 0.0130]
2026-02-12 19:51:09,578 - INFO - epoch 2037 training [time: 0.36s, train loss: 0.0349, reconstruction loss: 0.0130]
2026-02-12 19:51:09,936 - INFO - epoch 2038 training [time: 0.36s, train loss: 0.0348, reconstruction loss: 0.0130]
2026-02-12 19:51:10,299 - INFO - epoch 2039 training [time: 0.36s, train loss: 0.0349, reconstruction loss: 0.0130]
2026-02-12 19:51:10,657 - INFO - epoch 2040 training [time: 0.36s, train loss: 0.0349, reconstruction loss: 0.0130]
2026-02-12 19:51:11,013 - INFO - epoch 2041 training [time: 0.36s, train loss: 0.0349, reconstruction loss: 0.0130]
2026-02-12 19:51:11,373 - INFO - epoch 2042 training [time: 0.36s, train loss: 0.0349, reconstruction loss: 0.0130]
2026-02-12 19:51:11,730 - INFO - epoch 2043 training [time: 0.36s, train loss: 0.0349, reconstruction loss: 0.0130]
2026-02-12 19:51:12,093 - INFO - epoch 2044 training [time: 0.36s, train loss: 0.0349, reconstruction loss: 0.0130]
2026-02-12 19:51:12,456 - INFO - epoch 2045 training [time: 0.36s, train loss: 0.0349, reconstruction loss: 0.0130]
2026-02-12 19:51:12,818 - INFO - epoch 2046 training [time: 0.36s, train loss: 0.0349, reconstruction loss: 0.0130]
2026-02-12 19:51:13,176 - INFO - epoch 2047 training [time: 0.36s, train loss: 0.0349, reconstruction loss: 0.0130]
2026-02-12 19:51:13,538 - INFO - epoch 2048 training [time: 0.36s, train loss: 0.0349, reconstruction loss: 0.0130]
2026-02-12 19:51:13,895 - INFO - epoch 2049 training [time: 0.36s, train loss: 0.0350, reconstruction loss: 0.0130]
2026-02-12 19:51:14,078 - INFO - epoch 2049 evaluating [time: 0.18s, collision_rate: 0.055137]
2026-02-12 19:51:14,087 - INFO - Saving current/home/ming/news_rec/Data/ckpt/Feb-12-2026_19-39-07/epoch_2049_collision_0.0551_model.pth
2026-02-12 19:51:14,453 - INFO - epoch 2050 training [time: 0.37s, train loss: 0.0349, reconstruction loss: 0.0130]
2026-02-12 19:51:14,810 - INFO - epoch 2051 training [time: 0.36s, train loss: 0.0350, reconstruction loss: 0.0130]
2026-02-12 19:51:15,170 - INFO - epoch 2052 training [time: 0.36s, train loss: 0.0349, reconstruction loss: 0.0130]
2026-02-12 19:51:15,533 - INFO - epoch 2053 training [time: 0.36s, train loss: 0.0349, reconstruction loss: 0.0130]
2026-02-12 19:51:15,890 - INFO - epoch 2054 training [time: 0.36s, train loss: 0.0349, reconstruction loss: 0.0130]
2026-02-12 19:51:16,251 - INFO - epoch 2055 training [time: 0.36s, train loss: 0.0349, reconstruction loss: 0.0130]
2026-02-12 19:51:16,613 - INFO - epoch 2056 training [time: 0.36s, train loss: 0.0349, reconstruction loss: 0.0130]
2026-02-12 19:51:16,970 - INFO - epoch 2057 training [time: 0.36s, train loss: 0.0349, reconstruction loss: 0.0130]
2026-02-12 19:51:17,328 - INFO - epoch 2058 training [time: 0.36s, train loss: 0.0349, reconstruction loss: 0.0130]
2026-02-12 19:51:17,692 - INFO - epoch 2059 training [time: 0.36s, train loss: 0.0349, reconstruction loss: 0.0130]
2026-02-12 19:51:18,051 - INFO - epoch 2060 training [time: 0.36s, train loss: 0.0350, reconstruction loss: 0.0130]
2026-02-12 19:51:18,412 - INFO - epoch 2061 training [time: 0.36s, train loss: 0.0349, reconstruction loss: 0.0130]
2026-02-12 19:51:18,772 - INFO - epoch 2062 training [time: 0.36s, train loss: 0.0349, reconstruction loss: 0.0130]
2026-02-12 19:51:19,132 - INFO - epoch 2063 training [time: 0.36s, train loss: 0.0349, reconstruction loss: 0.0130]
2026-02-12 19:51:19,495 - INFO - epoch 2064 training [time: 0.36s, train loss: 0.0349, reconstruction loss: 0.0130]
2026-02-12 19:51:19,856 - INFO - epoch 2065 training [time: 0.36s, train loss: 0.0349, reconstruction loss: 0.0130]
2026-02-12 19:51:20,217 - INFO - epoch 2066 training [time: 0.36s, train loss: 0.0349, reconstruction loss: 0.0130]
2026-02-12 19:51:20,575 - INFO - epoch 2067 training [time: 0.36s, train loss: 0.0349, reconstruction loss: 0.0130]
2026-02-12 19:51:20,938 - INFO - epoch 2068 training [time: 0.36s, train loss: 0.0349, reconstruction loss: 0.0130]
2026-02-12 19:51:21,296 - INFO - epoch 2069 training [time: 0.36s, train loss: 0.0349, reconstruction loss: 0.0129]
2026-02-12 19:51:21,665 - INFO - epoch 2070 training [time: 0.37s, train loss: 0.0350, reconstruction loss: 0.0130]
2026-02-12 19:51:22,028 - INFO - epoch 2071 training [time: 0.36s, train loss: 0.0349, reconstruction loss: 0.0129]
2026-02-12 19:51:22,387 - INFO - epoch 2072 training [time: 0.36s, train loss: 0.0349, reconstruction loss: 0.0130]
2026-02-12 19:51:22,746 - INFO - epoch 2073 training [time: 0.36s, train loss: 0.0349, reconstruction loss: 0.0129]
2026-02-12 19:51:23,108 - INFO - epoch 2074 training [time: 0.36s, train loss: 0.0349, reconstruction loss: 0.0129]
2026-02-12 19:51:23,469 - INFO - epoch 2075 training [time: 0.36s, train loss: 0.0349, reconstruction loss: 0.0130]
2026-02-12 19:51:23,825 - INFO - epoch 2076 training [time: 0.36s, train loss: 0.0349, reconstruction loss: 0.0129]
2026-02-12 19:51:24,193 - INFO - epoch 2077 training [time: 0.37s, train loss: 0.0349, reconstruction loss: 0.0129]
2026-02-12 19:51:24,554 - INFO - epoch 2078 training [time: 0.36s, train loss: 0.0349, reconstruction loss: 0.0129]
2026-02-12 19:51:24,916 - INFO - epoch 2079 training [time: 0.36s, train loss: 0.0350, reconstruction loss: 0.0130]
2026-02-12 19:51:25,272 - INFO - epoch 2080 training [time: 0.36s, train loss: 0.0349, reconstruction loss: 0.0130]
2026-02-12 19:51:25,627 - INFO - epoch 2081 training [time: 0.35s, train loss: 0.0349, reconstruction loss: 0.0130]
2026-02-12 19:51:25,983 - INFO - epoch 2082 training [time: 0.36s, train loss: 0.0349, reconstruction loss: 0.0129]
2026-02-12 19:51:26,343 - INFO - epoch 2083 training [time: 0.36s, train loss: 0.0349, reconstruction loss: 0.0130]
2026-02-12 19:51:26,700 - INFO - epoch 2084 training [time: 0.36s, train loss: 0.0349, reconstruction loss: 0.0129]
2026-02-12 19:51:27,060 - INFO - epoch 2085 training [time: 0.36s, train loss: 0.0349, reconstruction loss: 0.0129]
2026-02-12 19:51:27,420 - INFO - epoch 2086 training [time: 0.36s, train loss: 0.0349, reconstruction loss: 0.0130]
2026-02-12 19:51:27,778 - INFO - epoch 2087 training [time: 0.36s, train loss: 0.0349, reconstruction loss: 0.0129]
2026-02-12 19:51:28,139 - INFO - epoch 2088 training [time: 0.36s, train loss: 0.0348, reconstruction loss: 0.0129]
2026-02-12 19:51:28,505 - INFO - epoch 2089 training [time: 0.37s, train loss: 0.0349, reconstruction loss: 0.0130]
2026-02-12 19:51:28,864 - INFO - epoch 2090 training [time: 0.36s, train loss: 0.0349, reconstruction loss: 0.0129]
2026-02-12 19:51:29,226 - INFO - epoch 2091 training [time: 0.36s, train loss: 0.0349, reconstruction loss: 0.0129]
2026-02-12 19:51:29,582 - INFO - epoch 2092 training [time: 0.36s, train loss: 0.0349, reconstruction loss: 0.0129]
2026-02-12 19:51:29,941 - INFO - epoch 2093 training [time: 0.36s, train loss: 0.0349, reconstruction loss: 0.0129]
2026-02-12 19:51:30,298 - INFO - epoch 2094 training [time: 0.36s, train loss: 0.0349, reconstruction loss: 0.0129]
2026-02-12 19:51:30,658 - INFO - epoch 2095 training [time: 0.36s, train loss: 0.0350, reconstruction loss: 0.0129]
2026-02-12 19:51:31,022 - INFO - epoch 2096 training [time: 0.36s, train loss: 0.0349, reconstruction loss: 0.0129]
2026-02-12 19:51:31,385 - INFO - epoch 2097 training [time: 0.36s, train loss: 0.0349, reconstruction loss: 0.0129]
2026-02-12 19:51:31,743 - INFO - epoch 2098 training [time: 0.36s, train loss: 0.0349, reconstruction loss: 0.0129]
2026-02-12 19:51:32,103 - INFO - epoch 2099 training [time: 0.36s, train loss: 0.0349, reconstruction loss: 0.0129]
2026-02-12 19:51:32,283 - INFO - epoch 2099 evaluating [time: 0.18s, collision_rate: 0.057114]
2026-02-12 19:51:32,292 - INFO - Saving current/home/ming/news_rec/Data/ckpt/Feb-12-2026_19-39-07/epoch_2099_collision_0.0571_model.pth
2026-02-12 19:51:32,653 - INFO - epoch 2100 training [time: 0.36s, train loss: 0.0349, reconstruction loss: 0.0129]
2026-02-12 19:51:33,015 - INFO - epoch 2101 training [time: 0.36s, train loss: 0.0349, reconstruction loss: 0.0129]
2026-02-12 19:51:33,378 - INFO - epoch 2102 training [time: 0.36s, train loss: 0.0349, reconstruction loss: 0.0129]
2026-02-12 19:51:33,741 - INFO - epoch 2103 training [time: 0.36s, train loss: 0.0350, reconstruction loss: 0.0130]
2026-02-12 19:51:34,102 - INFO - epoch 2104 training [time: 0.36s, train loss: 0.0349, reconstruction loss: 0.0129]
2026-02-12 19:51:34,459 - INFO - epoch 2105 training [time: 0.36s, train loss: 0.0350, reconstruction loss: 0.0129]
2026-02-12 19:51:34,821 - INFO - epoch 2106 training [time: 0.36s, train loss: 0.0350, reconstruction loss: 0.0129]
2026-02-12 19:51:35,184 - INFO - epoch 2107 training [time: 0.36s, train loss: 0.0350, reconstruction loss: 0.0129]
2026-02-12 19:51:35,550 - INFO - epoch 2108 training [time: 0.37s, train loss: 0.0350, reconstruction loss: 0.0129]
2026-02-12 19:51:35,910 - INFO - epoch 2109 training [time: 0.36s, train loss: 0.0350, reconstruction loss: 0.0129]
2026-02-12 19:51:36,274 - INFO - epoch 2110 training [time: 0.36s, train loss: 0.0350, reconstruction loss: 0.0129]
2026-02-12 19:51:36,644 - INFO - epoch 2111 training [time: 0.37s, train loss: 0.0350, reconstruction loss: 0.0129]
2026-02-12 19:51:37,017 - INFO - epoch 2112 training [time: 0.37s, train loss: 0.0350, reconstruction loss: 0.0129]
2026-02-12 19:51:37,371 - INFO - epoch 2113 training [time: 0.35s, train loss: 0.0350, reconstruction loss: 0.0129]
2026-02-12 19:51:37,728 - INFO - epoch 2114 training [time: 0.36s, train loss: 0.0350, reconstruction loss: 0.0129]
2026-02-12 19:51:38,089 - INFO - epoch 2115 training [time: 0.36s, train loss: 0.0350, reconstruction loss: 0.0129]
2026-02-12 19:51:38,451 - INFO - epoch 2116 training [time: 0.36s, train loss: 0.0350, reconstruction loss: 0.0130]
2026-02-12 19:51:38,812 - INFO - epoch 2117 training [time: 0.36s, train loss: 0.0350, reconstruction loss: 0.0129]
2026-02-12 19:51:39,176 - INFO - epoch 2118 training [time: 0.36s, train loss: 0.0350, reconstruction loss: 0.0129]
2026-02-12 19:51:39,536 - INFO - epoch 2119 training [time: 0.36s, train loss: 0.0350, reconstruction loss: 0.0129]
2026-02-12 19:51:39,897 - INFO - epoch 2120 training [time: 0.36s, train loss: 0.0350, reconstruction loss: 0.0129]
2026-02-12 19:51:40,262 - INFO - epoch 2121 training [time: 0.37s, train loss: 0.0350, reconstruction loss: 0.0129]
2026-02-12 19:51:40,626 - INFO - epoch 2122 training [time: 0.36s, train loss: 0.0350, reconstruction loss: 0.0129]
2026-02-12 19:51:40,994 - INFO - epoch 2123 training [time: 0.37s, train loss: 0.0350, reconstruction loss: 0.0129]
2026-02-12 19:51:41,355 - INFO - epoch 2124 training [time: 0.36s, train loss: 0.0350, reconstruction loss: 0.0129]
2026-02-12 19:51:41,714 - INFO - epoch 2125 training [time: 0.36s, train loss: 0.0350, reconstruction loss: 0.0129]
2026-02-12 19:51:42,069 - INFO - epoch 2126 training [time: 0.35s, train loss: 0.0350, reconstruction loss: 0.0129]
2026-02-12 19:51:42,427 - INFO - epoch 2127 training [time: 0.36s, train loss: 0.0350, reconstruction loss: 0.0129]
2026-02-12 19:51:42,784 - INFO - epoch 2128 training [time: 0.36s, train loss: 0.0351, reconstruction loss: 0.0129]
2026-02-12 19:51:43,149 - INFO - epoch 2129 training [time: 0.37s, train loss: 0.0350, reconstruction loss: 0.0129]
2026-02-12 19:51:43,510 - INFO - epoch 2130 training [time: 0.36s, train loss: 0.0350, reconstruction loss: 0.0129]
2026-02-12 19:51:43,867 - INFO - epoch 2131 training [time: 0.36s, train loss: 0.0350, reconstruction loss: 0.0129]
2026-02-12 19:51:44,227 - INFO - epoch 2132 training [time: 0.36s, train loss: 0.0350, reconstruction loss: 0.0129]
2026-02-12 19:51:44,583 - INFO - epoch 2133 training [time: 0.36s, train loss: 0.0350, reconstruction loss: 0.0129]
2026-02-12 19:51:44,940 - INFO - epoch 2134 training [time: 0.36s, train loss: 0.0350, reconstruction loss: 0.0129]
2026-02-12 19:51:45,300 - INFO - epoch 2135 training [time: 0.36s, train loss: 0.0350, reconstruction loss: 0.0129]
2026-02-12 19:51:45,663 - INFO - epoch 2136 training [time: 0.36s, train loss: 0.0350, reconstruction loss: 0.0129]
2026-02-12 19:51:46,022 - INFO - epoch 2137 training [time: 0.36s, train loss: 0.0350, reconstruction loss: 0.0129]
2026-02-12 19:51:46,381 - INFO - epoch 2138 training [time: 0.36s, train loss: 0.0350, reconstruction loss: 0.0129]
2026-02-12 19:51:46,741 - INFO - epoch 2139 training [time: 0.36s, train loss: 0.0351, reconstruction loss: 0.0129]
2026-02-12 19:51:47,097 - INFO - epoch 2140 training [time: 0.36s, train loss: 0.0350, reconstruction loss: 0.0129]
2026-02-12 19:51:47,457 - INFO - epoch 2141 training [time: 0.36s, train loss: 0.0350, reconstruction loss: 0.0129]
2026-02-12 19:51:47,817 - INFO - epoch 2142 training [time: 0.36s, train loss: 0.0351, reconstruction loss: 0.0129]
2026-02-12 19:51:48,184 - INFO - epoch 2143 training [time: 0.37s, train loss: 0.0350, reconstruction loss: 0.0129]
2026-02-12 19:51:48,544 - INFO - epoch 2144 training [time: 0.36s, train loss: 0.0350, reconstruction loss: 0.0129]
2026-02-12 19:51:48,911 - INFO - epoch 2145 training [time: 0.37s, train loss: 0.0350, reconstruction loss: 0.0129]
2026-02-12 19:51:49,270 - INFO - epoch 2146 training [time: 0.36s, train loss: 0.0350, reconstruction loss: 0.0129]
2026-02-12 19:51:49,625 - INFO - epoch 2147 training [time: 0.35s, train loss: 0.0351, reconstruction loss: 0.0129]
2026-02-12 19:51:49,987 - INFO - epoch 2148 training [time: 0.36s, train loss: 0.0351, reconstruction loss: 0.0129]
2026-02-12 19:51:50,344 - INFO - epoch 2149 training [time: 0.36s, train loss: 0.0350, reconstruction loss: 0.0129]
2026-02-12 19:51:50,525 - INFO - epoch 2149 evaluating [time: 0.18s, collision_rate: 0.054907]
2026-02-12 19:51:50,533 - INFO - Saving current/home/ming/news_rec/Data/ckpt/Feb-12-2026_19-39-07/epoch_2149_collision_0.0549_model.pth
2026-02-12 19:51:50,896 - INFO - epoch 2150 training [time: 0.36s, train loss: 0.0351, reconstruction loss: 0.0129]
2026-02-12 19:51:51,256 - INFO - epoch 2151 training [time: 0.36s, train loss: 0.0350, reconstruction loss: 0.0129]
2026-02-12 19:51:51,629 - INFO - epoch 2152 training [time: 0.37s, train loss: 0.0350, reconstruction loss: 0.0129]
2026-02-12 19:51:51,990 - INFO - epoch 2153 training [time: 0.36s, train loss: 0.0350, reconstruction loss: 0.0129]
2026-02-12 19:51:52,354 - INFO - epoch 2154 training [time: 0.36s, train loss: 0.0351, reconstruction loss: 0.0129]
2026-02-12 19:51:52,717 - INFO - epoch 2155 training [time: 0.36s, train loss: 0.0350, reconstruction loss: 0.0129]
2026-02-12 19:51:53,080 - INFO - epoch 2156 training [time: 0.36s, train loss: 0.0350, reconstruction loss: 0.0129]
2026-02-12 19:51:53,437 - INFO - epoch 2157 training [time: 0.36s, train loss: 0.0350, reconstruction loss: 0.0129]
2026-02-12 19:51:53,797 - INFO - epoch 2158 training [time: 0.36s, train loss: 0.0350, reconstruction loss: 0.0129]
2026-02-12 19:51:54,154 - INFO - epoch 2159 training [time: 0.36s, train loss: 0.0350, reconstruction loss: 0.0129]
2026-02-12 19:51:54,513 - INFO - epoch 2160 training [time: 0.36s, train loss: 0.0351, reconstruction loss: 0.0129]
2026-02-12 19:51:54,871 - INFO - epoch 2161 training [time: 0.36s, train loss: 0.0351, reconstruction loss: 0.0129]
2026-02-12 19:51:55,228 - INFO - epoch 2162 training [time: 0.36s, train loss: 0.0351, reconstruction loss: 0.0129]
2026-02-12 19:51:55,586 - INFO - epoch 2163 training [time: 0.36s, train loss: 0.0351, reconstruction loss: 0.0129]
2026-02-12 19:51:55,945 - INFO - epoch 2164 training [time: 0.36s, train loss: 0.0350, reconstruction loss: 0.0129]
2026-02-12 19:51:56,302 - INFO - epoch 2165 training [time: 0.36s, train loss: 0.0351, reconstruction loss: 0.0129]
2026-02-12 19:51:56,662 - INFO - epoch 2166 training [time: 0.36s, train loss: 0.0351, reconstruction loss: 0.0129]
2026-02-12 19:51:57,019 - INFO - epoch 2167 training [time: 0.36s, train loss: 0.0351, reconstruction loss: 0.0129]
2026-02-12 19:51:57,376 - INFO - epoch 2168 training [time: 0.36s, train loss: 0.0351, reconstruction loss: 0.0129]
2026-02-12 19:51:57,734 - INFO - epoch 2169 training [time: 0.36s, train loss: 0.0351, reconstruction loss: 0.0129]
2026-02-12 19:51:58,089 - INFO - epoch 2170 training [time: 0.36s, train loss: 0.0351, reconstruction loss: 0.0129]
2026-02-12 19:51:58,448 - INFO - epoch 2171 training [time: 0.36s, train loss: 0.0351, reconstruction loss: 0.0129]
2026-02-12 19:51:58,809 - INFO - epoch 2172 training [time: 0.36s, train loss: 0.0351, reconstruction loss: 0.0129]
2026-02-12 19:51:59,169 - INFO - epoch 2173 training [time: 0.36s, train loss: 0.0351, reconstruction loss: 0.0129]
2026-02-12 19:51:59,539 - INFO - epoch 2174 training [time: 0.37s, train loss: 0.0351, reconstruction loss: 0.0129]
2026-02-12 19:51:59,899 - INFO - epoch 2175 training [time: 0.36s, train loss: 0.0351, reconstruction loss: 0.0129]
2026-02-12 19:52:00,257 - INFO - epoch 2176 training [time: 0.36s, train loss: 0.0351, reconstruction loss: 0.0129]
2026-02-12 19:52:00,616 - INFO - epoch 2177 training [time: 0.36s, train loss: 0.0351, reconstruction loss: 0.0129]
2026-02-12 19:52:00,975 - INFO - epoch 2178 training [time: 0.36s, train loss: 0.0351, reconstruction loss: 0.0129]
2026-02-12 19:52:01,338 - INFO - epoch 2179 training [time: 0.36s, train loss: 0.0351, reconstruction loss: 0.0129]
2026-02-12 19:52:01,697 - INFO - epoch 2180 training [time: 0.36s, train loss: 0.0351, reconstruction loss: 0.0129]
2026-02-12 19:52:02,060 - INFO - epoch 2181 training [time: 0.36s, train loss: 0.0351, reconstruction loss: 0.0129]
2026-02-12 19:52:02,423 - INFO - epoch 2182 training [time: 0.36s, train loss: 0.0351, reconstruction loss: 0.0129]
2026-02-12 19:52:02,784 - INFO - epoch 2183 training [time: 0.36s, train loss: 0.0350, reconstruction loss: 0.0129]
2026-02-12 19:52:03,146 - INFO - epoch 2184 training [time: 0.36s, train loss: 0.0351, reconstruction loss: 0.0129]
2026-02-12 19:52:03,507 - INFO - epoch 2185 training [time: 0.36s, train loss: 0.0351, reconstruction loss: 0.0129]
2026-02-12 19:52:03,864 - INFO - epoch 2186 training [time: 0.36s, train loss: 0.0351, reconstruction loss: 0.0129]
2026-02-12 19:52:04,225 - INFO - epoch 2187 training [time: 0.36s, train loss: 0.0351, reconstruction loss: 0.0129]
2026-02-12 19:52:04,583 - INFO - epoch 2188 training [time: 0.36s, train loss: 0.0351, reconstruction loss: 0.0129]
2026-02-12 19:52:04,944 - INFO - epoch 2189 training [time: 0.36s, train loss: 0.0351, reconstruction loss: 0.0129]
2026-02-12 19:52:05,306 - INFO - epoch 2190 training [time: 0.36s, train loss: 0.0351, reconstruction loss: 0.0129]
2026-02-12 19:52:05,668 - INFO - epoch 2191 training [time: 0.36s, train loss: 0.0351, reconstruction loss: 0.0129]
2026-02-12 19:52:06,031 - INFO - epoch 2192 training [time: 0.36s, train loss: 0.0351, reconstruction loss: 0.0129]
2026-02-12 19:52:06,389 - INFO - epoch 2193 training [time: 0.36s, train loss: 0.0351, reconstruction loss: 0.0129]
2026-02-12 19:52:06,750 - INFO - epoch 2194 training [time: 0.36s, train loss: 0.0352, reconstruction loss: 0.0129]
2026-02-12 19:52:07,108 - INFO - epoch 2195 training [time: 0.36s, train loss: 0.0351, reconstruction loss: 0.0129]
2026-02-12 19:52:07,467 - INFO - epoch 2196 training [time: 0.36s, train loss: 0.0351, reconstruction loss: 0.0129]
2026-02-12 19:52:07,831 - INFO - epoch 2197 training [time: 0.36s, train loss: 0.0351, reconstruction loss: 0.0129]
2026-02-12 19:52:08,193 - INFO - epoch 2198 training [time: 0.36s, train loss: 0.0351, reconstruction loss: 0.0129]
2026-02-12 19:52:08,556 - INFO - epoch 2199 training [time: 0.36s, train loss: 0.0351, reconstruction loss: 0.0129]
2026-02-12 19:52:08,731 - INFO - epoch 2199 evaluating [time: 0.17s, collision_rate: 0.056225]
2026-02-12 19:52:08,739 - INFO - Saving current/home/ming/news_rec/Data/ckpt/Feb-12-2026_19-39-07/epoch_2199_collision_0.0562_model.pth
2026-02-12 19:52:09,100 - INFO - epoch 2200 training [time: 0.36s, train loss: 0.0351, reconstruction loss: 0.0129]
2026-02-12 19:52:09,464 - INFO - epoch 2201 training [time: 0.36s, train loss: 0.0351, reconstruction loss: 0.0129]
2026-02-12 19:52:09,825 - INFO - epoch 2202 training [time: 0.36s, train loss: 0.0351, reconstruction loss: 0.0129]
2026-02-12 19:52:10,185 - INFO - epoch 2203 training [time: 0.36s, train loss: 0.0351, reconstruction loss: 0.0129]
2026-02-12 19:52:10,543 - INFO - epoch 2204 training [time: 0.36s, train loss: 0.0351, reconstruction loss: 0.0129]
2026-02-12 19:52:10,906 - INFO - epoch 2205 training [time: 0.36s, train loss: 0.0351, reconstruction loss: 0.0129]
2026-02-12 19:52:11,268 - INFO - epoch 2206 training [time: 0.36s, train loss: 0.0351, reconstruction loss: 0.0129]
2026-02-12 19:52:11,626 - INFO - epoch 2207 training [time: 0.36s, train loss: 0.0351, reconstruction loss: 0.0129]
2026-02-12 19:52:11,985 - INFO - epoch 2208 training [time: 0.36s, train loss: 0.0351, reconstruction loss: 0.0129]
2026-02-12 19:52:12,343 - INFO - epoch 2209 training [time: 0.36s, train loss: 0.0351, reconstruction loss: 0.0129]
2026-02-12 19:52:12,705 - INFO - epoch 2210 training [time: 0.36s, train loss: 0.0351, reconstruction loss: 0.0129]
2026-02-12 19:52:13,065 - INFO - epoch 2211 training [time: 0.36s, train loss: 0.0351, reconstruction loss: 0.0129]
2026-02-12 19:52:13,420 - INFO - epoch 2212 training [time: 0.35s, train loss: 0.0351, reconstruction loss: 0.0129]
2026-02-12 19:52:13,775 - INFO - epoch 2213 training [time: 0.35s, train loss: 0.0351, reconstruction loss: 0.0129]
2026-02-12 19:52:14,138 - INFO - epoch 2214 training [time: 0.36s, train loss: 0.0351, reconstruction loss: 0.0129]
2026-02-12 19:52:14,498 - INFO - epoch 2215 training [time: 0.36s, train loss: 0.0351, reconstruction loss: 0.0129]
2026-02-12 19:52:14,855 - INFO - epoch 2216 training [time: 0.36s, train loss: 0.0351, reconstruction loss: 0.0129]
2026-02-12 19:52:15,213 - INFO - epoch 2217 training [time: 0.36s, train loss: 0.0351, reconstruction loss: 0.0129]
2026-02-12 19:52:15,570 - INFO - epoch 2218 training [time: 0.36s, train loss: 0.0351, reconstruction loss: 0.0129]
2026-02-12 19:52:15,931 - INFO - epoch 2219 training [time: 0.36s, train loss: 0.0351, reconstruction loss: 0.0129]
2026-02-12 19:52:16,289 - INFO - epoch 2220 training [time: 0.36s, train loss: 0.0351, reconstruction loss: 0.0129]
2026-02-12 19:52:16,646 - INFO - epoch 2221 training [time: 0.36s, train loss: 0.0351, reconstruction loss: 0.0129]
2026-02-12 19:52:17,002 - INFO - epoch 2222 training [time: 0.36s, train loss: 0.0351, reconstruction loss: 0.0129]
2026-02-12 19:52:17,363 - INFO - epoch 2223 training [time: 0.36s, train loss: 0.0351, reconstruction loss: 0.0129]
2026-02-12 19:52:17,728 - INFO - epoch 2224 training [time: 0.36s, train loss: 0.0351, reconstruction loss: 0.0129]
2026-02-12 19:52:18,084 - INFO - epoch 2225 training [time: 0.36s, train loss: 0.0351, reconstruction loss: 0.0129]
2026-02-12 19:52:18,446 - INFO - epoch 2226 training [time: 0.36s, train loss: 0.0351, reconstruction loss: 0.0129]
2026-02-12 19:52:18,806 - INFO - epoch 2227 training [time: 0.36s, train loss: 0.0351, reconstruction loss: 0.0129]
2026-02-12 19:52:19,163 - INFO - epoch 2228 training [time: 0.36s, train loss: 0.0351, reconstruction loss: 0.0129]
2026-02-12 19:52:19,525 - INFO - epoch 2229 training [time: 0.36s, train loss: 0.0351, reconstruction loss: 0.0129]
2026-02-12 19:52:19,884 - INFO - epoch 2230 training [time: 0.36s, train loss: 0.0351, reconstruction loss: 0.0129]
2026-02-12 19:52:20,245 - INFO - epoch 2231 training [time: 0.36s, train loss: 0.0351, reconstruction loss: 0.0129]
2026-02-12 19:52:20,606 - INFO - epoch 2232 training [time: 0.36s, train loss: 0.0351, reconstruction loss: 0.0129]
2026-02-12 19:52:20,969 - INFO - epoch 2233 training [time: 0.36s, train loss: 0.0351, reconstruction loss: 0.0129]
2026-02-12 19:52:21,328 - INFO - epoch 2234 training [time: 0.36s, train loss: 0.0351, reconstruction loss: 0.0129]
2026-02-12 19:52:21,693 - INFO - epoch 2235 training [time: 0.36s, train loss: 0.0351, reconstruction loss: 0.0129]
2026-02-12 19:52:22,055 - INFO - epoch 2236 training [time: 0.36s, train loss: 0.0352, reconstruction loss: 0.0129]
2026-02-12 19:52:22,427 - INFO - epoch 2237 training [time: 0.37s, train loss: 0.0351, reconstruction loss: 0.0129]
2026-02-12 19:52:22,789 - INFO - epoch 2238 training [time: 0.36s, train loss: 0.0351, reconstruction loss: 0.0129]
2026-02-12 19:52:23,149 - INFO - epoch 2239 training [time: 0.36s, train loss: 0.0351, reconstruction loss: 0.0129]
2026-02-12 19:52:23,509 - INFO - epoch 2240 training [time: 0.36s, train loss: 0.0351, reconstruction loss: 0.0129]
2026-02-12 19:52:23,861 - INFO - epoch 2241 training [time: 0.35s, train loss: 0.0351, reconstruction loss: 0.0129]
2026-02-12 19:52:24,222 - INFO - epoch 2242 training [time: 0.36s, train loss: 0.0351, reconstruction loss: 0.0129]
2026-02-12 19:52:24,585 - INFO - epoch 2243 training [time: 0.36s, train loss: 0.0351, reconstruction loss: 0.0129]
2026-02-12 19:52:24,944 - INFO - epoch 2244 training [time: 0.36s, train loss: 0.0351, reconstruction loss: 0.0129]
2026-02-12 19:52:25,302 - INFO - epoch 2245 training [time: 0.36s, train loss: 0.0351, reconstruction loss: 0.0129]
2026-02-12 19:52:25,662 - INFO - epoch 2246 training [time: 0.36s, train loss: 0.0352, reconstruction loss: 0.0129]
2026-02-12 19:52:26,021 - INFO - epoch 2247 training [time: 0.36s, train loss: 0.0351, reconstruction loss: 0.0129]
2026-02-12 19:52:26,389 - INFO - epoch 2248 training [time: 0.37s, train loss: 0.0351, reconstruction loss: 0.0129]
2026-02-12 19:52:26,746 - INFO - epoch 2249 training [time: 0.36s, train loss: 0.0351, reconstruction loss: 0.0129]
2026-02-12 19:52:26,921 - INFO - epoch 2249 evaluating [time: 0.17s, collision_rate: 0.057451]
2026-02-12 19:52:26,929 - INFO - Saving current/home/ming/news_rec/Data/ckpt/Feb-12-2026_19-39-07/epoch_2249_collision_0.0575_model.pth
2026-02-12 19:52:27,285 - INFO - epoch 2250 training [time: 0.36s, train loss: 0.0351, reconstruction loss: 0.0129]
2026-02-12 19:52:27,641 - INFO - epoch 2251 training [time: 0.36s, train loss: 0.0352, reconstruction loss: 0.0129]
2026-02-12 19:52:28,001 - INFO - epoch 2252 training [time: 0.36s, train loss: 0.0351, reconstruction loss: 0.0129]
2026-02-12 19:52:28,362 - INFO - epoch 2253 training [time: 0.36s, train loss: 0.0351, reconstruction loss: 0.0129]
2026-02-12 19:52:28,727 - INFO - epoch 2254 training [time: 0.37s, train loss: 0.0351, reconstruction loss: 0.0129]
2026-02-12 19:52:29,084 - INFO - epoch 2255 training [time: 0.36s, train loss: 0.0351, reconstruction loss: 0.0129]
2026-02-12 19:52:29,450 - INFO - epoch 2256 training [time: 0.37s, train loss: 0.0351, reconstruction loss: 0.0129]
2026-02-12 19:52:29,810 - INFO - epoch 2257 training [time: 0.36s, train loss: 0.0351, reconstruction loss: 0.0129]
2026-02-12 19:52:30,165 - INFO - epoch 2258 training [time: 0.36s, train loss: 0.0351, reconstruction loss: 0.0129]
2026-02-12 19:52:30,523 - INFO - epoch 2259 training [time: 0.36s, train loss: 0.0351, reconstruction loss: 0.0129]
2026-02-12 19:52:30,879 - INFO - epoch 2260 training [time: 0.36s, train loss: 0.0351, reconstruction loss: 0.0129]
2026-02-12 19:52:31,239 - INFO - epoch 2261 training [time: 0.36s, train loss: 0.0351, reconstruction loss: 0.0129]
2026-02-12 19:52:31,597 - INFO - epoch 2262 training [time: 0.36s, train loss: 0.0351, reconstruction loss: 0.0129]
2026-02-12 19:52:31,959 - INFO - epoch 2263 training [time: 0.36s, train loss: 0.0351, reconstruction loss: 0.0129]
2026-02-12 19:52:32,317 - INFO - epoch 2264 training [time: 0.36s, train loss: 0.0351, reconstruction loss: 0.0129]
2026-02-12 19:52:32,680 - INFO - epoch 2265 training [time: 0.36s, train loss: 0.0351, reconstruction loss: 0.0129]
2026-02-12 19:52:33,041 - INFO - epoch 2266 training [time: 0.36s, train loss: 0.0351, reconstruction loss: 0.0129]
2026-02-12 19:52:33,403 - INFO - epoch 2267 training [time: 0.36s, train loss: 0.0351, reconstruction loss: 0.0129]
2026-02-12 19:52:33,762 - INFO - epoch 2268 training [time: 0.36s, train loss: 0.0351, reconstruction loss: 0.0129]
2026-02-12 19:52:34,124 - INFO - epoch 2269 training [time: 0.36s, train loss: 0.0351, reconstruction loss: 0.0129]
2026-02-12 19:52:34,485 - INFO - epoch 2270 training [time: 0.36s, train loss: 0.0351, reconstruction loss: 0.0129]
2026-02-12 19:52:34,848 - INFO - epoch 2271 training [time: 0.36s, train loss: 0.0351, reconstruction loss: 0.0129]
2026-02-12 19:52:35,207 - INFO - epoch 2272 training [time: 0.36s, train loss: 0.0351, reconstruction loss: 0.0129]
2026-02-12 19:52:35,565 - INFO - epoch 2273 training [time: 0.36s, train loss: 0.0351, reconstruction loss: 0.0129]
2026-02-12 19:52:35,922 - INFO - epoch 2274 training [time: 0.36s, train loss: 0.0351, reconstruction loss: 0.0129]
2026-02-12 19:52:36,289 - INFO - epoch 2275 training [time: 0.37s, train loss: 0.0352, reconstruction loss: 0.0129]
2026-02-12 19:52:36,652 - INFO - epoch 2276 training [time: 0.36s, train loss: 0.0351, reconstruction loss: 0.0129]
2026-02-12 19:52:37,017 - INFO - epoch 2277 training [time: 0.36s, train loss: 0.0351, reconstruction loss: 0.0129]
2026-02-12 19:52:37,371 - INFO - epoch 2278 training [time: 0.35s, train loss: 0.0351, reconstruction loss: 0.0129]
2026-02-12 19:52:37,729 - INFO - epoch 2279 training [time: 0.36s, train loss: 0.0351, reconstruction loss: 0.0129]
2026-02-12 19:52:38,087 - INFO - epoch 2280 training [time: 0.36s, train loss: 0.0351, reconstruction loss: 0.0129]
2026-02-12 19:52:38,453 - INFO - epoch 2281 training [time: 0.37s, train loss: 0.0351, reconstruction loss: 0.0129]
2026-02-12 19:52:38,808 - INFO - epoch 2282 training [time: 0.35s, train loss: 0.0352, reconstruction loss: 0.0129]
2026-02-12 19:52:39,171 - INFO - epoch 2283 training [time: 0.36s, train loss: 0.0351, reconstruction loss: 0.0129]
2026-02-12 19:52:39,535 - INFO - epoch 2284 training [time: 0.36s, train loss: 0.0351, reconstruction loss: 0.0129]
2026-02-12 19:52:39,896 - INFO - epoch 2285 training [time: 0.36s, train loss: 0.0351, reconstruction loss: 0.0129]
2026-02-12 19:52:40,258 - INFO - epoch 2286 training [time: 0.36s, train loss: 0.0352, reconstruction loss: 0.0129]
2026-02-12 19:52:40,621 - INFO - epoch 2287 training [time: 0.36s, train loss: 0.0351, reconstruction loss: 0.0129]
2026-02-12 19:52:40,986 - INFO - epoch 2288 training [time: 0.36s, train loss: 0.0351, reconstruction loss: 0.0129]
2026-02-12 19:52:41,351 - INFO - epoch 2289 training [time: 0.37s, train loss: 0.0351, reconstruction loss: 0.0129]
2026-02-12 19:52:41,713 - INFO - epoch 2290 training [time: 0.36s, train loss: 0.0351, reconstruction loss: 0.0129]
2026-02-12 19:52:42,070 - INFO - epoch 2291 training [time: 0.36s, train loss: 0.0351, reconstruction loss: 0.0129]
2026-02-12 19:52:42,434 - INFO - epoch 2292 training [time: 0.36s, train loss: 0.0351, reconstruction loss: 0.0129]
2026-02-12 19:52:42,794 - INFO - epoch 2293 training [time: 0.36s, train loss: 0.0351, reconstruction loss: 0.0129]
2026-02-12 19:52:43,154 - INFO - epoch 2294 training [time: 0.36s, train loss: 0.0352, reconstruction loss: 0.0129]
2026-02-12 19:52:43,516 - INFO - epoch 2295 training [time: 0.36s, train loss: 0.0352, reconstruction loss: 0.0129]
2026-02-12 19:52:43,877 - INFO - epoch 2296 training [time: 0.36s, train loss: 0.0351, reconstruction loss: 0.0129]
2026-02-12 19:52:44,238 - INFO - epoch 2297 training [time: 0.36s, train loss: 0.0352, reconstruction loss: 0.0129]
2026-02-12 19:52:44,594 - INFO - epoch 2298 training [time: 0.36s, train loss: 0.0351, reconstruction loss: 0.0129]
2026-02-12 19:52:44,953 - INFO - epoch 2299 training [time: 0.36s, train loss: 0.0352, reconstruction loss: 0.0129]
2026-02-12 19:52:45,136 - INFO - epoch 2299 evaluating [time: 0.18s, collision_rate: 0.056899]
2026-02-12 19:52:45,144 - INFO - Saving current/home/ming/news_rec/Data/ckpt/Feb-12-2026_19-39-07/epoch_2299_collision_0.0569_model.pth
2026-02-12 19:52:45,502 - INFO - epoch 2300 training [time: 0.36s, train loss: 0.0352, reconstruction loss: 0.0129]
2026-02-12 19:52:45,867 - INFO - epoch 2301 training [time: 0.36s, train loss: 0.0351, reconstruction loss: 0.0129]
2026-02-12 19:52:46,227 - INFO - epoch 2302 training [time: 0.36s, train loss: 0.0352, reconstruction loss: 0.0129]
2026-02-12 19:52:46,587 - INFO - epoch 2303 training [time: 0.36s, train loss: 0.0352, reconstruction loss: 0.0129]
2026-02-12 19:52:46,948 - INFO - epoch 2304 training [time: 0.36s, train loss: 0.0352, reconstruction loss: 0.0129]
2026-02-12 19:52:47,305 - INFO - epoch 2305 training [time: 0.36s, train loss: 0.0352, reconstruction loss: 0.0129]
2026-02-12 19:52:47,665 - INFO - epoch 2306 training [time: 0.36s, train loss: 0.0352, reconstruction loss: 0.0129]
2026-02-12 19:52:48,027 - INFO - epoch 2307 training [time: 0.36s, train loss: 0.0352, reconstruction loss: 0.0129]
2026-02-12 19:52:48,392 - INFO - epoch 2308 training [time: 0.36s, train loss: 0.0352, reconstruction loss: 0.0129]
2026-02-12 19:52:48,756 - INFO - epoch 2309 training [time: 0.36s, train loss: 0.0352, reconstruction loss: 0.0129]
2026-02-12 19:52:49,117 - INFO - epoch 2310 training [time: 0.36s, train loss: 0.0352, reconstruction loss: 0.0129]
2026-02-12 19:52:49,479 - INFO - epoch 2311 training [time: 0.36s, train loss: 0.0352, reconstruction loss: 0.0129]
2026-02-12 19:52:49,838 - INFO - epoch 2312 training [time: 0.36s, train loss: 0.0352, reconstruction loss: 0.0129]
2026-02-12 19:52:50,207 - INFO - epoch 2313 training [time: 0.37s, train loss: 0.0352, reconstruction loss: 0.0129]
2026-02-12 19:52:50,565 - INFO - epoch 2314 training [time: 0.36s, train loss: 0.0352, reconstruction loss: 0.0129]
2026-02-12 19:52:50,924 - INFO - epoch 2315 training [time: 0.36s, train loss: 0.0351, reconstruction loss: 0.0129]
2026-02-12 19:52:51,284 - INFO - epoch 2316 training [time: 0.36s, train loss: 0.0352, reconstruction loss: 0.0129]
2026-02-12 19:52:51,641 - INFO - epoch 2317 training [time: 0.36s, train loss: 0.0352, reconstruction loss: 0.0129]
2026-02-12 19:52:52,012 - INFO - epoch 2318 training [time: 0.37s, train loss: 0.0352, reconstruction loss: 0.0129]
2026-02-12 19:52:52,371 - INFO - epoch 2319 training [time: 0.36s, train loss: 0.0351, reconstruction loss: 0.0129]
2026-02-12 19:52:52,733 - INFO - epoch 2320 training [time: 0.36s, train loss: 0.0351, reconstruction loss: 0.0129]
2026-02-12 19:52:53,091 - INFO - epoch 2321 training [time: 0.36s, train loss: 0.0352, reconstruction loss: 0.0129]
2026-02-12 19:52:53,450 - INFO - epoch 2322 training [time: 0.36s, train loss: 0.0352, reconstruction loss: 0.0129]
2026-02-12 19:52:53,811 - INFO - epoch 2323 training [time: 0.36s, train loss: 0.0352, reconstruction loss: 0.0129]
2026-02-12 19:52:54,168 - INFO - epoch 2324 training [time: 0.36s, train loss: 0.0352, reconstruction loss: 0.0129]
2026-02-12 19:52:54,527 - INFO - epoch 2325 training [time: 0.36s, train loss: 0.0352, reconstruction loss: 0.0129]
2026-02-12 19:52:54,882 - INFO - epoch 2326 training [time: 0.36s, train loss: 0.0352, reconstruction loss: 0.0129]
2026-02-12 19:52:55,243 - INFO - epoch 2327 training [time: 0.36s, train loss: 0.0352, reconstruction loss: 0.0129]
2026-02-12 19:52:55,601 - INFO - epoch 2328 training [time: 0.36s, train loss: 0.0352, reconstruction loss: 0.0129]
2026-02-12 19:52:55,964 - INFO - epoch 2329 training [time: 0.36s, train loss: 0.0352, reconstruction loss: 0.0129]
2026-02-12 19:52:56,324 - INFO - epoch 2330 training [time: 0.36s, train loss: 0.0352, reconstruction loss: 0.0129]
2026-02-12 19:52:56,687 - INFO - epoch 2331 training [time: 0.36s, train loss: 0.0352, reconstruction loss: 0.0129]
2026-02-12 19:52:57,047 - INFO - epoch 2332 training [time: 0.36s, train loss: 0.0352, reconstruction loss: 0.0129]
2026-02-12 19:52:57,406 - INFO - epoch 2333 training [time: 0.36s, train loss: 0.0352, reconstruction loss: 0.0129]
2026-02-12 19:52:57,767 - INFO - epoch 2334 training [time: 0.36s, train loss: 0.0352, reconstruction loss: 0.0129]
2026-02-12 19:52:58,127 - INFO - epoch 2335 training [time: 0.36s, train loss: 0.0352, reconstruction loss: 0.0129]
2026-02-12 19:52:58,482 - INFO - epoch 2336 training [time: 0.36s, train loss: 0.0352, reconstruction loss: 0.0129]
2026-02-12 19:52:58,841 - INFO - epoch 2337 training [time: 0.36s, train loss: 0.0352, reconstruction loss: 0.0129]
2026-02-12 19:52:59,202 - INFO - epoch 2338 training [time: 0.36s, train loss: 0.0352, reconstruction loss: 0.0129]
2026-02-12 19:52:59,564 - INFO - epoch 2339 training [time: 0.36s, train loss: 0.0352, reconstruction loss: 0.0129]
2026-02-12 19:52:59,922 - INFO - epoch 2340 training [time: 0.36s, train loss: 0.0352, reconstruction loss: 0.0129]
2026-02-12 19:53:00,281 - INFO - epoch 2341 training [time: 0.36s, train loss: 0.0352, reconstruction loss: 0.0129]
2026-02-12 19:53:00,639 - INFO - epoch 2342 training [time: 0.36s, train loss: 0.0352, reconstruction loss: 0.0129]
2026-02-12 19:53:01,002 - INFO - epoch 2343 training [time: 0.36s, train loss: 0.0352, reconstruction loss: 0.0129]
2026-02-12 19:53:01,359 - INFO - epoch 2344 training [time: 0.36s, train loss: 0.0352, reconstruction loss: 0.0129]
2026-02-12 19:53:01,717 - INFO - epoch 2345 training [time: 0.36s, train loss: 0.0351, reconstruction loss: 0.0129]
2026-02-12 19:53:02,076 - INFO - epoch 2346 training [time: 0.36s, train loss: 0.0351, reconstruction loss: 0.0129]
2026-02-12 19:53:02,432 - INFO - epoch 2347 training [time: 0.36s, train loss: 0.0352, reconstruction loss: 0.0129]
2026-02-12 19:53:02,788 - INFO - epoch 2348 training [time: 0.36s, train loss: 0.0352, reconstruction loss: 0.0129]
2026-02-12 19:53:03,142 - INFO - epoch 2349 training [time: 0.35s, train loss: 0.0351, reconstruction loss: 0.0129]
2026-02-12 19:53:03,325 - INFO - epoch 2349 evaluating [time: 0.18s, collision_rate: 0.055780]
2026-02-12 19:53:03,333 - INFO - Saving current/home/ming/news_rec/Data/ckpt/Feb-12-2026_19-39-07/epoch_2349_collision_0.0558_model.pth
2026-02-12 19:53:03,689 - INFO - epoch 2350 training [time: 0.36s, train loss: 0.0351, reconstruction loss: 0.0129]
2026-02-12 19:53:04,046 - INFO - epoch 2351 training [time: 0.36s, train loss: 0.0352, reconstruction loss: 0.0129]
2026-02-12 19:53:04,402 - INFO - epoch 2352 training [time: 0.36s, train loss: 0.0352, reconstruction loss: 0.0129]
2026-02-12 19:53:04,763 - INFO - epoch 2353 training [time: 0.36s, train loss: 0.0352, reconstruction loss: 0.0129]
2026-02-12 19:53:05,118 - INFO - epoch 2354 training [time: 0.35s, train loss: 0.0352, reconstruction loss: 0.0129]
2026-02-12 19:53:05,474 - INFO - epoch 2355 training [time: 0.36s, train loss: 0.0352, reconstruction loss: 0.0129]
2026-02-12 19:53:05,832 - INFO - epoch 2356 training [time: 0.36s, train loss: 0.0351, reconstruction loss: 0.0129]
2026-02-12 19:53:06,198 - INFO - epoch 2357 training [time: 0.37s, train loss: 0.0352, reconstruction loss: 0.0129]
2026-02-12 19:53:06,555 - INFO - epoch 2358 training [time: 0.36s, train loss: 0.0352, reconstruction loss: 0.0129]
2026-02-12 19:53:06,952 - INFO - epoch 2359 training [time: 0.40s, train loss: 0.0352, reconstruction loss: 0.0129]
2026-02-12 19:53:07,311 - INFO - epoch 2360 training [time: 0.36s, train loss: 0.0352, reconstruction loss: 0.0129]
2026-02-12 19:53:07,668 - INFO - epoch 2361 training [time: 0.36s, train loss: 0.0352, reconstruction loss: 0.0129]
2026-02-12 19:53:08,030 - INFO - epoch 2362 training [time: 0.36s, train loss: 0.0352, reconstruction loss: 0.0129]
2026-02-12 19:53:08,392 - INFO - epoch 2363 training [time: 0.36s, train loss: 0.0353, reconstruction loss: 0.0129]
2026-02-12 19:53:08,756 - INFO - epoch 2364 training [time: 0.36s, train loss: 0.0352, reconstruction loss: 0.0129]
2026-02-12 19:53:09,114 - INFO - epoch 2365 training [time: 0.36s, train loss: 0.0352, reconstruction loss: 0.0129]
2026-02-12 19:53:09,475 - INFO - epoch 2366 training [time: 0.36s, train loss: 0.0352, reconstruction loss: 0.0129]
2026-02-12 19:53:09,839 - INFO - epoch 2367 training [time: 0.36s, train loss: 0.0352, reconstruction loss: 0.0129]
2026-02-12 19:53:10,202 - INFO - epoch 2368 training [time: 0.36s, train loss: 0.0352, reconstruction loss: 0.0129]
2026-02-12 19:53:10,560 - INFO - epoch 2369 training [time: 0.36s, train loss: 0.0352, reconstruction loss: 0.0129]
2026-02-12 19:53:10,925 - INFO - epoch 2370 training [time: 0.37s, train loss: 0.0352, reconstruction loss: 0.0129]
2026-02-12 19:53:11,294 - INFO - epoch 2371 training [time: 0.37s, train loss: 0.0352, reconstruction loss: 0.0129]
2026-02-12 19:53:11,653 - INFO - epoch 2372 training [time: 0.36s, train loss: 0.0353, reconstruction loss: 0.0129]
2026-02-12 19:53:12,010 - INFO - epoch 2373 training [time: 0.36s, train loss: 0.0352, reconstruction loss: 0.0129]
2026-02-12 19:53:12,371 - INFO - epoch 2374 training [time: 0.36s, train loss: 0.0353, reconstruction loss: 0.0129]
2026-02-12 19:53:12,735 - INFO - epoch 2375 training [time: 0.36s, train loss: 0.0352, reconstruction loss: 0.0129]
2026-02-12 19:53:13,094 - INFO - epoch 2376 training [time: 0.36s, train loss: 0.0352, reconstruction loss: 0.0129]
2026-02-12 19:53:13,457 - INFO - epoch 2377 training [time: 0.36s, train loss: 0.0352, reconstruction loss: 0.0129]
2026-02-12 19:53:13,819 - INFO - epoch 2378 training [time: 0.36s, train loss: 0.0352, reconstruction loss: 0.0129]
2026-02-12 19:53:14,178 - INFO - epoch 2379 training [time: 0.36s, train loss: 0.0352, reconstruction loss: 0.0129]
2026-02-12 19:53:14,536 - INFO - epoch 2380 training [time: 0.36s, train loss: 0.0352, reconstruction loss: 0.0129]
2026-02-12 19:53:14,895 - INFO - epoch 2381 training [time: 0.36s, train loss: 0.0352, reconstruction loss: 0.0129]
2026-02-12 19:53:15,254 - INFO - epoch 2382 training [time: 0.36s, train loss: 0.0352, reconstruction loss: 0.0129]
2026-02-12 19:53:15,612 - INFO - epoch 2383 training [time: 0.36s, train loss: 0.0352, reconstruction loss: 0.0129]
2026-02-12 19:53:15,969 - INFO - epoch 2384 training [time: 0.36s, train loss: 0.0352, reconstruction loss: 0.0129]
2026-02-12 19:53:16,326 - INFO - epoch 2385 training [time: 0.36s, train loss: 0.0352, reconstruction loss: 0.0129]
2026-02-12 19:53:16,688 - INFO - epoch 2386 training [time: 0.36s, train loss: 0.0353, reconstruction loss: 0.0129]
2026-02-12 19:53:17,047 - INFO - epoch 2387 training [time: 0.36s, train loss: 0.0353, reconstruction loss: 0.0129]
2026-02-12 19:53:17,407 - INFO - epoch 2388 training [time: 0.36s, train loss: 0.0353, reconstruction loss: 0.0129]
2026-02-12 19:53:17,770 - INFO - epoch 2389 training [time: 0.36s, train loss: 0.0352, reconstruction loss: 0.0129]
2026-02-12 19:53:18,134 - INFO - epoch 2390 training [time: 0.36s, train loss: 0.0352, reconstruction loss: 0.0129]
2026-02-12 19:53:18,496 - INFO - epoch 2391 training [time: 0.36s, train loss: 0.0353, reconstruction loss: 0.0129]
2026-02-12 19:53:18,858 - INFO - epoch 2392 training [time: 0.36s, train loss: 0.0353, reconstruction loss: 0.0129]
2026-02-12 19:53:19,221 - INFO - epoch 2393 training [time: 0.36s, train loss: 0.0352, reconstruction loss: 0.0129]
2026-02-12 19:53:19,579 - INFO - epoch 2394 training [time: 0.36s, train loss: 0.0352, reconstruction loss: 0.0129]
2026-02-12 19:53:19,938 - INFO - epoch 2395 training [time: 0.36s, train loss: 0.0353, reconstruction loss: 0.0129]
2026-02-12 19:53:20,295 - INFO - epoch 2396 training [time: 0.36s, train loss: 0.0353, reconstruction loss: 0.0129]
2026-02-12 19:53:20,653 - INFO - epoch 2397 training [time: 0.36s, train loss: 0.0353, reconstruction loss: 0.0129]
2026-02-12 19:53:21,014 - INFO - epoch 2398 training [time: 0.36s, train loss: 0.0353, reconstruction loss: 0.0129]
2026-02-12 19:53:21,377 - INFO - epoch 2399 training [time: 0.36s, train loss: 0.0353, reconstruction loss: 0.0129]
2026-02-12 19:53:21,547 - INFO - epoch 2399 evaluating [time: 0.17s, collision_rate: 0.055382]
2026-02-12 19:53:21,555 - INFO - Saving current/home/ming/news_rec/Data/ckpt/Feb-12-2026_19-39-07/epoch_2399_collision_0.0554_model.pth
2026-02-12 19:53:21,924 - INFO - epoch 2400 training [time: 0.37s, train loss: 0.0353, reconstruction loss: 0.0129]
2026-02-12 19:53:22,287 - INFO - epoch 2401 training [time: 0.36s, train loss: 0.0353, reconstruction loss: 0.0129]
2026-02-12 19:53:22,644 - INFO - epoch 2402 training [time: 0.36s, train loss: 0.0353, reconstruction loss: 0.0129]
2026-02-12 19:53:22,998 - INFO - epoch 2403 training [time: 0.35s, train loss: 0.0353, reconstruction loss: 0.0129]
2026-02-12 19:53:23,355 - INFO - epoch 2404 training [time: 0.36s, train loss: 0.0353, reconstruction loss: 0.0129]
2026-02-12 19:53:23,713 - INFO - epoch 2405 training [time: 0.36s, train loss: 0.0353, reconstruction loss: 0.0129]
2026-02-12 19:53:24,070 - INFO - epoch 2406 training [time: 0.36s, train loss: 0.0353, reconstruction loss: 0.0129]
2026-02-12 19:53:24,431 - INFO - epoch 2407 training [time: 0.36s, train loss: 0.0352, reconstruction loss: 0.0129]
2026-02-12 19:53:24,790 - INFO - epoch 2408 training [time: 0.36s, train loss: 0.0353, reconstruction loss: 0.0129]
2026-02-12 19:53:25,154 - INFO - epoch 2409 training [time: 0.36s, train loss: 0.0352, reconstruction loss: 0.0129]
2026-02-12 19:53:25,514 - INFO - epoch 2410 training [time: 0.36s, train loss: 0.0353, reconstruction loss: 0.0129]
2026-02-12 19:53:25,875 - INFO - epoch 2411 training [time: 0.36s, train loss: 0.0353, reconstruction loss: 0.0129]
2026-02-12 19:53:26,237 - INFO - epoch 2412 training [time: 0.36s, train loss: 0.0353, reconstruction loss: 0.0129]
2026-02-12 19:53:26,594 - INFO - epoch 2413 training [time: 0.36s, train loss: 0.0353, reconstruction loss: 0.0129]
2026-02-12 19:53:26,955 - INFO - epoch 2414 training [time: 0.36s, train loss: 0.0353, reconstruction loss: 0.0129]
2026-02-12 19:53:27,312 - INFO - epoch 2415 training [time: 0.36s, train loss: 0.0353, reconstruction loss: 0.0129]
2026-02-12 19:53:27,670 - INFO - epoch 2416 training [time: 0.36s, train loss: 0.0353, reconstruction loss: 0.0129]
2026-02-12 19:53:28,028 - INFO - epoch 2417 training [time: 0.36s, train loss: 0.0353, reconstruction loss: 0.0129]
2026-02-12 19:53:28,390 - INFO - epoch 2418 training [time: 0.36s, train loss: 0.0353, reconstruction loss: 0.0129]
2026-02-12 19:53:28,752 - INFO - epoch 2419 training [time: 0.36s, train loss: 0.0353, reconstruction loss: 0.0129]
2026-02-12 19:53:29,110 - INFO - epoch 2420 training [time: 0.36s, train loss: 0.0353, reconstruction loss: 0.0129]
2026-02-12 19:53:29,473 - INFO - epoch 2421 training [time: 0.36s, train loss: 0.0353, reconstruction loss: 0.0129]
2026-02-12 19:53:29,832 - INFO - epoch 2422 training [time: 0.36s, train loss: 0.0353, reconstruction loss: 0.0129]
2026-02-12 19:53:30,192 - INFO - epoch 2423 training [time: 0.36s, train loss: 0.0353, reconstruction loss: 0.0129]
2026-02-12 19:53:30,557 - INFO - epoch 2424 training [time: 0.37s, train loss: 0.0353, reconstruction loss: 0.0129]
2026-02-12 19:53:30,921 - INFO - epoch 2425 training [time: 0.36s, train loss: 0.0352, reconstruction loss: 0.0129]
2026-02-12 19:53:31,280 - INFO - epoch 2426 training [time: 0.36s, train loss: 0.0353, reconstruction loss: 0.0129]
2026-02-12 19:53:31,638 - INFO - epoch 2427 training [time: 0.36s, train loss: 0.0353, reconstruction loss: 0.0129]
2026-02-12 19:53:31,996 - INFO - epoch 2428 training [time: 0.36s, train loss: 0.0353, reconstruction loss: 0.0129]
2026-02-12 19:53:32,353 - INFO - epoch 2429 training [time: 0.36s, train loss: 0.0353, reconstruction loss: 0.0129]
2026-02-12 19:53:32,725 - INFO - epoch 2430 training [time: 0.37s, train loss: 0.0353, reconstruction loss: 0.0129]
2026-02-12 19:53:33,088 - INFO - epoch 2431 training [time: 0.36s, train loss: 0.0353, reconstruction loss: 0.0129]
2026-02-12 19:53:33,447 - INFO - epoch 2432 training [time: 0.36s, train loss: 0.0353, reconstruction loss: 0.0129]
2026-02-12 19:53:33,805 - INFO - epoch 2433 training [time: 0.36s, train loss: 0.0353, reconstruction loss: 0.0129]
2026-02-12 19:53:34,164 - INFO - epoch 2434 training [time: 0.36s, train loss: 0.0353, reconstruction loss: 0.0129]
2026-02-12 19:53:34,531 - INFO - epoch 2435 training [time: 0.37s, train loss: 0.0353, reconstruction loss: 0.0129]
2026-02-12 19:53:34,895 - INFO - epoch 2436 training [time: 0.36s, train loss: 0.0353, reconstruction loss: 0.0129]
2026-02-12 19:53:35,253 - INFO - epoch 2437 training [time: 0.36s, train loss: 0.0353, reconstruction loss: 0.0129]
2026-02-12 19:53:35,610 - INFO - epoch 2438 training [time: 0.36s, train loss: 0.0353, reconstruction loss: 0.0129]
2026-02-12 19:53:35,970 - INFO - epoch 2439 training [time: 0.36s, train loss: 0.0353, reconstruction loss: 0.0129]
2026-02-12 19:53:36,333 - INFO - epoch 2440 training [time: 0.36s, train loss: 0.0353, reconstruction loss: 0.0129]
2026-02-12 19:53:36,689 - INFO - epoch 2441 training [time: 0.36s, train loss: 0.0353, reconstruction loss: 0.0129]
2026-02-12 19:53:37,055 - INFO - epoch 2442 training [time: 0.37s, train loss: 0.0353, reconstruction loss: 0.0129]
2026-02-12 19:53:37,421 - INFO - epoch 2443 training [time: 0.37s, train loss: 0.0353, reconstruction loss: 0.0129]
2026-02-12 19:53:37,781 - INFO - epoch 2444 training [time: 0.36s, train loss: 0.0353, reconstruction loss: 0.0129]
2026-02-12 19:53:38,140 - INFO - epoch 2445 training [time: 0.36s, train loss: 0.0353, reconstruction loss: 0.0129]
2026-02-12 19:53:38,498 - INFO - epoch 2446 training [time: 0.36s, train loss: 0.0353, reconstruction loss: 0.0129]
2026-02-12 19:53:38,855 - INFO - epoch 2447 training [time: 0.36s, train loss: 0.0353, reconstruction loss: 0.0129]
2026-02-12 19:53:39,210 - INFO - epoch 2448 training [time: 0.35s, train loss: 0.0353, reconstruction loss: 0.0129]
2026-02-12 19:53:39,571 - INFO - epoch 2449 training [time: 0.36s, train loss: 0.0354, reconstruction loss: 0.0129]
2026-02-12 19:53:39,746 - INFO - epoch 2449 evaluating [time: 0.17s, collision_rate: 0.057788]
2026-02-12 19:53:39,754 - INFO - Saving current/home/ming/news_rec/Data/ckpt/Feb-12-2026_19-39-07/epoch_2449_collision_0.0578_model.pth
2026-02-12 19:53:40,113 - INFO - epoch 2450 training [time: 0.36s, train loss: 0.0353, reconstruction loss: 0.0129]
2026-02-12 19:53:40,472 - INFO - epoch 2451 training [time: 0.36s, train loss: 0.0353, reconstruction loss: 0.0129]
2026-02-12 19:53:40,831 - INFO - epoch 2452 training [time: 0.36s, train loss: 0.0353, reconstruction loss: 0.0129]
2026-02-12 19:53:41,187 - INFO - epoch 2453 training [time: 0.36s, train loss: 0.0353, reconstruction loss: 0.0129]
2026-02-12 19:53:41,549 - INFO - epoch 2454 training [time: 0.36s, train loss: 0.0353, reconstruction loss: 0.0129]
2026-02-12 19:53:41,906 - INFO - epoch 2455 training [time: 0.36s, train loss: 0.0353, reconstruction loss: 0.0129]
2026-02-12 19:53:42,266 - INFO - epoch 2456 training [time: 0.36s, train loss: 0.0353, reconstruction loss: 0.0129]
2026-02-12 19:53:42,638 - INFO - epoch 2457 training [time: 0.37s, train loss: 0.0353, reconstruction loss: 0.0129]
2026-02-12 19:53:42,978 - INFO - epoch 2458 training [time: 0.34s, train loss: 0.0354, reconstruction loss: 0.0129]
2026-02-12 19:53:43,317 - INFO - epoch 2459 training [time: 0.34s, train loss: 0.0353, reconstruction loss: 0.0129]
2026-02-12 19:53:43,654 - INFO - epoch 2460 training [time: 0.34s, train loss: 0.0354, reconstruction loss: 0.0129]
2026-02-12 19:53:43,992 - INFO - epoch 2461 training [time: 0.34s, train loss: 0.0353, reconstruction loss: 0.0129]
2026-02-12 19:53:44,334 - INFO - epoch 2462 training [time: 0.34s, train loss: 0.0353, reconstruction loss: 0.0129]
2026-02-12 19:53:44,678 - INFO - epoch 2463 training [time: 0.34s, train loss: 0.0354, reconstruction loss: 0.0129]
2026-02-12 19:53:45,017 - INFO - epoch 2464 training [time: 0.34s, train loss: 0.0353, reconstruction loss: 0.0129]
2026-02-12 19:53:45,360 - INFO - epoch 2465 training [time: 0.34s, train loss: 0.0354, reconstruction loss: 0.0129]
2026-02-12 19:53:45,703 - INFO - epoch 2466 training [time: 0.34s, train loss: 0.0353, reconstruction loss: 0.0129]
2026-02-12 19:53:46,044 - INFO - epoch 2467 training [time: 0.34s, train loss: 0.0354, reconstruction loss: 0.0129]
2026-02-12 19:53:46,380 - INFO - epoch 2468 training [time: 0.34s, train loss: 0.0353, reconstruction loss: 0.0129]
2026-02-12 19:53:46,716 - INFO - epoch 2469 training [time: 0.34s, train loss: 0.0354, reconstruction loss: 0.0129]
2026-02-12 19:53:47,058 - INFO - epoch 2470 training [time: 0.34s, train loss: 0.0354, reconstruction loss: 0.0129]
2026-02-12 19:53:47,399 - INFO - epoch 2471 training [time: 0.34s, train loss: 0.0354, reconstruction loss: 0.0129]
2026-02-12 19:53:47,741 - INFO - epoch 2472 training [time: 0.34s, train loss: 0.0354, reconstruction loss: 0.0129]
2026-02-12 19:53:48,080 - INFO - epoch 2473 training [time: 0.34s, train loss: 0.0354, reconstruction loss: 0.0129]
2026-02-12 19:53:48,419 - INFO - epoch 2474 training [time: 0.34s, train loss: 0.0354, reconstruction loss: 0.0129]
2026-02-12 19:53:48,760 - INFO - epoch 2475 training [time: 0.34s, train loss: 0.0354, reconstruction loss: 0.0129]
2026-02-12 19:53:49,095 - INFO - epoch 2476 training [time: 0.33s, train loss: 0.0354, reconstruction loss: 0.0129]
2026-02-12 19:53:49,435 - INFO - epoch 2477 training [time: 0.34s, train loss: 0.0353, reconstruction loss: 0.0129]
2026-02-12 19:53:49,787 - INFO - epoch 2478 training [time: 0.35s, train loss: 0.0354, reconstruction loss: 0.0129]
2026-02-12 19:53:50,157 - INFO - epoch 2479 training [time: 0.37s, train loss: 0.0354, reconstruction loss: 0.0129]
2026-02-12 19:53:50,507 - INFO - epoch 2480 training [time: 0.35s, train loss: 0.0354, reconstruction loss: 0.0129]
2026-02-12 19:53:50,849 - INFO - epoch 2481 training [time: 0.34s, train loss: 0.0354, reconstruction loss: 0.0129]
2026-02-12 19:53:51,194 - INFO - epoch 2482 training [time: 0.34s, train loss: 0.0353, reconstruction loss: 0.0129]
2026-02-12 19:53:51,538 - INFO - epoch 2483 training [time: 0.34s, train loss: 0.0353, reconstruction loss: 0.0129]
2026-02-12 19:53:51,897 - INFO - epoch 2484 training [time: 0.36s, train loss: 0.0354, reconstruction loss: 0.0129]
2026-02-12 19:53:52,280 - INFO - epoch 2485 training [time: 0.38s, train loss: 0.0354, reconstruction loss: 0.0129]
2026-02-12 19:53:52,712 - INFO - epoch 2486 training [time: 0.43s, train loss: 0.0353, reconstruction loss: 0.0129]
2026-02-12 19:53:53,089 - INFO - epoch 2487 training [time: 0.38s, train loss: 0.0354, reconstruction loss: 0.0129]
2026-02-12 19:53:53,433 - INFO - epoch 2488 training [time: 0.34s, train loss: 0.0354, reconstruction loss: 0.0129]
2026-02-12 19:53:53,775 - INFO - epoch 2489 training [time: 0.34s, train loss: 0.0354, reconstruction loss: 0.0129]
2026-02-12 19:53:54,114 - INFO - epoch 2490 training [time: 0.34s, train loss: 0.0354, reconstruction loss: 0.0129]
2026-02-12 19:53:54,450 - INFO - epoch 2491 training [time: 0.34s, train loss: 0.0354, reconstruction loss: 0.0129]
2026-02-12 19:53:54,793 - INFO - epoch 2492 training [time: 0.34s, train loss: 0.0353, reconstruction loss: 0.0129]
2026-02-12 19:53:55,143 - INFO - epoch 2493 training [time: 0.35s, train loss: 0.0353, reconstruction loss: 0.0129]
2026-02-12 19:53:55,494 - INFO - epoch 2494 training [time: 0.35s, train loss: 0.0353, reconstruction loss: 0.0129]
2026-02-12 19:53:55,872 - INFO - epoch 2495 training [time: 0.38s, train loss: 0.0354, reconstruction loss: 0.0129]
2026-02-12 19:53:56,230 - INFO - epoch 2496 training [time: 0.36s, train loss: 0.0354, reconstruction loss: 0.0129]
2026-02-12 19:53:56,575 - INFO - epoch 2497 training [time: 0.35s, train loss: 0.0354, reconstruction loss: 0.0129]
2026-02-12 19:53:56,924 - INFO - epoch 2498 training [time: 0.35s, train loss: 0.0353, reconstruction loss: 0.0129]
2026-02-12 19:53:57,266 - INFO - epoch 2499 training [time: 0.34s, train loss: 0.0354, reconstruction loss: 0.0129]
2026-02-12 19:53:57,444 - INFO - epoch 2499 evaluating [time: 0.18s, collision_rate: 0.056562]
2026-02-12 19:53:57,452 - INFO - Saving current/home/ming/news_rec/Data/ckpt/Feb-12-2026_19-39-07/epoch_2499_collision_0.0566_model.pth
2026-02-12 19:53:57,792 - INFO - epoch 2500 training [time: 0.34s, train loss: 0.0354, reconstruction loss: 0.0129]
2026-02-12 19:53:58,135 - INFO - epoch 2501 training [time: 0.34s, train loss: 0.0354, reconstruction loss: 0.0129]
2026-02-12 19:53:58,474 - INFO - epoch 2502 training [time: 0.34s, train loss: 0.0353, reconstruction loss: 0.0129]
2026-02-12 19:53:58,818 - INFO - epoch 2503 training [time: 0.34s, train loss: 0.0354, reconstruction loss: 0.0129]
2026-02-12 19:53:59,165 - INFO - epoch 2504 training [time: 0.35s, train loss: 0.0353, reconstruction loss: 0.0129]
2026-02-12 19:53:59,523 - INFO - epoch 2505 training [time: 0.36s, train loss: 0.0353, reconstruction loss: 0.0129]
2026-02-12 19:53:59,877 - INFO - epoch 2506 training [time: 0.35s, train loss: 0.0353, reconstruction loss: 0.0129]
2026-02-12 19:54:00,288 - INFO - epoch 2507 training [time: 0.41s, train loss: 0.0353, reconstruction loss: 0.0129]
2026-02-12 19:54:00,693 - INFO - epoch 2508 training [time: 0.41s, train loss: 0.0353, reconstruction loss: 0.0129]
2026-02-12 19:54:01,151 - INFO - epoch 2509 training [time: 0.46s, train loss: 0.0353, reconstruction loss: 0.0129]
2026-02-12 19:54:01,567 - INFO - epoch 2510 training [time: 0.42s, train loss: 0.0353, reconstruction loss: 0.0129]
2026-02-12 19:54:02,250 - INFO - epoch 2511 training [time: 0.68s, train loss: 0.0353, reconstruction loss: 0.0129]
2026-02-12 19:54:02,920 - INFO - epoch 2512 training [time: 0.67s, train loss: 0.0353, reconstruction loss: 0.0129]
2026-02-12 19:54:03,407 - INFO - epoch 2513 training [time: 0.49s, train loss: 0.0353, reconstruction loss: 0.0129]
2026-02-12 19:54:03,812 - INFO - epoch 2514 training [time: 0.40s, train loss: 0.0353, reconstruction loss: 0.0129]
2026-02-12 19:54:04,216 - INFO - epoch 2515 training [time: 0.40s, train loss: 0.0353, reconstruction loss: 0.0129]
2026-02-12 19:54:04,611 - INFO - epoch 2516 training [time: 0.40s, train loss: 0.0353, reconstruction loss: 0.0129]
2026-02-12 19:54:05,001 - INFO - epoch 2517 training [time: 0.39s, train loss: 0.0353, reconstruction loss: 0.0129]
2026-02-12 19:54:05,392 - INFO - epoch 2518 training [time: 0.39s, train loss: 0.0353, reconstruction loss: 0.0129]
2026-02-12 19:54:05,784 - INFO - epoch 2519 training [time: 0.39s, train loss: 0.0353, reconstruction loss: 0.0129]
2026-02-12 19:54:06,176 - INFO - epoch 2520 training [time: 0.39s, train loss: 0.0353, reconstruction loss: 0.0129]
2026-02-12 19:54:06,584 - INFO - epoch 2521 training [time: 0.41s, train loss: 0.0353, reconstruction loss: 0.0129]
2026-02-12 19:54:06,974 - INFO - epoch 2522 training [time: 0.39s, train loss: 0.0353, reconstruction loss: 0.0129]
2026-02-12 19:54:07,365 - INFO - epoch 2523 training [time: 0.39s, train loss: 0.0353, reconstruction loss: 0.0129]
2026-02-12 19:54:07,763 - INFO - epoch 2524 training [time: 0.40s, train loss: 0.0353, reconstruction loss: 0.0129]
2026-02-12 19:54:08,162 - INFO - epoch 2525 training [time: 0.40s, train loss: 0.0353, reconstruction loss: 0.0129]
2026-02-12 19:54:08,560 - INFO - epoch 2526 training [time: 0.40s, train loss: 0.0353, reconstruction loss: 0.0129]
2026-02-12 19:54:08,953 - INFO - epoch 2527 training [time: 0.39s, train loss: 0.0353, reconstruction loss: 0.0129]
2026-02-12 19:54:09,365 - INFO - epoch 2528 training [time: 0.41s, train loss: 0.0353, reconstruction loss: 0.0129]
2026-02-12 19:54:09,757 - INFO - epoch 2529 training [time: 0.39s, train loss: 0.0353, reconstruction loss: 0.0129]
2026-02-12 19:54:10,171 - INFO - epoch 2530 training [time: 0.41s, train loss: 0.0353, reconstruction loss: 0.0129]
2026-02-12 19:54:10,575 - INFO - epoch 2531 training [time: 0.40s, train loss: 0.0353, reconstruction loss: 0.0129]
2026-02-12 19:54:10,973 - INFO - epoch 2532 training [time: 0.40s, train loss: 0.0354, reconstruction loss: 0.0129]
2026-02-12 19:54:11,350 - INFO - epoch 2533 training [time: 0.38s, train loss: 0.0353, reconstruction loss: 0.0129]
2026-02-12 19:54:11,688 - INFO - epoch 2534 training [time: 0.34s, train loss: 0.0353, reconstruction loss: 0.0129]
2026-02-12 19:54:12,034 - INFO - epoch 2535 training [time: 0.35s, train loss: 0.0354, reconstruction loss: 0.0129]
2026-02-12 19:54:12,384 - INFO - epoch 2536 training [time: 0.35s, train loss: 0.0354, reconstruction loss: 0.0129]
2026-02-12 19:54:12,728 - INFO - epoch 2537 training [time: 0.34s, train loss: 0.0354, reconstruction loss: 0.0129]
2026-02-12 19:54:13,083 - INFO - epoch 2538 training [time: 0.36s, train loss: 0.0354, reconstruction loss: 0.0129]
2026-02-12 19:54:13,435 - INFO - epoch 2539 training [time: 0.35s, train loss: 0.0354, reconstruction loss: 0.0129]
2026-02-12 19:54:13,788 - INFO - epoch 2540 training [time: 0.35s, train loss: 0.0354, reconstruction loss: 0.0129]
2026-02-12 19:54:14,127 - INFO - epoch 2541 training [time: 0.34s, train loss: 0.0354, reconstruction loss: 0.0129]
2026-02-12 19:54:14,493 - INFO - epoch 2542 training [time: 0.37s, train loss: 0.0354, reconstruction loss: 0.0129]
2026-02-12 19:54:14,846 - INFO - epoch 2543 training [time: 0.35s, train loss: 0.0354, reconstruction loss: 0.0129]
2026-02-12 19:54:15,190 - INFO - epoch 2544 training [time: 0.34s, train loss: 0.0354, reconstruction loss: 0.0129]
2026-02-12 19:54:15,560 - INFO - epoch 2545 training [time: 0.37s, train loss: 0.0353, reconstruction loss: 0.0129]
2026-02-12 19:54:15,910 - INFO - epoch 2546 training [time: 0.35s, train loss: 0.0354, reconstruction loss: 0.0129]
2026-02-12 19:54:16,293 - INFO - epoch 2547 training [time: 0.38s, train loss: 0.0354, reconstruction loss: 0.0129]
2026-02-12 19:54:16,684 - INFO - epoch 2548 training [time: 0.39s, train loss: 0.0354, reconstruction loss: 0.0129]
2026-02-12 19:54:17,037 - INFO - epoch 2549 training [time: 0.35s, train loss: 0.0354, reconstruction loss: 0.0129]
2026-02-12 19:54:17,242 - INFO - epoch 2549 evaluating [time: 0.21s, collision_rate: 0.056838]
2026-02-12 19:54:17,250 - INFO - Saving current/home/ming/news_rec/Data/ckpt/Feb-12-2026_19-39-07/epoch_2549_collision_0.0568_model.pth
2026-02-12 19:54:17,605 - INFO - epoch 2550 training [time: 0.35s, train loss: 0.0354, reconstruction loss: 0.0129]
2026-02-12 19:54:18,013 - INFO - epoch 2551 training [time: 0.41s, train loss: 0.0353, reconstruction loss: 0.0129]
2026-02-12 19:54:18,372 - INFO - epoch 2552 training [time: 0.36s, train loss: 0.0354, reconstruction loss: 0.0129]
2026-02-12 19:54:18,726 - INFO - epoch 2553 training [time: 0.35s, train loss: 0.0353, reconstruction loss: 0.0129]
2026-02-12 19:54:19,073 - INFO - epoch 2554 training [time: 0.35s, train loss: 0.0354, reconstruction loss: 0.0129]
2026-02-12 19:54:19,438 - INFO - epoch 2555 training [time: 0.36s, train loss: 0.0353, reconstruction loss: 0.0129]
2026-02-12 19:54:19,795 - INFO - epoch 2556 training [time: 0.36s, train loss: 0.0353, reconstruction loss: 0.0129]
2026-02-12 19:54:20,146 - INFO - epoch 2557 training [time: 0.35s, train loss: 0.0354, reconstruction loss: 0.0129]
2026-02-12 19:54:20,494 - INFO - epoch 2558 training [time: 0.35s, train loss: 0.0354, reconstruction loss: 0.0129]
2026-02-12 19:54:20,838 - INFO - epoch 2559 training [time: 0.34s, train loss: 0.0354, reconstruction loss: 0.0129]
2026-02-12 19:54:21,205 - INFO - epoch 2560 training [time: 0.37s, train loss: 0.0354, reconstruction loss: 0.0129]
2026-02-12 19:54:21,574 - INFO - epoch 2561 training [time: 0.37s, train loss: 0.0354, reconstruction loss: 0.0129]
2026-02-12 19:54:21,935 - INFO - epoch 2562 training [time: 0.36s, train loss: 0.0354, reconstruction loss: 0.0129]
2026-02-12 19:54:22,283 - INFO - epoch 2563 training [time: 0.35s, train loss: 0.0354, reconstruction loss: 0.0129]
2026-02-12 19:54:22,626 - INFO - epoch 2564 training [time: 0.34s, train loss: 0.0354, reconstruction loss: 0.0129]
2026-02-12 19:54:22,965 - INFO - epoch 2565 training [time: 0.34s, train loss: 0.0354, reconstruction loss: 0.0129]
2026-02-12 19:54:23,305 - INFO - epoch 2566 training [time: 0.34s, train loss: 0.0354, reconstruction loss: 0.0129]
2026-02-12 19:54:23,647 - INFO - epoch 2567 training [time: 0.34s, train loss: 0.0354, reconstruction loss: 0.0129]
2026-02-12 19:54:23,987 - INFO - epoch 2568 training [time: 0.34s, train loss: 0.0354, reconstruction loss: 0.0129]
2026-02-12 19:54:24,327 - INFO - epoch 2569 training [time: 0.34s, train loss: 0.0354, reconstruction loss: 0.0129]
2026-02-12 19:54:24,666 - INFO - epoch 2570 training [time: 0.34s, train loss: 0.0354, reconstruction loss: 0.0129]
2026-02-12 19:54:25,006 - INFO - epoch 2571 training [time: 0.34s, train loss: 0.0354, reconstruction loss: 0.0129]
2026-02-12 19:54:25,344 - INFO - epoch 2572 training [time: 0.34s, train loss: 0.0354, reconstruction loss: 0.0129]
2026-02-12 19:54:25,683 - INFO - epoch 2573 training [time: 0.34s, train loss: 0.0354, reconstruction loss: 0.0129]
2026-02-12 19:54:26,019 - INFO - epoch 2574 training [time: 0.34s, train loss: 0.0354, reconstruction loss: 0.0129]
2026-02-12 19:54:26,357 - INFO - epoch 2575 training [time: 0.34s, train loss: 0.0354, reconstruction loss: 0.0129]
2026-02-12 19:54:26,695 - INFO - epoch 2576 training [time: 0.34s, train loss: 0.0354, reconstruction loss: 0.0129]
2026-02-12 19:54:27,030 - INFO - epoch 2577 training [time: 0.34s, train loss: 0.0354, reconstruction loss: 0.0129]
2026-02-12 19:54:27,367 - INFO - epoch 2578 training [time: 0.34s, train loss: 0.0354, reconstruction loss: 0.0129]
2026-02-12 19:54:27,712 - INFO - epoch 2579 training [time: 0.35s, train loss: 0.0354, reconstruction loss: 0.0129]
2026-02-12 19:54:28,107 - INFO - epoch 2580 training [time: 0.39s, train loss: 0.0354, reconstruction loss: 0.0129]
2026-02-12 19:54:28,449 - INFO - epoch 2581 training [time: 0.34s, train loss: 0.0354, reconstruction loss: 0.0129]
2026-02-12 19:54:28,801 - INFO - epoch 2582 training [time: 0.35s, train loss: 0.0354, reconstruction loss: 0.0129]
2026-02-12 19:54:29,150 - INFO - epoch 2583 training [time: 0.35s, train loss: 0.0354, reconstruction loss: 0.0129]
2026-02-12 19:54:29,503 - INFO - epoch 2584 training [time: 0.35s, train loss: 0.0354, reconstruction loss: 0.0129]
2026-02-12 19:54:29,853 - INFO - epoch 2585 training [time: 0.35s, train loss: 0.0354, reconstruction loss: 0.0129]
2026-02-12 19:54:30,204 - INFO - epoch 2586 training [time: 0.35s, train loss: 0.0354, reconstruction loss: 0.0129]
2026-02-12 19:54:30,552 - INFO - epoch 2587 training [time: 0.35s, train loss: 0.0354, reconstruction loss: 0.0129]
2026-02-12 19:54:30,892 - INFO - epoch 2588 training [time: 0.34s, train loss: 0.0354, reconstruction loss: 0.0129]
2026-02-12 19:54:31,238 - INFO - epoch 2589 training [time: 0.35s, train loss: 0.0354, reconstruction loss: 0.0129]
2026-02-12 19:54:31,581 - INFO - epoch 2590 training [time: 0.34s, train loss: 0.0354, reconstruction loss: 0.0129]
2026-02-12 19:54:31,920 - INFO - epoch 2591 training [time: 0.34s, train loss: 0.0354, reconstruction loss: 0.0129]
2026-02-12 19:54:32,265 - INFO - epoch 2592 training [time: 0.34s, train loss: 0.0354, reconstruction loss: 0.0129]
2026-02-12 19:54:32,606 - INFO - epoch 2593 training [time: 0.34s, train loss: 0.0354, reconstruction loss: 0.0129]
2026-02-12 19:54:32,942 - INFO - epoch 2594 training [time: 0.34s, train loss: 0.0354, reconstruction loss: 0.0129]
2026-02-12 19:54:33,294 - INFO - epoch 2595 training [time: 0.35s, train loss: 0.0354, reconstruction loss: 0.0129]
2026-02-12 19:54:33,637 - INFO - epoch 2596 training [time: 0.34s, train loss: 0.0354, reconstruction loss: 0.0129]
2026-02-12 19:54:33,977 - INFO - epoch 2597 training [time: 0.34s, train loss: 0.0354, reconstruction loss: 0.0129]
2026-02-12 19:54:34,329 - INFO - epoch 2598 training [time: 0.35s, train loss: 0.0354, reconstruction loss: 0.0129]
2026-02-12 19:54:34,675 - INFO - epoch 2599 training [time: 0.35s, train loss: 0.0354, reconstruction loss: 0.0129]
2026-02-12 19:54:34,854 - INFO - epoch 2599 evaluating [time: 0.18s, collision_rate: 0.056010]
2026-02-12 19:54:34,862 - INFO - Saving current/home/ming/news_rec/Data/ckpt/Feb-12-2026_19-39-07/epoch_2599_collision_0.0560_model.pth
2026-02-12 19:54:35,210 - INFO - epoch 2600 training [time: 0.35s, train loss: 0.0354, reconstruction loss: 0.0129]
2026-02-12 19:54:35,553 - INFO - epoch 2601 training [time: 0.34s, train loss: 0.0354, reconstruction loss: 0.0129]
2026-02-12 19:54:35,892 - INFO - epoch 2602 training [time: 0.34s, train loss: 0.0354, reconstruction loss: 0.0129]
2026-02-12 19:54:36,237 - INFO - epoch 2603 training [time: 0.34s, train loss: 0.0354, reconstruction loss: 0.0129]
2026-02-12 19:54:36,574 - INFO - epoch 2604 training [time: 0.34s, train loss: 0.0354, reconstruction loss: 0.0129]
2026-02-12 19:54:36,919 - INFO - epoch 2605 training [time: 0.35s, train loss: 0.0354, reconstruction loss: 0.0129]
2026-02-12 19:54:37,258 - INFO - epoch 2606 training [time: 0.34s, train loss: 0.0354, reconstruction loss: 0.0129]
2026-02-12 19:54:37,597 - INFO - epoch 2607 training [time: 0.34s, train loss: 0.0354, reconstruction loss: 0.0129]
2026-02-12 19:54:37,939 - INFO - epoch 2608 training [time: 0.34s, train loss: 0.0354, reconstruction loss: 0.0129]
2026-02-12 19:54:38,288 - INFO - epoch 2609 training [time: 0.35s, train loss: 0.0354, reconstruction loss: 0.0129]
2026-02-12 19:54:38,626 - INFO - epoch 2610 training [time: 0.34s, train loss: 0.0354, reconstruction loss: 0.0129]
2026-02-12 19:54:38,970 - INFO - epoch 2611 training [time: 0.34s, train loss: 0.0354, reconstruction loss: 0.0129]
2026-02-12 19:54:39,311 - INFO - epoch 2612 training [time: 0.34s, train loss: 0.0354, reconstruction loss: 0.0129]
2026-02-12 19:54:39,655 - INFO - epoch 2613 training [time: 0.34s, train loss: 0.0354, reconstruction loss: 0.0129]
2026-02-12 19:54:39,998 - INFO - epoch 2614 training [time: 0.34s, train loss: 0.0354, reconstruction loss: 0.0129]
2026-02-12 19:54:40,358 - INFO - epoch 2615 training [time: 0.36s, train loss: 0.0354, reconstruction loss: 0.0129]
2026-02-12 19:54:40,714 - INFO - epoch 2616 training [time: 0.36s, train loss: 0.0354, reconstruction loss: 0.0129]
2026-02-12 19:54:41,066 - INFO - epoch 2617 training [time: 0.35s, train loss: 0.0354, reconstruction loss: 0.0129]
2026-02-12 19:54:41,417 - INFO - epoch 2618 training [time: 0.35s, train loss: 0.0354, reconstruction loss: 0.0128]
2026-02-12 19:54:41,771 - INFO - epoch 2619 training [time: 0.35s, train loss: 0.0354, reconstruction loss: 0.0129]
2026-02-12 19:54:42,123 - INFO - epoch 2620 training [time: 0.35s, train loss: 0.0354, reconstruction loss: 0.0129]
2026-02-12 19:54:42,469 - INFO - epoch 2621 training [time: 0.35s, train loss: 0.0355, reconstruction loss: 0.0129]
2026-02-12 19:54:42,820 - INFO - epoch 2622 training [time: 0.35s, train loss: 0.0354, reconstruction loss: 0.0129]
2026-02-12 19:54:43,200 - INFO - epoch 2623 training [time: 0.38s, train loss: 0.0354, reconstruction loss: 0.0129]
2026-02-12 19:54:43,575 - INFO - epoch 2624 training [time: 0.38s, train loss: 0.0354, reconstruction loss: 0.0129]
2026-02-12 19:54:43,928 - INFO - epoch 2625 training [time: 0.35s, train loss: 0.0354, reconstruction loss: 0.0129]
2026-02-12 19:54:44,274 - INFO - epoch 2626 training [time: 0.35s, train loss: 0.0354, reconstruction loss: 0.0129]
2026-02-12 19:54:44,621 - INFO - epoch 2627 training [time: 0.35s, train loss: 0.0355, reconstruction loss: 0.0129]
2026-02-12 19:54:44,966 - INFO - epoch 2628 training [time: 0.34s, train loss: 0.0354, reconstruction loss: 0.0128]
2026-02-12 19:54:45,307 - INFO - epoch 2629 training [time: 0.34s, train loss: 0.0354, reconstruction loss: 0.0129]
2026-02-12 19:54:45,652 - INFO - epoch 2630 training [time: 0.34s, train loss: 0.0354, reconstruction loss: 0.0128]
2026-02-12 19:54:45,996 - INFO - epoch 2631 training [time: 0.34s, train loss: 0.0354, reconstruction loss: 0.0129]
2026-02-12 19:54:46,337 - INFO - epoch 2632 training [time: 0.34s, train loss: 0.0354, reconstruction loss: 0.0129]
2026-02-12 19:54:46,675 - INFO - epoch 2633 training [time: 0.34s, train loss: 0.0354, reconstruction loss: 0.0128]
2026-02-12 19:54:47,013 - INFO - epoch 2634 training [time: 0.34s, train loss: 0.0354, reconstruction loss: 0.0129]
2026-02-12 19:54:47,352 - INFO - epoch 2635 training [time: 0.34s, train loss: 0.0354, reconstruction loss: 0.0129]
2026-02-12 19:54:47,686 - INFO - epoch 2636 training [time: 0.33s, train loss: 0.0354, reconstruction loss: 0.0128]
2026-02-12 19:54:48,026 - INFO - epoch 2637 training [time: 0.34s, train loss: 0.0354, reconstruction loss: 0.0128]
2026-02-12 19:54:48,363 - INFO - epoch 2638 training [time: 0.34s, train loss: 0.0354, reconstruction loss: 0.0128]
2026-02-12 19:54:48,707 - INFO - epoch 2639 training [time: 0.34s, train loss: 0.0354, reconstruction loss: 0.0128]
2026-02-12 19:54:49,046 - INFO - epoch 2640 training [time: 0.34s, train loss: 0.0355, reconstruction loss: 0.0129]
2026-02-12 19:54:49,387 - INFO - epoch 2641 training [time: 0.34s, train loss: 0.0354, reconstruction loss: 0.0129]
2026-02-12 19:54:49,723 - INFO - epoch 2642 training [time: 0.34s, train loss: 0.0354, reconstruction loss: 0.0128]
2026-02-12 19:54:50,069 - INFO - epoch 2643 training [time: 0.35s, train loss: 0.0354, reconstruction loss: 0.0129]
2026-02-12 19:54:50,407 - INFO - epoch 2644 training [time: 0.34s, train loss: 0.0354, reconstruction loss: 0.0128]
2026-02-12 19:54:50,743 - INFO - epoch 2645 training [time: 0.34s, train loss: 0.0354, reconstruction loss: 0.0128]
2026-02-12 19:54:51,081 - INFO - epoch 2646 training [time: 0.34s, train loss: 0.0354, reconstruction loss: 0.0128]
2026-02-12 19:54:51,423 - INFO - epoch 2647 training [time: 0.34s, train loss: 0.0354, reconstruction loss: 0.0128]
2026-02-12 19:54:51,764 - INFO - epoch 2648 training [time: 0.34s, train loss: 0.0354, reconstruction loss: 0.0128]
2026-02-12 19:54:52,102 - INFO - epoch 2649 training [time: 0.34s, train loss: 0.0354, reconstruction loss: 0.0128]
2026-02-12 19:54:52,278 - INFO - epoch 2649 evaluating [time: 0.18s, collision_rate: 0.057436]
2026-02-12 19:54:52,286 - INFO - Saving current/home/ming/news_rec/Data/ckpt/Feb-12-2026_19-39-07/epoch_2649_collision_0.0574_model.pth
2026-02-12 19:54:52,623 - INFO - epoch 2650 training [time: 0.34s, train loss: 0.0354, reconstruction loss: 0.0128]
2026-02-12 19:54:52,962 - INFO - epoch 2651 training [time: 0.34s, train loss: 0.0354, reconstruction loss: 0.0128]
2026-02-12 19:54:53,302 - INFO - epoch 2652 training [time: 0.34s, train loss: 0.0354, reconstruction loss: 0.0128]
2026-02-12 19:54:53,643 - INFO - epoch 2653 training [time: 0.34s, train loss: 0.0354, reconstruction loss: 0.0128]
2026-02-12 19:54:53,980 - INFO - epoch 2654 training [time: 0.34s, train loss: 0.0354, reconstruction loss: 0.0129]
2026-02-12 19:54:54,320 - INFO - epoch 2655 training [time: 0.34s, train loss: 0.0355, reconstruction loss: 0.0129]
2026-02-12 19:54:54,657 - INFO - epoch 2656 training [time: 0.34s, train loss: 0.0354, reconstruction loss: 0.0128]
2026-02-12 19:54:55,001 - INFO - epoch 2657 training [time: 0.34s, train loss: 0.0354, reconstruction loss: 0.0128]
2026-02-12 19:54:55,341 - INFO - epoch 2658 training [time: 0.34s, train loss: 0.0354, reconstruction loss: 0.0128]
2026-02-12 19:54:55,683 - INFO - epoch 2659 training [time: 0.34s, train loss: 0.0354, reconstruction loss: 0.0128]
2026-02-12 19:54:56,023 - INFO - epoch 2660 training [time: 0.34s, train loss: 0.0355, reconstruction loss: 0.0128]
2026-02-12 19:54:56,362 - INFO - epoch 2661 training [time: 0.34s, train loss: 0.0354, reconstruction loss: 0.0128]
2026-02-12 19:54:56,708 - INFO - epoch 2662 training [time: 0.35s, train loss: 0.0354, reconstruction loss: 0.0128]
2026-02-12 19:54:57,048 - INFO - epoch 2663 training [time: 0.34s, train loss: 0.0355, reconstruction loss: 0.0128]
2026-02-12 19:54:57,384 - INFO - epoch 2664 training [time: 0.34s, train loss: 0.0354, reconstruction loss: 0.0128]
2026-02-12 19:54:57,721 - INFO - epoch 2665 training [time: 0.34s, train loss: 0.0355, reconstruction loss: 0.0128]
2026-02-12 19:54:58,060 - INFO - epoch 2666 training [time: 0.34s, train loss: 0.0354, reconstruction loss: 0.0128]
2026-02-12 19:54:58,403 - INFO - epoch 2667 training [time: 0.34s, train loss: 0.0354, reconstruction loss: 0.0128]
2026-02-12 19:54:58,745 - INFO - epoch 2668 training [time: 0.34s, train loss: 0.0354, reconstruction loss: 0.0128]
2026-02-12 19:54:59,085 - INFO - epoch 2669 training [time: 0.34s, train loss: 0.0354, reconstruction loss: 0.0128]
2026-02-12 19:54:59,434 - INFO - epoch 2670 training [time: 0.35s, train loss: 0.0354, reconstruction loss: 0.0128]
2026-02-12 19:54:59,781 - INFO - epoch 2671 training [time: 0.35s, train loss: 0.0354, reconstruction loss: 0.0128]
2026-02-12 19:55:00,126 - INFO - epoch 2672 training [time: 0.35s, train loss: 0.0354, reconstruction loss: 0.0128]
2026-02-12 19:55:00,470 - INFO - epoch 2673 training [time: 0.34s, train loss: 0.0354, reconstruction loss: 0.0128]
2026-02-12 19:55:00,808 - INFO - epoch 2674 training [time: 0.34s, train loss: 0.0355, reconstruction loss: 0.0128]
2026-02-12 19:55:01,151 - INFO - epoch 2675 training [time: 0.34s, train loss: 0.0354, reconstruction loss: 0.0128]
2026-02-12 19:55:01,492 - INFO - epoch 2676 training [time: 0.34s, train loss: 0.0355, reconstruction loss: 0.0128]
2026-02-12 19:55:01,832 - INFO - epoch 2677 training [time: 0.34s, train loss: 0.0355, reconstruction loss: 0.0128]
2026-02-12 19:55:02,171 - INFO - epoch 2678 training [time: 0.34s, train loss: 0.0354, reconstruction loss: 0.0128]
2026-02-12 19:55:02,512 - INFO - epoch 2679 training [time: 0.34s, train loss: 0.0355, reconstruction loss: 0.0128]
2026-02-12 19:55:02,856 - INFO - epoch 2680 training [time: 0.34s, train loss: 0.0355, reconstruction loss: 0.0128]
2026-02-12 19:55:03,197 - INFO - epoch 2681 training [time: 0.34s, train loss: 0.0355, reconstruction loss: 0.0128]
2026-02-12 19:55:03,531 - INFO - epoch 2682 training [time: 0.33s, train loss: 0.0354, reconstruction loss: 0.0128]
2026-02-12 19:55:03,867 - INFO - epoch 2683 training [time: 0.34s, train loss: 0.0354, reconstruction loss: 0.0128]
2026-02-12 19:55:04,207 - INFO - epoch 2684 training [time: 0.34s, train loss: 0.0354, reconstruction loss: 0.0128]
2026-02-12 19:55:04,545 - INFO - epoch 2685 training [time: 0.34s, train loss: 0.0355, reconstruction loss: 0.0128]
2026-02-12 19:55:04,885 - INFO - epoch 2686 training [time: 0.34s, train loss: 0.0355, reconstruction loss: 0.0128]
2026-02-12 19:55:05,222 - INFO - epoch 2687 training [time: 0.34s, train loss: 0.0354, reconstruction loss: 0.0128]
2026-02-12 19:55:05,557 - INFO - epoch 2688 training [time: 0.33s, train loss: 0.0355, reconstruction loss: 0.0128]
2026-02-12 19:55:05,898 - INFO - epoch 2689 training [time: 0.34s, train loss: 0.0354, reconstruction loss: 0.0128]
2026-02-12 19:55:06,241 - INFO - epoch 2690 training [time: 0.34s, train loss: 0.0354, reconstruction loss: 0.0128]
2026-02-12 19:55:06,585 - INFO - epoch 2691 training [time: 0.34s, train loss: 0.0354, reconstruction loss: 0.0128]
2026-02-12 19:55:06,923 - INFO - epoch 2692 training [time: 0.34s, train loss: 0.0354, reconstruction loss: 0.0128]
2026-02-12 19:55:07,259 - INFO - epoch 2693 training [time: 0.34s, train loss: 0.0354, reconstruction loss: 0.0128]
2026-02-12 19:55:07,596 - INFO - epoch 2694 training [time: 0.34s, train loss: 0.0354, reconstruction loss: 0.0128]
2026-02-12 19:55:07,935 - INFO - epoch 2695 training [time: 0.34s, train loss: 0.0355, reconstruction loss: 0.0128]
2026-02-12 19:55:08,275 - INFO - epoch 2696 training [time: 0.34s, train loss: 0.0354, reconstruction loss: 0.0128]
2026-02-12 19:55:08,613 - INFO - epoch 2697 training [time: 0.34s, train loss: 0.0355, reconstruction loss: 0.0128]
2026-02-12 19:55:08,958 - INFO - epoch 2698 training [time: 0.34s, train loss: 0.0355, reconstruction loss: 0.0128]
2026-02-12 19:55:09,304 - INFO - epoch 2699 training [time: 0.35s, train loss: 0.0355, reconstruction loss: 0.0128]
2026-02-12 19:55:09,486 - INFO - epoch 2699 evaluating [time: 0.18s, collision_rate: 0.055765]
2026-02-12 19:55:09,495 - INFO - Saving current/home/ming/news_rec/Data/ckpt/Feb-12-2026_19-39-07/epoch_2699_collision_0.0558_model.pth
2026-02-12 19:55:09,841 - INFO - epoch 2700 training [time: 0.35s, train loss: 0.0355, reconstruction loss: 0.0128]
2026-02-12 19:55:10,185 - INFO - epoch 2701 training [time: 0.34s, train loss: 0.0355, reconstruction loss: 0.0128]
2026-02-12 19:55:10,525 - INFO - epoch 2702 training [time: 0.34s, train loss: 0.0355, reconstruction loss: 0.0128]
2026-02-12 19:55:10,869 - INFO - epoch 2703 training [time: 0.34s, train loss: 0.0355, reconstruction loss: 0.0128]
2026-02-12 19:55:11,211 - INFO - epoch 2704 training [time: 0.34s, train loss: 0.0355, reconstruction loss: 0.0128]
2026-02-12 19:55:11,554 - INFO - epoch 2705 training [time: 0.34s, train loss: 0.0355, reconstruction loss: 0.0128]
2026-02-12 19:55:11,894 - INFO - epoch 2706 training [time: 0.34s, train loss: 0.0354, reconstruction loss: 0.0128]
2026-02-12 19:55:12,238 - INFO - epoch 2707 training [time: 0.34s, train loss: 0.0354, reconstruction loss: 0.0128]
2026-02-12 19:55:12,580 - INFO - epoch 2708 training [time: 0.34s, train loss: 0.0355, reconstruction loss: 0.0128]
2026-02-12 19:55:12,922 - INFO - epoch 2709 training [time: 0.34s, train loss: 0.0355, reconstruction loss: 0.0128]
2026-02-12 19:55:13,267 - INFO - epoch 2710 training [time: 0.35s, train loss: 0.0355, reconstruction loss: 0.0128]
2026-02-12 19:55:13,610 - INFO - epoch 2711 training [time: 0.34s, train loss: 0.0354, reconstruction loss: 0.0128]
2026-02-12 19:55:13,950 - INFO - epoch 2712 training [time: 0.34s, train loss: 0.0355, reconstruction loss: 0.0128]
2026-02-12 19:55:14,288 - INFO - epoch 2713 training [time: 0.34s, train loss: 0.0355, reconstruction loss: 0.0128]
2026-02-12 19:55:14,640 - INFO - epoch 2714 training [time: 0.35s, train loss: 0.0354, reconstruction loss: 0.0128]
2026-02-12 19:55:14,975 - INFO - epoch 2715 training [time: 0.34s, train loss: 0.0354, reconstruction loss: 0.0128]
2026-02-12 19:55:15,318 - INFO - epoch 2716 training [time: 0.34s, train loss: 0.0354, reconstruction loss: 0.0128]
2026-02-12 19:55:15,666 - INFO - epoch 2717 training [time: 0.35s, train loss: 0.0354, reconstruction loss: 0.0128]
2026-02-12 19:55:16,011 - INFO - epoch 2718 training [time: 0.34s, train loss: 0.0354, reconstruction loss: 0.0128]
2026-02-12 19:55:16,346 - INFO - epoch 2719 training [time: 0.34s, train loss: 0.0354, reconstruction loss: 0.0128]
2026-02-12 19:55:16,690 - INFO - epoch 2720 training [time: 0.34s, train loss: 0.0354, reconstruction loss: 0.0128]
2026-02-12 19:55:17,031 - INFO - epoch 2721 training [time: 0.34s, train loss: 0.0354, reconstruction loss: 0.0128]
2026-02-12 19:55:17,369 - INFO - epoch 2722 training [time: 0.34s, train loss: 0.0354, reconstruction loss: 0.0128]
2026-02-12 19:55:17,710 - INFO - epoch 2723 training [time: 0.34s, train loss: 0.0354, reconstruction loss: 0.0128]
2026-02-12 19:55:18,051 - INFO - epoch 2724 training [time: 0.34s, train loss: 0.0354, reconstruction loss: 0.0128]
2026-02-12 19:55:18,401 - INFO - epoch 2725 training [time: 0.35s, train loss: 0.0355, reconstruction loss: 0.0128]
2026-02-12 19:55:18,740 - INFO - epoch 2726 training [time: 0.34s, train loss: 0.0354, reconstruction loss: 0.0128]
2026-02-12 19:55:19,082 - INFO - epoch 2727 training [time: 0.34s, train loss: 0.0354, reconstruction loss: 0.0128]
2026-02-12 19:55:19,422 - INFO - epoch 2728 training [time: 0.34s, train loss: 0.0354, reconstruction loss: 0.0128]
2026-02-12 19:55:19,769 - INFO - epoch 2729 training [time: 0.35s, train loss: 0.0354, reconstruction loss: 0.0128]
2026-02-12 19:55:20,106 - INFO - epoch 2730 training [time: 0.34s, train loss: 0.0354, reconstruction loss: 0.0128]
2026-02-12 19:55:20,445 - INFO - epoch 2731 training [time: 0.34s, train loss: 0.0354, reconstruction loss: 0.0128]
2026-02-12 19:55:20,786 - INFO - epoch 2732 training [time: 0.34s, train loss: 0.0354, reconstruction loss: 0.0128]
2026-02-12 19:55:21,130 - INFO - epoch 2733 training [time: 0.34s, train loss: 0.0354, reconstruction loss: 0.0128]
2026-02-12 19:55:21,471 - INFO - epoch 2734 training [time: 0.34s, train loss: 0.0354, reconstruction loss: 0.0128]
2026-02-12 19:55:21,808 - INFO - epoch 2735 training [time: 0.34s, train loss: 0.0354, reconstruction loss: 0.0128]
2026-02-12 19:55:22,150 - INFO - epoch 2736 training [time: 0.34s, train loss: 0.0354, reconstruction loss: 0.0128]
2026-02-12 19:55:22,492 - INFO - epoch 2737 training [time: 0.34s, train loss: 0.0354, reconstruction loss: 0.0128]
2026-02-12 19:55:22,838 - INFO - epoch 2738 training [time: 0.35s, train loss: 0.0354, reconstruction loss: 0.0128]
2026-02-12 19:55:23,179 - INFO - epoch 2739 training [time: 0.34s, train loss: 0.0354, reconstruction loss: 0.0128]
2026-02-12 19:55:23,521 - INFO - epoch 2740 training [time: 0.34s, train loss: 0.0354, reconstruction loss: 0.0128]
2026-02-12 19:55:23,869 - INFO - epoch 2741 training [time: 0.35s, train loss: 0.0355, reconstruction loss: 0.0128]
2026-02-12 19:55:24,215 - INFO - epoch 2742 training [time: 0.35s, train loss: 0.0354, reconstruction loss: 0.0128]
2026-02-12 19:55:24,558 - INFO - epoch 2743 training [time: 0.34s, train loss: 0.0354, reconstruction loss: 0.0128]
2026-02-12 19:55:24,898 - INFO - epoch 2744 training [time: 0.34s, train loss: 0.0354, reconstruction loss: 0.0128]
2026-02-12 19:55:25,240 - INFO - epoch 2745 training [time: 0.34s, train loss: 0.0354, reconstruction loss: 0.0128]
2026-02-12 19:55:25,589 - INFO - epoch 2746 training [time: 0.35s, train loss: 0.0354, reconstruction loss: 0.0128]
2026-02-12 19:55:25,931 - INFO - epoch 2747 training [time: 0.34s, train loss: 0.0354, reconstruction loss: 0.0128]
2026-02-12 19:55:26,275 - INFO - epoch 2748 training [time: 0.34s, train loss: 0.0354, reconstruction loss: 0.0128]
2026-02-12 19:55:26,616 - INFO - epoch 2749 training [time: 0.34s, train loss: 0.0354, reconstruction loss: 0.0128]
2026-02-12 19:55:26,799 - INFO - epoch 2749 evaluating [time: 0.18s, collision_rate: 0.055918]
2026-02-12 19:55:26,807 - INFO - Saving current/home/ming/news_rec/Data/ckpt/Feb-12-2026_19-39-07/epoch_2749_collision_0.0559_model.pth
2026-02-12 19:55:27,149 - INFO - epoch 2750 training [time: 0.34s, train loss: 0.0354, reconstruction loss: 0.0128]
2026-02-12 19:55:27,492 - INFO - epoch 2751 training [time: 0.34s, train loss: 0.0354, reconstruction loss: 0.0128]
2026-02-12 19:55:27,837 - INFO - epoch 2752 training [time: 0.35s, train loss: 0.0354, reconstruction loss: 0.0128]
2026-02-12 19:55:28,183 - INFO - epoch 2753 training [time: 0.35s, train loss: 0.0354, reconstruction loss: 0.0128]
2026-02-12 19:55:28,533 - INFO - epoch 2754 training [time: 0.35s, train loss: 0.0354, reconstruction loss: 0.0128]
2026-02-12 19:55:28,875 - INFO - epoch 2755 training [time: 0.34s, train loss: 0.0355, reconstruction loss: 0.0128]
2026-02-12 19:55:29,216 - INFO - epoch 2756 training [time: 0.34s, train loss: 0.0354, reconstruction loss: 0.0128]
2026-02-12 19:55:29,564 - INFO - epoch 2757 training [time: 0.35s, train loss: 0.0354, reconstruction loss: 0.0128]
2026-02-12 19:55:29,904 - INFO - epoch 2758 training [time: 0.34s, train loss: 0.0354, reconstruction loss: 0.0128]
2026-02-12 19:55:30,245 - INFO - epoch 2759 training [time: 0.34s, train loss: 0.0355, reconstruction loss: 0.0128]
2026-02-12 19:55:30,595 - INFO - epoch 2760 training [time: 0.35s, train loss: 0.0354, reconstruction loss: 0.0128]
2026-02-12 19:55:30,936 - INFO - epoch 2761 training [time: 0.34s, train loss: 0.0355, reconstruction loss: 0.0128]
2026-02-12 19:55:31,278 - INFO - epoch 2762 training [time: 0.34s, train loss: 0.0354, reconstruction loss: 0.0128]
2026-02-12 19:55:31,619 - INFO - epoch 2763 training [time: 0.34s, train loss: 0.0355, reconstruction loss: 0.0128]
2026-02-12 19:55:31,957 - INFO - epoch 2764 training [time: 0.34s, train loss: 0.0354, reconstruction loss: 0.0128]
2026-02-12 19:55:32,301 - INFO - epoch 2765 training [time: 0.34s, train loss: 0.0354, reconstruction loss: 0.0128]
2026-02-12 19:55:32,643 - INFO - epoch 2766 training [time: 0.34s, train loss: 0.0354, reconstruction loss: 0.0128]
2026-02-12 19:55:32,985 - INFO - epoch 2767 training [time: 0.34s, train loss: 0.0354, reconstruction loss: 0.0128]
2026-02-12 19:55:33,328 - INFO - epoch 2768 training [time: 0.34s, train loss: 0.0354, reconstruction loss: 0.0128]
2026-02-12 19:55:33,671 - INFO - epoch 2769 training [time: 0.34s, train loss: 0.0354, reconstruction loss: 0.0128]
2026-02-12 19:55:34,012 - INFO - epoch 2770 training [time: 0.34s, train loss: 0.0354, reconstruction loss: 0.0128]
2026-02-12 19:55:34,357 - INFO - epoch 2771 training [time: 0.35s, train loss: 0.0354, reconstruction loss: 0.0128]
2026-02-12 19:55:34,697 - INFO - epoch 2772 training [time: 0.34s, train loss: 0.0354, reconstruction loss: 0.0128]
2026-02-12 19:55:35,040 - INFO - epoch 2773 training [time: 0.34s, train loss: 0.0354, reconstruction loss: 0.0128]
2026-02-12 19:55:35,382 - INFO - epoch 2774 training [time: 0.34s, train loss: 0.0354, reconstruction loss: 0.0128]
2026-02-12 19:55:35,724 - INFO - epoch 2775 training [time: 0.34s, train loss: 0.0354, reconstruction loss: 0.0128]
2026-02-12 19:55:36,070 - INFO - epoch 2776 training [time: 0.35s, train loss: 0.0355, reconstruction loss: 0.0128]
2026-02-12 19:55:36,417 - INFO - epoch 2777 training [time: 0.35s, train loss: 0.0354, reconstruction loss: 0.0128]
2026-02-12 19:55:36,761 - INFO - epoch 2778 training [time: 0.34s, train loss: 0.0354, reconstruction loss: 0.0128]
2026-02-12 19:55:37,102 - INFO - epoch 2779 training [time: 0.34s, train loss: 0.0354, reconstruction loss: 0.0128]
2026-02-12 19:55:37,445 - INFO - epoch 2780 training [time: 0.34s, train loss: 0.0354, reconstruction loss: 0.0128]
2026-02-12 19:55:37,790 - INFO - epoch 2781 training [time: 0.35s, train loss: 0.0354, reconstruction loss: 0.0128]
2026-02-12 19:55:38,131 - INFO - epoch 2782 training [time: 0.34s, train loss: 0.0354, reconstruction loss: 0.0128]
2026-02-12 19:55:38,472 - INFO - epoch 2783 training [time: 0.34s, train loss: 0.0354, reconstruction loss: 0.0128]
2026-02-12 19:55:38,812 - INFO - epoch 2784 training [time: 0.34s, train loss: 0.0354, reconstruction loss: 0.0128]
2026-02-12 19:55:39,156 - INFO - epoch 2785 training [time: 0.34s, train loss: 0.0354, reconstruction loss: 0.0128]
2026-02-12 19:55:39,506 - INFO - epoch 2786 training [time: 0.35s, train loss: 0.0354, reconstruction loss: 0.0128]
2026-02-12 19:55:39,854 - INFO - epoch 2787 training [time: 0.35s, train loss: 0.0354, reconstruction loss: 0.0128]
2026-02-12 19:55:40,199 - INFO - epoch 2788 training [time: 0.35s, train loss: 0.0354, reconstruction loss: 0.0128]
2026-02-12 19:55:40,536 - INFO - epoch 2789 training [time: 0.34s, train loss: 0.0354, reconstruction loss: 0.0128]
2026-02-12 19:55:40,874 - INFO - epoch 2790 training [time: 0.34s, train loss: 0.0354, reconstruction loss: 0.0128]
2026-02-12 19:55:41,215 - INFO - epoch 2791 training [time: 0.34s, train loss: 0.0354, reconstruction loss: 0.0128]
2026-02-12 19:55:41,556 - INFO - epoch 2792 training [time: 0.34s, train loss: 0.0354, reconstruction loss: 0.0128]
2026-02-12 19:55:41,897 - INFO - epoch 2793 training [time: 0.34s, train loss: 0.0354, reconstruction loss: 0.0128]
2026-02-12 19:55:42,235 - INFO - epoch 2794 training [time: 0.34s, train loss: 0.0354, reconstruction loss: 0.0128]
2026-02-12 19:55:42,577 - INFO - epoch 2795 training [time: 0.34s, train loss: 0.0354, reconstruction loss: 0.0128]
2026-02-12 19:55:42,917 - INFO - epoch 2796 training [time: 0.34s, train loss: 0.0354, reconstruction loss: 0.0128]
2026-02-12 19:55:43,260 - INFO - epoch 2797 training [time: 0.34s, train loss: 0.0354, reconstruction loss: 0.0128]
2026-02-12 19:55:43,608 - INFO - epoch 2798 training [time: 0.35s, train loss: 0.0354, reconstruction loss: 0.0128]
2026-02-12 19:55:43,945 - INFO - epoch 2799 training [time: 0.34s, train loss: 0.0354, reconstruction loss: 0.0128]
2026-02-12 19:55:44,119 - INFO - epoch 2799 evaluating [time: 0.17s, collision_rate: 0.056041]
2026-02-12 19:55:44,127 - INFO - Saving current/home/ming/news_rec/Data/ckpt/Feb-12-2026_19-39-07/epoch_2799_collision_0.0560_model.pth
2026-02-12 19:55:44,467 - INFO - epoch 2800 training [time: 0.34s, train loss: 0.0354, reconstruction loss: 0.0128]
2026-02-12 19:55:44,810 - INFO - epoch 2801 training [time: 0.34s, train loss: 0.0354, reconstruction loss: 0.0128]
2026-02-12 19:55:45,167 - INFO - epoch 2802 training [time: 0.36s, train loss: 0.0354, reconstruction loss: 0.0128]
2026-02-12 19:55:45,509 - INFO - epoch 2803 training [time: 0.34s, train loss: 0.0354, reconstruction loss: 0.0128]
2026-02-12 19:55:45,854 - INFO - epoch 2804 training [time: 0.35s, train loss: 0.0354, reconstruction loss: 0.0128]
2026-02-12 19:55:46,197 - INFO - epoch 2805 training [time: 0.34s, train loss: 0.0355, reconstruction loss: 0.0128]
2026-02-12 19:55:46,537 - INFO - epoch 2806 training [time: 0.34s, train loss: 0.0354, reconstruction loss: 0.0128]
2026-02-12 19:55:46,881 - INFO - epoch 2807 training [time: 0.34s, train loss: 0.0354, reconstruction loss: 0.0128]
2026-02-12 19:55:47,224 - INFO - epoch 2808 training [time: 0.34s, train loss: 0.0355, reconstruction loss: 0.0128]
2026-02-12 19:55:47,570 - INFO - epoch 2809 training [time: 0.35s, train loss: 0.0355, reconstruction loss: 0.0128]
2026-02-12 19:55:47,915 - INFO - epoch 2810 training [time: 0.34s, train loss: 0.0355, reconstruction loss: 0.0128]
2026-02-12 19:55:48,260 - INFO - epoch 2811 training [time: 0.35s, train loss: 0.0354, reconstruction loss: 0.0128]
2026-02-12 19:55:48,603 - INFO - epoch 2812 training [time: 0.34s, train loss: 0.0355, reconstruction loss: 0.0128]
2026-02-12 19:55:48,944 - INFO - epoch 2813 training [time: 0.34s, train loss: 0.0355, reconstruction loss: 0.0128]
2026-02-12 19:55:49,288 - INFO - epoch 2814 training [time: 0.34s, train loss: 0.0355, reconstruction loss: 0.0128]
2026-02-12 19:55:49,636 - INFO - epoch 2815 training [time: 0.35s, train loss: 0.0355, reconstruction loss: 0.0128]
2026-02-12 19:55:49,980 - INFO - epoch 2816 training [time: 0.34s, train loss: 0.0355, reconstruction loss: 0.0128]
2026-02-12 19:55:50,316 - INFO - epoch 2817 training [time: 0.34s, train loss: 0.0355, reconstruction loss: 0.0128]
2026-02-12 19:55:50,658 - INFO - epoch 2818 training [time: 0.34s, train loss: 0.0355, reconstruction loss: 0.0128]
2026-02-12 19:55:50,996 - INFO - epoch 2819 training [time: 0.34s, train loss: 0.0355, reconstruction loss: 0.0128]
2026-02-12 19:55:51,337 - INFO - epoch 2820 training [time: 0.34s, train loss: 0.0355, reconstruction loss: 0.0128]
2026-02-12 19:55:51,690 - INFO - epoch 2821 training [time: 0.35s, train loss: 0.0355, reconstruction loss: 0.0128]
2026-02-12 19:55:52,034 - INFO - epoch 2822 training [time: 0.34s, train loss: 0.0355, reconstruction loss: 0.0128]
2026-02-12 19:55:52,383 - INFO - epoch 2823 training [time: 0.35s, train loss: 0.0355, reconstruction loss: 0.0128]
2026-02-12 19:55:52,721 - INFO - epoch 2824 training [time: 0.34s, train loss: 0.0355, reconstruction loss: 0.0128]
2026-02-12 19:55:53,069 - INFO - epoch 2825 training [time: 0.35s, train loss: 0.0355, reconstruction loss: 0.0128]
2026-02-12 19:55:53,408 - INFO - epoch 2826 training [time: 0.34s, train loss: 0.0355, reconstruction loss: 0.0128]
2026-02-12 19:55:53,747 - INFO - epoch 2827 training [time: 0.34s, train loss: 0.0355, reconstruction loss: 0.0128]
2026-02-12 19:55:54,089 - INFO - epoch 2828 training [time: 0.34s, train loss: 0.0355, reconstruction loss: 0.0128]
2026-02-12 19:55:54,434 - INFO - epoch 2829 training [time: 0.35s, train loss: 0.0355, reconstruction loss: 0.0128]
2026-02-12 19:55:54,770 - INFO - epoch 2830 training [time: 0.34s, train loss: 0.0355, reconstruction loss: 0.0128]
2026-02-12 19:55:55,109 - INFO - epoch 2831 training [time: 0.34s, train loss: 0.0355, reconstruction loss: 0.0128]
2026-02-12 19:55:55,448 - INFO - epoch 2832 training [time: 0.34s, train loss: 0.0355, reconstruction loss: 0.0128]
2026-02-12 19:55:55,795 - INFO - epoch 2833 training [time: 0.35s, train loss: 0.0355, reconstruction loss: 0.0128]
2026-02-12 19:55:56,138 - INFO - epoch 2834 training [time: 0.34s, train loss: 0.0355, reconstruction loss: 0.0128]
2026-02-12 19:55:56,477 - INFO - epoch 2835 training [time: 0.34s, train loss: 0.0355, reconstruction loss: 0.0128]
2026-02-12 19:55:56,827 - INFO - epoch 2836 training [time: 0.35s, train loss: 0.0355, reconstruction loss: 0.0128]
2026-02-12 19:55:57,168 - INFO - epoch 2837 training [time: 0.34s, train loss: 0.0355, reconstruction loss: 0.0128]
2026-02-12 19:55:57,513 - INFO - epoch 2838 training [time: 0.34s, train loss: 0.0355, reconstruction loss: 0.0128]
2026-02-12 19:55:57,852 - INFO - epoch 2839 training [time: 0.34s, train loss: 0.0355, reconstruction loss: 0.0128]
2026-02-12 19:55:58,191 - INFO - epoch 2840 training [time: 0.34s, train loss: 0.0355, reconstruction loss: 0.0128]
2026-02-12 19:55:58,535 - INFO - epoch 2841 training [time: 0.34s, train loss: 0.0355, reconstruction loss: 0.0128]
2026-02-12 19:55:58,873 - INFO - epoch 2842 training [time: 0.34s, train loss: 0.0355, reconstruction loss: 0.0128]
2026-02-12 19:55:59,216 - INFO - epoch 2843 training [time: 0.34s, train loss: 0.0355, reconstruction loss: 0.0128]
2026-02-12 19:55:59,553 - INFO - epoch 2844 training [time: 0.34s, train loss: 0.0355, reconstruction loss: 0.0128]
2026-02-12 19:55:59,899 - INFO - epoch 2845 training [time: 0.35s, train loss: 0.0355, reconstruction loss: 0.0128]
2026-02-12 19:56:00,243 - INFO - epoch 2846 training [time: 0.34s, train loss: 0.0355, reconstruction loss: 0.0128]
2026-02-12 19:56:00,578 - INFO - epoch 2847 training [time: 0.34s, train loss: 0.0355, reconstruction loss: 0.0128]
2026-02-12 19:56:00,920 - INFO - epoch 2848 training [time: 0.34s, train loss: 0.0355, reconstruction loss: 0.0128]
2026-02-12 19:56:01,264 - INFO - epoch 2849 training [time: 0.34s, train loss: 0.0355, reconstruction loss: 0.0128]
2026-02-12 19:56:01,444 - INFO - epoch 2849 evaluating [time: 0.18s, collision_rate: 0.055934]
2026-02-12 19:56:01,452 - INFO - Saving current/home/ming/news_rec/Data/ckpt/Feb-12-2026_19-39-07/epoch_2849_collision_0.0559_model.pth
2026-02-12 19:56:01,797 - INFO - epoch 2850 training [time: 0.34s, train loss: 0.0355, reconstruction loss: 0.0128]
2026-02-12 19:56:02,140 - INFO - epoch 2851 training [time: 0.34s, train loss: 0.0355, reconstruction loss: 0.0128]
2026-02-12 19:56:02,481 - INFO - epoch 2852 training [time: 0.34s, train loss: 0.0355, reconstruction loss: 0.0128]
2026-02-12 19:56:02,816 - INFO - epoch 2853 training [time: 0.33s, train loss: 0.0355, reconstruction loss: 0.0128]
2026-02-12 19:56:03,154 - INFO - epoch 2854 training [time: 0.34s, train loss: 0.0355, reconstruction loss: 0.0128]
2026-02-12 19:56:03,497 - INFO - epoch 2855 training [time: 0.34s, train loss: 0.0355, reconstruction loss: 0.0128]
2026-02-12 19:56:03,836 - INFO - epoch 2856 training [time: 0.34s, train loss: 0.0355, reconstruction loss: 0.0128]
2026-02-12 19:56:04,177 - INFO - epoch 2857 training [time: 0.34s, train loss: 0.0355, reconstruction loss: 0.0128]
2026-02-12 19:56:04,517 - INFO - epoch 2858 training [time: 0.34s, train loss: 0.0355, reconstruction loss: 0.0128]
2026-02-12 19:56:04,853 - INFO - epoch 2859 training [time: 0.34s, train loss: 0.0355, reconstruction loss: 0.0128]
2026-02-12 19:56:05,199 - INFO - epoch 2860 training [time: 0.35s, train loss: 0.0355, reconstruction loss: 0.0128]
2026-02-12 19:56:05,538 - INFO - epoch 2861 training [time: 0.34s, train loss: 0.0355, reconstruction loss: 0.0128]
2026-02-12 19:56:05,884 - INFO - epoch 2862 training [time: 0.35s, train loss: 0.0355, reconstruction loss: 0.0128]
2026-02-12 19:56:06,228 - INFO - epoch 2863 training [time: 0.34s, train loss: 0.0355, reconstruction loss: 0.0128]
2026-02-12 19:56:06,566 - INFO - epoch 2864 training [time: 0.34s, train loss: 0.0355, reconstruction loss: 0.0128]
2026-02-12 19:56:06,914 - INFO - epoch 2865 training [time: 0.35s, train loss: 0.0355, reconstruction loss: 0.0128]
2026-02-12 19:56:07,257 - INFO - epoch 2866 training [time: 0.34s, train loss: 0.0355, reconstruction loss: 0.0128]
2026-02-12 19:56:07,602 - INFO - epoch 2867 training [time: 0.34s, train loss: 0.0355, reconstruction loss: 0.0128]
2026-02-12 19:56:07,940 - INFO - epoch 2868 training [time: 0.34s, train loss: 0.0355, reconstruction loss: 0.0128]
2026-02-12 19:56:08,279 - INFO - epoch 2869 training [time: 0.34s, train loss: 0.0355, reconstruction loss: 0.0128]
2026-02-12 19:56:08,629 - INFO - epoch 2870 training [time: 0.35s, train loss: 0.0355, reconstruction loss: 0.0128]
2026-02-12 19:56:08,969 - INFO - epoch 2871 training [time: 0.34s, train loss: 0.0355, reconstruction loss: 0.0128]
2026-02-12 19:56:09,316 - INFO - epoch 2872 training [time: 0.35s, train loss: 0.0355, reconstruction loss: 0.0128]
2026-02-12 19:56:09,660 - INFO - epoch 2873 training [time: 0.34s, train loss: 0.0355, reconstruction loss: 0.0128]
2026-02-12 19:56:10,007 - INFO - epoch 2874 training [time: 0.35s, train loss: 0.0355, reconstruction loss: 0.0128]
2026-02-12 19:56:10,351 - INFO - epoch 2875 training [time: 0.34s, train loss: 0.0355, reconstruction loss: 0.0128]
2026-02-12 19:56:10,696 - INFO - epoch 2876 training [time: 0.34s, train loss: 0.0355, reconstruction loss: 0.0128]
2026-02-12 19:56:11,034 - INFO - epoch 2877 training [time: 0.34s, train loss: 0.0355, reconstruction loss: 0.0128]
2026-02-12 19:56:11,374 - INFO - epoch 2878 training [time: 0.34s, train loss: 0.0355, reconstruction loss: 0.0128]
2026-02-12 19:56:11,716 - INFO - epoch 2879 training [time: 0.34s, train loss: 0.0355, reconstruction loss: 0.0128]
2026-02-12 19:56:12,065 - INFO - epoch 2880 training [time: 0.35s, train loss: 0.0355, reconstruction loss: 0.0128]
2026-02-12 19:56:12,413 - INFO - epoch 2881 training [time: 0.35s, train loss: 0.0355, reconstruction loss: 0.0128]
2026-02-12 19:56:12,752 - INFO - epoch 2882 training [time: 0.34s, train loss: 0.0355, reconstruction loss: 0.0128]
2026-02-12 19:56:13,093 - INFO - epoch 2883 training [time: 0.34s, train loss: 0.0355, reconstruction loss: 0.0128]
2026-02-12 19:56:13,433 - INFO - epoch 2884 training [time: 0.34s, train loss: 0.0355, reconstruction loss: 0.0128]
2026-02-12 19:56:13,773 - INFO - epoch 2885 training [time: 0.34s, train loss: 0.0355, reconstruction loss: 0.0128]
2026-02-12 19:56:14,116 - INFO - epoch 2886 training [time: 0.34s, train loss: 0.0355, reconstruction loss: 0.0128]
2026-02-12 19:56:14,462 - INFO - epoch 2887 training [time: 0.35s, train loss: 0.0355, reconstruction loss: 0.0128]
2026-02-12 19:56:14,806 - INFO - epoch 2888 training [time: 0.34s, train loss: 0.0355, reconstruction loss: 0.0128]
2026-02-12 19:56:15,147 - INFO - epoch 2889 training [time: 0.34s, train loss: 0.0355, reconstruction loss: 0.0128]
2026-02-12 19:56:15,491 - INFO - epoch 2890 training [time: 0.34s, train loss: 0.0355, reconstruction loss: 0.0128]
2026-02-12 19:56:15,832 - INFO - epoch 2891 training [time: 0.34s, train loss: 0.0355, reconstruction loss: 0.0128]
2026-02-12 19:56:16,180 - INFO - epoch 2892 training [time: 0.35s, train loss: 0.0355, reconstruction loss: 0.0128]
2026-02-12 19:56:16,525 - INFO - epoch 2893 training [time: 0.35s, train loss: 0.0355, reconstruction loss: 0.0128]
2026-02-12 19:56:16,868 - INFO - epoch 2894 training [time: 0.34s, train loss: 0.0355, reconstruction loss: 0.0128]
2026-02-12 19:56:17,213 - INFO - epoch 2895 training [time: 0.34s, train loss: 0.0355, reconstruction loss: 0.0128]
2026-02-12 19:56:17,557 - INFO - epoch 2896 training [time: 0.34s, train loss: 0.0355, reconstruction loss: 0.0128]
2026-02-12 19:56:17,902 - INFO - epoch 2897 training [time: 0.34s, train loss: 0.0355, reconstruction loss: 0.0128]
2026-02-12 19:56:18,243 - INFO - epoch 2898 training [time: 0.34s, train loss: 0.0355, reconstruction loss: 0.0128]
2026-02-12 19:56:18,587 - INFO - epoch 2899 training [time: 0.34s, train loss: 0.0355, reconstruction loss: 0.0128]
2026-02-12 19:56:18,780 - INFO - epoch 2899 evaluating [time: 0.19s, collision_rate: 0.056838]
2026-02-12 19:56:18,788 - INFO - Saving current/home/ming/news_rec/Data/ckpt/Feb-12-2026_19-39-07/epoch_2899_collision_0.0568_model.pth
2026-02-12 19:56:19,134 - INFO - epoch 2900 training [time: 0.35s, train loss: 0.0355, reconstruction loss: 0.0128]
2026-02-12 19:56:19,483 - INFO - epoch 2901 training [time: 0.35s, train loss: 0.0355, reconstruction loss: 0.0128]
2026-02-12 19:56:19,824 - INFO - epoch 2902 training [time: 0.34s, train loss: 0.0355, reconstruction loss: 0.0128]
2026-02-12 19:56:20,165 - INFO - epoch 2903 training [time: 0.34s, train loss: 0.0355, reconstruction loss: 0.0128]
2026-02-12 19:56:20,507 - INFO - epoch 2904 training [time: 0.34s, train loss: 0.0355, reconstruction loss: 0.0128]
2026-02-12 19:56:20,848 - INFO - epoch 2905 training [time: 0.34s, train loss: 0.0355, reconstruction loss: 0.0128]
2026-02-12 19:56:21,186 - INFO - epoch 2906 training [time: 0.34s, train loss: 0.0355, reconstruction loss: 0.0128]
2026-02-12 19:56:21,521 - INFO - epoch 2907 training [time: 0.34s, train loss: 0.0355, reconstruction loss: 0.0128]
2026-02-12 19:56:21,865 - INFO - epoch 2908 training [time: 0.34s, train loss: 0.0355, reconstruction loss: 0.0128]
2026-02-12 19:56:22,205 - INFO - epoch 2909 training [time: 0.34s, train loss: 0.0355, reconstruction loss: 0.0128]
2026-02-12 19:56:22,546 - INFO - epoch 2910 training [time: 0.34s, train loss: 0.0355, reconstruction loss: 0.0128]
2026-02-12 19:56:22,888 - INFO - epoch 2911 training [time: 0.34s, train loss: 0.0355, reconstruction loss: 0.0128]
2026-02-12 19:56:23,231 - INFO - epoch 2912 training [time: 0.34s, train loss: 0.0355, reconstruction loss: 0.0128]
2026-02-12 19:56:23,576 - INFO - epoch 2913 training [time: 0.35s, train loss: 0.0355, reconstruction loss: 0.0128]
2026-02-12 19:56:23,919 - INFO - epoch 2914 training [time: 0.34s, train loss: 0.0355, reconstruction loss: 0.0128]
2026-02-12 19:56:24,261 - INFO - epoch 2915 training [time: 0.34s, train loss: 0.0355, reconstruction loss: 0.0128]
2026-02-12 19:56:24,602 - INFO - epoch 2916 training [time: 0.34s, train loss: 0.0355, reconstruction loss: 0.0128]
2026-02-12 19:56:24,939 - INFO - epoch 2917 training [time: 0.34s, train loss: 0.0355, reconstruction loss: 0.0128]
2026-02-12 19:56:25,283 - INFO - epoch 2918 training [time: 0.34s, train loss: 0.0355, reconstruction loss: 0.0128]
2026-02-12 19:56:25,624 - INFO - epoch 2919 training [time: 0.34s, train loss: 0.0355, reconstruction loss: 0.0128]
2026-02-12 19:56:25,958 - INFO - epoch 2920 training [time: 0.33s, train loss: 0.0355, reconstruction loss: 0.0128]
2026-02-12 19:56:26,296 - INFO - epoch 2921 training [time: 0.34s, train loss: 0.0355, reconstruction loss: 0.0128]
2026-02-12 19:56:26,636 - INFO - epoch 2922 training [time: 0.34s, train loss: 0.0355, reconstruction loss: 0.0128]
2026-02-12 19:56:26,980 - INFO - epoch 2923 training [time: 0.34s, train loss: 0.0354, reconstruction loss: 0.0128]
2026-02-12 19:56:27,320 - INFO - epoch 2924 training [time: 0.34s, train loss: 0.0355, reconstruction loss: 0.0128]
2026-02-12 19:56:27,663 - INFO - epoch 2925 training [time: 0.34s, train loss: 0.0354, reconstruction loss: 0.0128]
2026-02-12 19:56:28,004 - INFO - epoch 2926 training [time: 0.34s, train loss: 0.0355, reconstruction loss: 0.0128]
2026-02-12 19:56:28,343 - INFO - epoch 2927 training [time: 0.34s, train loss: 0.0355, reconstruction loss: 0.0128]
2026-02-12 19:56:28,682 - INFO - epoch 2928 training [time: 0.34s, train loss: 0.0355, reconstruction loss: 0.0128]
2026-02-12 19:56:29,018 - INFO - epoch 2929 training [time: 0.34s, train loss: 0.0354, reconstruction loss: 0.0128]
2026-02-12 19:56:29,358 - INFO - epoch 2930 training [time: 0.34s, train loss: 0.0355, reconstruction loss: 0.0128]
2026-02-12 19:56:29,696 - INFO - epoch 2931 training [time: 0.34s, train loss: 0.0355, reconstruction loss: 0.0128]
2026-02-12 19:56:30,033 - INFO - epoch 2932 training [time: 0.34s, train loss: 0.0355, reconstruction loss: 0.0128]
2026-02-12 19:56:30,375 - INFO - epoch 2933 training [time: 0.34s, train loss: 0.0355, reconstruction loss: 0.0128]
2026-02-12 19:56:30,714 - INFO - epoch 2934 training [time: 0.34s, train loss: 0.0355, reconstruction loss: 0.0128]
2026-02-12 19:56:31,056 - INFO - epoch 2935 training [time: 0.34s, train loss: 0.0355, reconstruction loss: 0.0128]
2026-02-12 19:56:31,392 - INFO - epoch 2936 training [time: 0.34s, train loss: 0.0355, reconstruction loss: 0.0128]
2026-02-12 19:56:31,739 - INFO - epoch 2937 training [time: 0.35s, train loss: 0.0355, reconstruction loss: 0.0128]
2026-02-12 19:56:32,083 - INFO - epoch 2938 training [time: 0.34s, train loss: 0.0354, reconstruction loss: 0.0128]
2026-02-12 19:56:32,426 - INFO - epoch 2939 training [time: 0.34s, train loss: 0.0355, reconstruction loss: 0.0128]
2026-02-12 19:56:32,764 - INFO - epoch 2940 training [time: 0.34s, train loss: 0.0355, reconstruction loss: 0.0128]
2026-02-12 19:56:33,106 - INFO - epoch 2941 training [time: 0.34s, train loss: 0.0354, reconstruction loss: 0.0128]
2026-02-12 19:56:33,451 - INFO - epoch 2942 training [time: 0.35s, train loss: 0.0355, reconstruction loss: 0.0128]
2026-02-12 19:56:33,790 - INFO - epoch 2943 training [time: 0.34s, train loss: 0.0355, reconstruction loss: 0.0128]
2026-02-12 19:56:34,136 - INFO - epoch 2944 training [time: 0.35s, train loss: 0.0355, reconstruction loss: 0.0128]
2026-02-12 19:56:34,477 - INFO - epoch 2945 training [time: 0.34s, train loss: 0.0354, reconstruction loss: 0.0128]
2026-02-12 19:56:34,816 - INFO - epoch 2946 training [time: 0.34s, train loss: 0.0354, reconstruction loss: 0.0128]
2026-02-12 19:56:35,157 - INFO - epoch 2947 training [time: 0.34s, train loss: 0.0355, reconstruction loss: 0.0128]
2026-02-12 19:56:35,510 - INFO - epoch 2948 training [time: 0.35s, train loss: 0.0355, reconstruction loss: 0.0128]
2026-02-12 19:56:35,852 - INFO - epoch 2949 training [time: 0.34s, train loss: 0.0355, reconstruction loss: 0.0128]
2026-02-12 19:56:36,033 - INFO - epoch 2949 evaluating [time: 0.18s, collision_rate: 0.056056]
2026-02-12 19:56:36,042 - INFO - Saving current/home/ming/news_rec/Data/ckpt/Feb-12-2026_19-39-07/epoch_2949_collision_0.0561_model.pth
2026-02-12 19:56:36,384 - INFO - epoch 2950 training [time: 0.34s, train loss: 0.0354, reconstruction loss: 0.0128]
2026-02-12 19:56:36,725 - INFO - epoch 2951 training [time: 0.34s, train loss: 0.0355, reconstruction loss: 0.0128]
2026-02-12 19:56:37,067 - INFO - epoch 2952 training [time: 0.34s, train loss: 0.0355, reconstruction loss: 0.0128]
2026-02-12 19:56:37,412 - INFO - epoch 2953 training [time: 0.34s, train loss: 0.0354, reconstruction loss: 0.0128]
2026-02-12 19:56:37,752 - INFO - epoch 2954 training [time: 0.34s, train loss: 0.0354, reconstruction loss: 0.0128]
2026-02-12 19:56:38,094 - INFO - epoch 2955 training [time: 0.34s, train loss: 0.0355, reconstruction loss: 0.0128]
2026-02-12 19:56:38,436 - INFO - epoch 2956 training [time: 0.34s, train loss: 0.0354, reconstruction loss: 0.0128]
2026-02-12 19:56:38,775 - INFO - epoch 2957 training [time: 0.34s, train loss: 0.0354, reconstruction loss: 0.0128]
2026-02-12 19:56:39,113 - INFO - epoch 2958 training [time: 0.34s, train loss: 0.0355, reconstruction loss: 0.0128]
2026-02-12 19:56:39,455 - INFO - epoch 2959 training [time: 0.34s, train loss: 0.0355, reconstruction loss: 0.0128]
2026-02-12 19:56:39,798 - INFO - epoch 2960 training [time: 0.34s, train loss: 0.0354, reconstruction loss: 0.0128]
2026-02-12 19:56:40,140 - INFO - epoch 2961 training [time: 0.34s, train loss: 0.0354, reconstruction loss: 0.0128]
2026-02-12 19:56:40,480 - INFO - epoch 2962 training [time: 0.34s, train loss: 0.0355, reconstruction loss: 0.0128]
2026-02-12 19:56:40,824 - INFO - epoch 2963 training [time: 0.34s, train loss: 0.0354, reconstruction loss: 0.0128]
2026-02-12 19:56:41,164 - INFO - epoch 2964 training [time: 0.34s, train loss: 0.0355, reconstruction loss: 0.0128]
2026-02-12 19:56:41,507 - INFO - epoch 2965 training [time: 0.34s, train loss: 0.0354, reconstruction loss: 0.0128]
2026-02-12 19:56:41,857 - INFO - epoch 2966 training [time: 0.35s, train loss: 0.0354, reconstruction loss: 0.0128]
2026-02-12 19:56:42,204 - INFO - epoch 2967 training [time: 0.35s, train loss: 0.0355, reconstruction loss: 0.0128]
2026-02-12 19:56:42,547 - INFO - epoch 2968 training [time: 0.34s, train loss: 0.0354, reconstruction loss: 0.0128]
2026-02-12 19:56:42,896 - INFO - epoch 2969 training [time: 0.35s, train loss: 0.0354, reconstruction loss: 0.0128]
2026-02-12 19:56:43,242 - INFO - epoch 2970 training [time: 0.35s, train loss: 0.0354, reconstruction loss: 0.0128]
2026-02-12 19:56:43,585 - INFO - epoch 2971 training [time: 0.34s, train loss: 0.0354, reconstruction loss: 0.0128]
2026-02-12 19:56:43,930 - INFO - epoch 2972 training [time: 0.35s, train loss: 0.0354, reconstruction loss: 0.0128]
2026-02-12 19:56:44,279 - INFO - epoch 2973 training [time: 0.35s, train loss: 0.0354, reconstruction loss: 0.0128]
2026-02-12 19:56:44,624 - INFO - epoch 2974 training [time: 0.35s, train loss: 0.0354, reconstruction loss: 0.0128]
2026-02-12 19:56:44,963 - INFO - epoch 2975 training [time: 0.34s, train loss: 0.0354, reconstruction loss: 0.0128]
2026-02-12 19:56:45,307 - INFO - epoch 2976 training [time: 0.34s, train loss: 0.0354, reconstruction loss: 0.0128]
2026-02-12 19:56:45,645 - INFO - epoch 2977 training [time: 0.34s, train loss: 0.0354, reconstruction loss: 0.0128]
2026-02-12 19:56:45,984 - INFO - epoch 2978 training [time: 0.34s, train loss: 0.0354, reconstruction loss: 0.0128]
2026-02-12 19:56:46,327 - INFO - epoch 2979 training [time: 0.34s, train loss: 0.0354, reconstruction loss: 0.0128]
2026-02-12 19:56:46,667 - INFO - epoch 2980 training [time: 0.34s, train loss: 0.0354, reconstruction loss: 0.0128]
2026-02-12 19:56:47,009 - INFO - epoch 2981 training [time: 0.34s, train loss: 0.0354, reconstruction loss: 0.0128]
2026-02-12 19:56:47,354 - INFO - epoch 2982 training [time: 0.35s, train loss: 0.0354, reconstruction loss: 0.0128]
2026-02-12 19:56:47,692 - INFO - epoch 2983 training [time: 0.34s, train loss: 0.0354, reconstruction loss: 0.0128]
2026-02-12 19:56:48,029 - INFO - epoch 2984 training [time: 0.34s, train loss: 0.0354, reconstruction loss: 0.0128]
2026-02-12 19:56:48,375 - INFO - epoch 2985 training [time: 0.35s, train loss: 0.0354, reconstruction loss: 0.0128]
2026-02-12 19:56:48,717 - INFO - epoch 2986 training [time: 0.34s, train loss: 0.0354, reconstruction loss: 0.0128]
2026-02-12 19:56:49,060 - INFO - epoch 2987 training [time: 0.34s, train loss: 0.0354, reconstruction loss: 0.0128]
2026-02-12 19:56:49,398 - INFO - epoch 2988 training [time: 0.34s, train loss: 0.0354, reconstruction loss: 0.0128]
2026-02-12 19:56:49,739 - INFO - epoch 2989 training [time: 0.34s, train loss: 0.0354, reconstruction loss: 0.0128]
2026-02-12 19:56:50,094 - INFO - epoch 2990 training [time: 0.35s, train loss: 0.0354, reconstruction loss: 0.0128]
2026-02-12 19:56:50,440 - INFO - epoch 2991 training [time: 0.35s, train loss: 0.0354, reconstruction loss: 0.0128]
2026-02-12 19:56:50,781 - INFO - epoch 2992 training [time: 0.34s, train loss: 0.0354, reconstruction loss: 0.0128]
2026-02-12 19:56:51,118 - INFO - epoch 2993 training [time: 0.34s, train loss: 0.0354, reconstruction loss: 0.0128]
2026-02-12 19:56:51,459 - INFO - epoch 2994 training [time: 0.34s, train loss: 0.0354, reconstruction loss: 0.0128]
2026-02-12 19:56:51,797 - INFO - epoch 2995 training [time: 0.34s, train loss: 0.0354, reconstruction loss: 0.0128]
2026-02-12 19:56:52,138 - INFO - epoch 2996 training [time: 0.34s, train loss: 0.0354, reconstruction loss: 0.0128]
2026-02-12 19:56:52,481 - INFO - epoch 2997 training [time: 0.34s, train loss: 0.0354, reconstruction loss: 0.0128]
2026-02-12 19:56:52,824 - INFO - epoch 2998 training [time: 0.34s, train loss: 0.0354, reconstruction loss: 0.0128]
2026-02-12 19:56:53,164 - INFO - epoch 2999 training [time: 0.34s, train loss: 0.0354, reconstruction loss: 0.0128]
2026-02-12 19:56:53,352 - INFO - epoch 2999 evaluating [time: 0.19s, collision_rate: 0.055612]
2026-02-12 19:56:53,360 - INFO - Saving current/home/ming/news_rec/Data/ckpt/Feb-12-2026_19-39-07/epoch_2999_collision_0.0556_model.pth
2026-06-08 11:02:39,293 - INFO - epoch 0 training [time: 0.60s, train loss: 0.1366, reconstruction loss: 0.1327]
2026-06-08 11:02:39,593 - INFO - epoch 1 training [time: 0.30s, train loss: 0.1326, reconstruction loss: 0.1282]
2026-06-08 11:02:39,879 - INFO - epoch 2 training [time: 0.29s, train loss: 0.1236, reconstruction loss: 0.1190]
2026-06-08 11:02:40,167 - INFO - epoch 3 training [time: 0.29s, train loss: 0.1196, reconstruction loss: 0.1156]
2026-06-08 11:02:40,458 - INFO - epoch 4 training [time: 0.29s, train loss: 0.1165, reconstruction loss: 0.1111]
2026-06-08 11:02:40,741 - INFO - epoch 5 training [time: 0.28s, train loss: 0.1118, reconstruction loss: 0.1062]
2026-06-08 11:02:41,038 - INFO - epoch 6 training [time: 0.30s, train loss: 0.1098, reconstruction loss: 0.1026]
2026-06-08 11:02:41,328 - INFO - epoch 7 training [time: 0.29s, train loss: 0.1081, reconstruction loss: 0.0992]
2026-06-08 11:02:41,609 - INFO - epoch 8 training [time: 0.28s, train loss: 0.1073, reconstruction loss: 0.0966]
2026-06-08 11:02:41,903 - INFO - epoch 9 training [time: 0.29s, train loss: 0.1075, reconstruction loss: 0.0944]
2026-06-08 11:02:42,193 - INFO - epoch 10 training [time: 0.29s, train loss: 0.1078, reconstruction loss: 0.0924]
2026-06-08 11:02:42,479 - INFO - epoch 11 training [time: 0.29s, train loss: 0.1086, reconstruction loss: 0.0908]
2026-06-08 11:02:42,773 - INFO - epoch 12 training [time: 0.29s, train loss: 0.1094, reconstruction loss: 0.0895]
2026-06-08 11:02:43,062 - INFO - epoch 13 training [time: 0.29s, train loss: 0.1106, reconstruction loss: 0.0884]
2026-06-08 11:02:43,358 - INFO - epoch 14 training [time: 0.30s, train loss: 0.1121, reconstruction loss: 0.0874]
2026-06-08 11:02:43,649 - INFO - epoch 15 training [time: 0.29s, train loss: 0.1139, reconstruction loss: 0.0864]
2026-06-08 11:02:43,945 - INFO - epoch 16 training [time: 0.30s, train loss: 0.1159, reconstruction loss: 0.0857]
2026-06-08 11:02:44,233 - INFO - epoch 17 training [time: 0.29s, train loss: 0.1183, reconstruction loss: 0.0849]
2026-06-08 11:02:44,524 - INFO - epoch 18 training [time: 0.29s, train loss: 0.1206, reconstruction loss: 0.0843]
2026-06-08 11:02:44,814 - INFO - epoch 19 training [time: 0.29s, train loss: 0.1229, reconstruction loss: 0.0837]
2026-06-08 11:02:45,101 - INFO - epoch 20 training [time: 0.29s, train loss: 0.1250, reconstruction loss: 0.0830]
2026-06-08 11:02:45,398 - INFO - epoch 21 training [time: 0.30s, train loss: 0.1272, reconstruction loss: 0.0826]
2026-06-08 11:02:45,696 - INFO - epoch 22 training [time: 0.30s, train loss: 0.1291, reconstruction loss: 0.0821]
2026-06-08 11:02:45,980 - INFO - epoch 23 training [time: 0.28s, train loss: 0.1312, reconstruction loss: 0.0817]
2026-06-08 11:02:46,272 - INFO - epoch 24 training [time: 0.29s, train loss: 0.1331, reconstruction loss: 0.0812]
2026-06-08 11:02:46,567 - INFO - epoch 25 training [time: 0.30s, train loss: 0.1351, reconstruction loss: 0.0809]
2026-06-08 11:02:46,856 - INFO - epoch 26 training [time: 0.29s, train loss: 0.1370, reconstruction loss: 0.0806]
2026-06-08 11:02:47,145 - INFO - epoch 27 training [time: 0.29s, train loss: 0.1389, reconstruction loss: 0.0803]
2026-06-08 11:02:47,422 - INFO - epoch 28 training [time: 0.28s, train loss: 0.1409, reconstruction loss: 0.0799]
2026-06-08 11:02:47,696 - INFO - epoch 29 training [time: 0.27s, train loss: 0.1431, reconstruction loss: 0.0796]
2026-06-08 11:02:47,992 - INFO - epoch 30 training [time: 0.30s, train loss: 0.1448, reconstruction loss: 0.0793]
2026-06-08 11:02:48,275 - INFO - epoch 31 training [time: 0.28s, train loss: 0.1470, reconstruction loss: 0.0790]
2026-06-08 11:02:48,560 - INFO - epoch 32 training [time: 0.28s, train loss: 0.1489, reconstruction loss: 0.0788]
2026-06-08 11:02:48,844 - INFO - epoch 33 training [time: 0.28s, train loss: 0.1504, reconstruction loss: 0.0785]
2026-06-08 11:02:49,124 - INFO - epoch 34 training [time: 0.28s, train loss: 0.1519, reconstruction loss: 0.0783]
2026-06-08 11:02:49,413 - INFO - epoch 35 training [time: 0.29s, train loss: 0.1538, reconstruction loss: 0.0781]
2026-06-08 11:02:49,700 - INFO - epoch 36 training [time: 0.29s, train loss: 0.1554, reconstruction loss: 0.0779]
2026-06-08 11:02:49,989 - INFO - epoch 37 training [time: 0.29s, train loss: 0.1569, reconstruction loss: 0.0777]
2026-06-08 11:02:50,272 - INFO - epoch 38 training [time: 0.28s, train loss: 0.1583, reconstruction loss: 0.0774]
2026-06-08 11:02:50,562 - INFO - epoch 39 training [time: 0.29s, train loss: 0.1593, reconstruction loss: 0.0772]
2026-06-08 11:02:50,854 - INFO - epoch 40 training [time: 0.29s, train loss: 0.1605, reconstruction loss: 0.0771]
2026-06-08 11:02:51,144 - INFO - epoch 41 training [time: 0.29s, train loss: 0.1618, reconstruction loss: 0.0769]
2026-06-08 11:02:51,438 - INFO - epoch 42 training [time: 0.29s, train loss: 0.1629, reconstruction loss: 0.0766]
2026-06-08 11:02:51,723 - INFO - epoch 43 training [time: 0.28s, train loss: 0.1641, reconstruction loss: 0.0766]
2026-06-08 11:02:52,005 - INFO - epoch 44 training [time: 0.28s, train loss: 0.1653, reconstruction loss: 0.0764]
2026-06-08 11:02:52,294 - INFO - epoch 45 training [time: 0.29s, train loss: 0.1665, reconstruction loss: 0.0762]
2026-06-08 11:02:52,585 - INFO - epoch 46 training [time: 0.29s, train loss: 0.1675, reconstruction loss: 0.0761]
2026-06-08 11:02:52,880 - INFO - epoch 47 training [time: 0.29s, train loss: 0.1689, reconstruction loss: 0.0759]
2026-06-08 11:02:53,174 - INFO - epoch 48 training [time: 0.29s, train loss: 0.1698, reconstruction loss: 0.0758]
2026-06-08 11:02:53,476 - INFO - epoch 49 training [time: 0.30s, train loss: 0.1706, reconstruction loss: 0.0757]
2026-06-08 11:02:53,678 - INFO - Saving current/home/mingyu/news_rec/Data/ckpt/Jun-08-2026_11-02-38/best_loss_model.pth
2026-06-08 11:02:53,682 - INFO - Saving current/home/mingyu/news_rec/Data/ckpt/Jun-08-2026_11-02-38/best_collision_model.pth
2026-06-08 11:02:53,682 - INFO - epoch 49 evaluating [time: 0.21s, collision_rate: 0.047639]
2026-06-08 11:02:53,688 - INFO - Saving current/home/mingyu/news_rec/Data/ckpt/Jun-08-2026_11-02-38/epoch_49_collision_0.0476_model.pth
2026-06-08 11:02:53,972 - INFO - epoch 50 training [time: 0.28s, train loss: 0.1715, reconstruction loss: 0.0756]
2026-06-08 11:02:54,249 - INFO - epoch 51 training [time: 0.28s, train loss: 0.1724, reconstruction loss: 0.0755]
2026-06-08 11:02:54,540 - INFO - epoch 52 training [time: 0.29s, train loss: 0.1730, reconstruction loss: 0.0753]
2026-06-08 11:02:54,839 - INFO - epoch 53 training [time: 0.30s, train loss: 0.1740, reconstruction loss: 0.0751]
2026-06-08 11:02:55,120 - INFO - epoch 54 training [time: 0.28s, train loss: 0.1748, reconstruction loss: 0.0750]
2026-06-08 11:02:55,399 - INFO - epoch 55 training [time: 0.28s, train loss: 0.1755, reconstruction loss: 0.0749]
2026-06-08 11:02:55,697 - INFO - epoch 56 training [time: 0.30s, train loss: 0.1766, reconstruction loss: 0.0749]
2026-06-08 11:02:55,991 - INFO - epoch 57 training [time: 0.29s, train loss: 0.1776, reconstruction loss: 0.0746]
2026-06-08 11:02:56,275 - INFO - epoch 58 training [time: 0.28s, train loss: 0.1781, reconstruction loss: 0.0746]
2026-06-08 11:02:56,560 - INFO - epoch 59 training [time: 0.29s, train loss: 0.1790, reconstruction loss: 0.0745]
2026-06-08 11:02:56,846 - INFO - epoch 60 training [time: 0.29s, train loss: 0.1792, reconstruction loss: 0.0743]
2026-06-08 11:02:57,138 - INFO - epoch 61 training [time: 0.29s, train loss: 0.1801, reconstruction loss: 0.0742]
2026-06-08 11:02:57,436 - INFO - epoch 62 training [time: 0.30s, train loss: 0.1809, reconstruction loss: 0.0742]
2026-06-08 11:02:57,724 - INFO - epoch 63 training [time: 0.29s, train loss: 0.1814, reconstruction loss: 0.0741]
2026-06-08 11:02:58,004 - INFO - epoch 64 training [time: 0.28s, train loss: 0.1820, reconstruction loss: 0.0740]
2026-06-08 11:02:58,289 - INFO - epoch 65 training [time: 0.29s, train loss: 0.1825, reconstruction loss: 0.0739]
2026-06-08 11:02:58,575 - INFO - epoch 66 training [time: 0.29s, train loss: 0.1829, reconstruction loss: 0.0738]
2026-06-08 11:02:58,858 - INFO - epoch 67 training [time: 0.28s, train loss: 0.1837, reconstruction loss: 0.0738]
2026-06-08 11:02:59,149 - INFO - epoch 68 training [time: 0.29s, train loss: 0.1842, reconstruction loss: 0.0737]
2026-06-08 11:02:59,443 - INFO - epoch 69 training [time: 0.29s, train loss: 0.1843, reconstruction loss: 0.0736]
2026-06-08 11:02:59,728 - INFO - epoch 70 training [time: 0.29s, train loss: 0.1849, reconstruction loss: 0.0734]
2026-06-08 11:03:00,026 - INFO - epoch 71 training [time: 0.30s, train loss: 0.1857, reconstruction loss: 0.0734]
2026-06-08 11:03:00,308 - INFO - epoch 72 training [time: 0.28s, train loss: 0.1866, reconstruction loss: 0.0734]
2026-06-08 11:03:00,590 - INFO - epoch 73 training [time: 0.28s, train loss: 0.1865, reconstruction loss: 0.0734]
2026-06-08 11:03:00,881 - INFO - epoch 74 training [time: 0.29s, train loss: 0.1872, reconstruction loss: 0.0732]
2026-06-08 11:03:01,162 - INFO - epoch 75 training [time: 0.28s, train loss: 0.1877, reconstruction loss: 0.0732]
2026-06-08 11:03:01,456 - INFO - epoch 76 training [time: 0.29s, train loss: 0.1881, reconstruction loss: 0.0732]
2026-06-08 11:03:01,736 - INFO - epoch 77 training [time: 0.28s, train loss: 0.1885, reconstruction loss: 0.0731]
2026-06-08 11:03:02,017 - INFO - epoch 78 training [time: 0.28s, train loss: 0.1887, reconstruction loss: 0.0729]
2026-06-08 11:03:02,305 - INFO - epoch 79 training [time: 0.29s, train loss: 0.1895, reconstruction loss: 0.0729]
2026-06-08 11:03:02,586 - INFO - epoch 80 training [time: 0.28s, train loss: 0.1897, reconstruction loss: 0.0728]
2026-06-08 11:03:02,879 - INFO - epoch 81 training [time: 0.29s, train loss: 0.1901, reconstruction loss: 0.0728]
2026-06-08 11:03:03,166 - INFO - epoch 82 training [time: 0.29s, train loss: 0.1907, reconstruction loss: 0.0728]
2026-06-08 11:03:03,449 - INFO - epoch 83 training [time: 0.28s, train loss: 0.1912, reconstruction loss: 0.0727]
2026-06-08 11:03:03,733 - INFO - epoch 84 training [time: 0.28s, train loss: 0.1915, reconstruction loss: 0.0726]
2026-06-08 11:03:04,012 - INFO - epoch 85 training [time: 0.28s, train loss: 0.1920, reconstruction loss: 0.0726]
2026-06-08 11:03:04,306 - INFO - epoch 86 training [time: 0.29s, train loss: 0.1927, reconstruction loss: 0.0725]
2026-06-08 11:03:04,599 - INFO - epoch 87 training [time: 0.29s, train loss: 0.1934, reconstruction loss: 0.0725]
2026-06-08 11:03:04,890 - INFO - epoch 88 training [time: 0.29s, train loss: 0.1934, reconstruction loss: 0.0724]
2026-06-08 11:03:05,200 - INFO - epoch 89 training [time: 0.31s, train loss: 0.1937, reconstruction loss: 0.0723]
2026-06-08 11:03:05,520 - INFO - epoch 90 training [time: 0.32s, train loss: 0.1944, reconstruction loss: 0.0724]
2026-06-08 11:03:05,807 - INFO - epoch 91 training [time: 0.29s, train loss: 0.1944, reconstruction loss: 0.0723]
2026-06-08 11:03:06,101 - INFO - epoch 92 training [time: 0.29s, train loss: 0.1948, reconstruction loss: 0.0722]
2026-06-08 11:03:06,391 - INFO - epoch 93 training [time: 0.29s, train loss: 0.1955, reconstruction loss: 0.0721]
2026-06-08 11:03:06,693 - INFO - epoch 94 training [time: 0.30s, train loss: 0.1956, reconstruction loss: 0.0721]
2026-06-08 11:03:06,977 - INFO - epoch 95 training [time: 0.28s, train loss: 0.1962, reconstruction loss: 0.0721]
2026-06-08 11:03:07,256 - INFO - epoch 96 training [time: 0.28s, train loss: 0.1964, reconstruction loss: 0.0722]
2026-06-08 11:03:07,545 - INFO - epoch 97 training [time: 0.29s, train loss: 0.1966, reconstruction loss: 0.0720]
2026-06-08 11:03:07,837 - INFO - epoch 98 training [time: 0.29s, train loss: 0.1971, reconstruction loss: 0.0719]
2026-06-08 11:03:08,125 - INFO - epoch 99 training [time: 0.29s, train loss: 0.1979, reconstruction loss: 0.0720]
2026-06-08 11:03:08,298 - INFO - epoch 99 evaluating [time: 0.17s, collision_rate: 0.052962]
2026-06-08 11:03:08,303 - INFO - Saving current/home/mingyu/news_rec/Data/ckpt/Jun-08-2026_11-02-38/epoch_99_collision_0.0530_model.pth
2026-06-08 11:03:08,592 - INFO - epoch 100 training [time: 0.29s, train loss: 0.1976, reconstruction loss: 0.0719]
2026-06-08 11:03:08,882 - INFO - epoch 101 training [time: 0.29s, train loss: 0.1981, reconstruction loss: 0.0719]
2026-06-08 11:03:09,168 - INFO - epoch 102 training [time: 0.29s, train loss: 0.1983, reconstruction loss: 0.0718]
2026-06-08 11:03:09,452 - INFO - epoch 103 training [time: 0.28s, train loss: 0.1988, reconstruction loss: 0.0718]
2026-06-08 11:03:09,743 - INFO - epoch 104 training [time: 0.29s, train loss: 0.1997, reconstruction loss: 0.0717]
2026-06-08 11:03:10,034 - INFO - epoch 105 training [time: 0.29s, train loss: 0.1994, reconstruction loss: 0.0718]
2026-06-08 11:03:10,332 - INFO - epoch 106 training [time: 0.30s, train loss: 0.2001, reconstruction loss: 0.0716]
2026-06-08 11:03:10,607 - INFO - epoch 107 training [time: 0.28s, train loss: 0.2004, reconstruction loss: 0.0716]
2026-06-08 11:03:10,889 - INFO - epoch 108 training [time: 0.28s, train loss: 0.2004, reconstruction loss: 0.0716]
2026-06-08 11:03:11,171 - INFO - epoch 109 training [time: 0.28s, train loss: 0.2006, reconstruction loss: 0.0716]
2026-06-08 11:03:11,462 - INFO - epoch 110 training [time: 0.29s, train loss: 0.2008, reconstruction loss: 0.0715]
2026-06-08 11:03:11,751 - INFO - epoch 111 training [time: 0.29s, train loss: 0.2016, reconstruction loss: 0.0714]
2026-06-08 11:03:12,045 - INFO - epoch 112 training [time: 0.29s, train loss: 0.2015, reconstruction loss: 0.0715]
2026-06-08 11:03:12,336 - INFO - epoch 113 training [time: 0.29s, train loss: 0.2017, reconstruction loss: 0.0715]
2026-06-08 11:03:12,632 - INFO - epoch 114 training [time: 0.30s, train loss: 0.2023, reconstruction loss: 0.0713]
2026-06-08 11:03:12,913 - INFO - epoch 115 training [time: 0.28s, train loss: 0.2025, reconstruction loss: 0.0714]
2026-06-08 11:03:13,199 - INFO - epoch 116 training [time: 0.29s, train loss: 0.2026, reconstruction loss: 0.0714]
2026-06-08 11:03:13,500 - INFO - epoch 117 training [time: 0.30s, train loss: 0.2033, reconstruction loss: 0.0714]
2026-06-08 11:03:13,789 - INFO - epoch 118 training [time: 0.29s, train loss: 0.2034, reconstruction loss: 0.0713]
2026-06-08 11:03:14,085 - INFO - epoch 119 training [time: 0.30s, train loss: 0.2034, reconstruction loss: 0.0712]
2026-06-08 11:03:14,378 - INFO - epoch 120 training [time: 0.29s, train loss: 0.2037, reconstruction loss: 0.0712]
2026-06-08 11:03:14,673 - INFO - epoch 121 training [time: 0.29s, train loss: 0.2042, reconstruction loss: 0.0713]
2026-06-08 11:03:14,953 - INFO - epoch 122 training [time: 0.28s, train loss: 0.2043, reconstruction loss: 0.0712]
2026-06-08 11:03:15,233 - INFO - epoch 123 training [time: 0.28s, train loss: 0.2043, reconstruction loss: 0.0712]
2026-06-08 11:03:15,531 - INFO - epoch 124 training [time: 0.30s, train loss: 0.2044, reconstruction loss: 0.0712]
2026-06-08 11:03:15,833 - INFO - epoch 125 training [time: 0.30s, train loss: 0.2045, reconstruction loss: 0.0710]
2026-06-08 11:03:16,132 - INFO - epoch 126 training [time: 0.30s, train loss: 0.2051, reconstruction loss: 0.0711]
2026-06-08 11:03:16,429 - INFO - epoch 127 training [time: 0.30s, train loss: 0.2049, reconstruction loss: 0.0710]
2026-06-08 11:03:16,713 - INFO - epoch 128 training [time: 0.28s, train loss: 0.2052, reconstruction loss: 0.0710]
2026-06-08 11:03:17,008 - INFO - epoch 129 training [time: 0.30s, train loss: 0.2057, reconstruction loss: 0.0710]
2026-06-08 11:03:17,295 - INFO - epoch 130 training [time: 0.29s, train loss: 0.2060, reconstruction loss: 0.0710]
2026-06-08 11:03:17,587 - INFO - epoch 131 training [time: 0.29s, train loss: 0.2062, reconstruction loss: 0.0709]
2026-06-08 11:03:17,881 - INFO - epoch 132 training [time: 0.29s, train loss: 0.2065, reconstruction loss: 0.0710]
2026-06-08 11:03:18,175 - INFO - epoch 133 training [time: 0.29s, train loss: 0.2066, reconstruction loss: 0.0709]
2026-06-08 11:03:18,470 - INFO - epoch 134 training [time: 0.29s, train loss: 0.2065, reconstruction loss: 0.0708]
2026-06-08 11:03:18,750 - INFO - epoch 135 training [time: 0.28s, train loss: 0.2070, reconstruction loss: 0.0709]
2026-06-08 11:03:19,042 - INFO - epoch 136 training [time: 0.29s, train loss: 0.2072, reconstruction loss: 0.0708]
2026-06-08 11:03:19,344 - INFO - epoch 137 training [time: 0.30s, train loss: 0.2071, reconstruction loss: 0.0708]
2026-06-08 11:03:19,641 - INFO - epoch 138 training [time: 0.30s, train loss: 0.2078, reconstruction loss: 0.0708]
2026-06-08 11:03:19,932 - INFO - epoch 139 training [time: 0.29s, train loss: 0.2075, reconstruction loss: 0.0707]
2026-06-08 11:03:20,221 - INFO - epoch 140 training [time: 0.29s, train loss: 0.2079, reconstruction loss: 0.0707]
2026-06-08 11:03:20,513 - INFO - epoch 141 training [time: 0.29s, train loss: 0.2080, reconstruction loss: 0.0707]
2026-06-08 11:03:20,795 - INFO - epoch 142 training [time: 0.28s, train loss: 0.2085, reconstruction loss: 0.0707]
2026-06-08 11:03:21,073 - INFO - epoch 143 training [time: 0.28s, train loss: 0.2087, reconstruction loss: 0.0707]
2026-06-08 11:03:21,369 - INFO - epoch 144 training [time: 0.30s, train loss: 0.2096, reconstruction loss: 0.0707]
2026-06-08 11:03:21,657 - INFO - epoch 145 training [time: 0.29s, train loss: 0.2090, reconstruction loss: 0.0706]
2026-06-08 11:03:21,947 - INFO - epoch 146 training [time: 0.29s, train loss: 0.2092, reconstruction loss: 0.0706]
2026-06-08 11:03:22,227 - INFO - epoch 147 training [time: 0.28s, train loss: 0.2092, reconstruction loss: 0.0706]
2026-06-08 11:03:22,512 - INFO - epoch 148 training [time: 0.28s, train loss: 0.2096, reconstruction loss: 0.0706]
2026-06-08 11:03:22,806 - INFO - epoch 149 training [time: 0.29s, train loss: 0.2098, reconstruction loss: 0.0705]
2026-06-08 11:03:22,993 - INFO - epoch 149 evaluating [time: 0.19s, collision_rate: 0.055458]
2026-06-08 11:03:22,999 - INFO - Saving current/home/mingyu/news_rec/Data/ckpt/Jun-08-2026_11-02-38/epoch_149_collision_0.0555_model.pth
2026-06-08 11:03:23,289 - INFO - epoch 150 training [time: 0.29s, train loss: 0.2099, reconstruction loss: 0.0706]
2026-06-08 11:03:23,577 - INFO - epoch 151 training [time: 0.29s, train loss: 0.2099, reconstruction loss: 0.0705]
2026-06-08 11:03:23,864 - INFO - epoch 152 training [time: 0.29s, train loss: 0.2104, reconstruction loss: 0.0705]
2026-06-08 11:03:24,143 - INFO - epoch 153 training [time: 0.28s, train loss: 0.2105, reconstruction loss: 0.0705]
2026-06-08 11:03:24,440 - INFO - epoch 154 training [time: 0.30s, train loss: 0.2111, reconstruction loss: 0.0705]
2026-06-08 11:03:24,733 - INFO - epoch 155 training [time: 0.29s, train loss: 0.2109, reconstruction loss: 0.0705]
2026-06-08 11:03:25,031 - INFO - epoch 156 training [time: 0.30s, train loss: 0.2110, reconstruction loss: 0.0704]
2026-06-08 11:03:25,318 - INFO - epoch 157 training [time: 0.29s, train loss: 0.2116, reconstruction loss: 0.0705]
2026-06-08 11:03:25,598 - INFO - epoch 158 training [time: 0.28s, train loss: 0.2112, reconstruction loss: 0.0704]
2026-06-08 11:03:25,895 - INFO - epoch 159 training [time: 0.30s, train loss: 0.2114, reconstruction loss: 0.0704]
2026-06-08 11:03:26,185 - INFO - epoch 160 training [time: 0.29s, train loss: 0.2115, reconstruction loss: 0.0704]
2026-06-08 11:03:26,482 - INFO - epoch 161 training [time: 0.30s, train loss: 0.2113, reconstruction loss: 0.0704]
2026-06-08 11:03:26,774 - INFO - epoch 162 training [time: 0.29s, train loss: 0.2116, reconstruction loss: 0.0703]
2026-06-08 11:03:27,068 - INFO - epoch 163 training [time: 0.29s, train loss: 0.2116, reconstruction loss: 0.0703]
2026-06-08 11:03:27,370 - INFO - epoch 164 training [time: 0.30s, train loss: 0.2119, reconstruction loss: 0.0703]
2026-06-08 11:03:27,658 - INFO - epoch 165 training [time: 0.29s, train loss: 0.2124, reconstruction loss: 0.0702]
2026-06-08 11:03:27,946 - INFO - epoch 166 training [time: 0.29s, train loss: 0.2125, reconstruction loss: 0.0703]
2026-06-08 11:03:28,244 - INFO - epoch 167 training [time: 0.30s, train loss: 0.2123, reconstruction loss: 0.0702]
2026-06-08 11:03:28,522 - INFO - epoch 168 training [time: 0.28s, train loss: 0.2128, reconstruction loss: 0.0702]
2026-06-08 11:03:28,815 - INFO - epoch 169 training [time: 0.29s, train loss: 0.2131, reconstruction loss: 0.0702]
2026-06-08 11:03:29,117 - INFO - epoch 170 training [time: 0.30s, train loss: 0.2130, reconstruction loss: 0.0702]
2026-06-08 11:03:29,413 - INFO - epoch 171 training [time: 0.30s, train loss: 0.2130, reconstruction loss: 0.0701]
2026-06-08 11:03:29,700 - INFO - epoch 172 training [time: 0.29s, train loss: 0.2133, reconstruction loss: 0.0701]
2026-06-08 11:03:29,981 - INFO - epoch 173 training [time: 0.28s, train loss: 0.2137, reconstruction loss: 0.0702]
2026-06-08 11:03:30,275 - INFO - epoch 174 training [time: 0.29s, train loss: 0.2137, reconstruction loss: 0.0701]
2026-06-08 11:03:30,564 - INFO - epoch 175 training [time: 0.29s, train loss: 0.2138, reconstruction loss: 0.0701]
2026-06-08 11:03:30,857 - INFO - epoch 176 training [time: 0.29s, train loss: 0.2140, reconstruction loss: 0.0700]
2026-06-08 11:03:31,147 - INFO - epoch 177 training [time: 0.29s, train loss: 0.2140, reconstruction loss: 0.0701]
2026-06-08 11:03:31,451 - INFO - epoch 178 training [time: 0.30s, train loss: 0.2140, reconstruction loss: 0.0700]
2026-06-08 11:03:31,744 - INFO - epoch 179 training [time: 0.29s, train loss: 0.2142, reconstruction loss: 0.0700]
2026-06-08 11:03:32,035 - INFO - epoch 180 training [time: 0.29s, train loss: 0.2148, reconstruction loss: 0.0701]
2026-06-08 11:03:32,315 - INFO - epoch 181 training [time: 0.28s, train loss: 0.2145, reconstruction loss: 0.0700]
2026-06-08 11:03:32,605 - INFO - epoch 182 training [time: 0.29s, train loss: 0.2148, reconstruction loss: 0.0700]
2026-06-08 11:03:32,891 - INFO - epoch 183 training [time: 0.29s, train loss: 0.2145, reconstruction loss: 0.0699]
2026-06-08 11:03:33,175 - INFO - epoch 184 training [time: 0.28s, train loss: 0.2149, reconstruction loss: 0.0700]
2026-06-08 11:03:33,471 - INFO - epoch 185 training [time: 0.30s, train loss: 0.2148, reconstruction loss: 0.0700]
2026-06-08 11:03:33,761 - INFO - epoch 186 training [time: 0.29s, train loss: 0.2150, reconstruction loss: 0.0699]
2026-06-08 11:03:34,061 - INFO - epoch 187 training [time: 0.30s, train loss: 0.2155, reconstruction loss: 0.0699]
2026-06-08 11:03:34,358 - INFO - epoch 188 training [time: 0.30s, train loss: 0.2154, reconstruction loss: 0.0698]
2026-06-08 11:03:34,647 - INFO - epoch 189 training [time: 0.29s, train loss: 0.2158, reconstruction loss: 0.0698]
2026-06-08 11:03:34,931 - INFO - epoch 190 training [time: 0.28s, train loss: 0.2161, reconstruction loss: 0.0698]
2026-06-08 11:03:35,223 - INFO - epoch 191 training [time: 0.29s, train loss: 0.2159, reconstruction loss: 0.0700]
2026-06-08 11:03:35,515 - INFO - epoch 192 training [time: 0.29s, train loss: 0.2166, reconstruction loss: 0.0698]
2026-06-08 11:03:35,812 - INFO - epoch 193 training [time: 0.30s, train loss: 0.2162, reconstruction loss: 0.0699]
2026-06-08 11:03:36,111 - INFO - epoch 194 training [time: 0.30s, train loss: 0.2160, reconstruction loss: 0.0698]
2026-06-08 11:03:36,394 - INFO - epoch 195 training [time: 0.28s, train loss: 0.2159, reconstruction loss: 0.0698]
2026-06-08 11:03:36,684 - INFO - epoch 196 training [time: 0.29s, train loss: 0.2166, reconstruction loss: 0.0698]
2026-06-08 11:03:36,971 - INFO - epoch 197 training [time: 0.29s, train loss: 0.2167, reconstruction loss: 0.0699]
2026-06-08 11:03:37,252 - INFO - epoch 198 training [time: 0.28s, train loss: 0.2170, reconstruction loss: 0.0697]
2026-06-08 11:03:37,545 - INFO - epoch 199 training [time: 0.29s, train loss: 0.2169, reconstruction loss: 0.0698]
2026-06-08 11:03:37,740 - INFO - epoch 199 evaluating [time: 0.20s, collision_rate: 0.056102]
2026-06-08 11:03:37,745 - INFO - Saving current/home/mingyu/news_rec/Data/ckpt/Jun-08-2026_11-02-38/epoch_199_collision_0.0561_model.pth
2026-06-08 11:03:38,032 - INFO - epoch 200 training [time: 0.29s, train loss: 0.2167, reconstruction loss: 0.0697]
2026-06-08 11:03:38,325 - INFO - epoch 201 training [time: 0.29s, train loss: 0.2173, reconstruction loss: 0.0697]
2026-06-08 11:03:38,613 - INFO - epoch 202 training [time: 0.29s, train loss: 0.2173, reconstruction loss: 0.0697]
2026-06-08 11:03:38,905 - INFO - epoch 203 training [time: 0.29s, train loss: 0.2174, reconstruction loss: 0.0697]
2026-06-08 11:03:39,200 - INFO - epoch 204 training [time: 0.30s, train loss: 0.2176, reconstruction loss: 0.0696]
2026-06-08 11:03:39,489 - INFO - epoch 205 training [time: 0.29s, train loss: 0.2175, reconstruction loss: 0.0696]
2026-06-08 11:03:39,781 - INFO - epoch 206 training [time: 0.29s, train loss: 0.2176, reconstruction loss: 0.0697]
2026-06-08 11:03:40,074 - INFO - epoch 207 training [time: 0.29s, train loss: 0.2184, reconstruction loss: 0.0697]
2026-06-08 11:03:40,363 - INFO - epoch 208 training [time: 0.29s, train loss: 0.2180, reconstruction loss: 0.0697]
2026-06-08 11:03:40,655 - INFO - epoch 209 training [time: 0.29s, train loss: 0.2182, reconstruction loss: 0.0696]
2026-06-08 11:03:40,946 - INFO - epoch 210 training [time: 0.29s, train loss: 0.2181, reconstruction loss: 0.0696]
2026-06-08 11:03:41,244 - INFO - epoch 211 training [time: 0.30s, train loss: 0.2181, reconstruction loss: 0.0696]
2026-06-08 11:03:41,530 - INFO - epoch 212 training [time: 0.29s, train loss: 0.2183, reconstruction loss: 0.0696]
2026-06-08 11:03:41,833 - INFO - epoch 213 training [time: 0.30s, train loss: 0.2186, reconstruction loss: 0.0696]
2026-06-08 11:03:42,123 - INFO - epoch 214 training [time: 0.29s, train loss: 0.2189, reconstruction loss: 0.0695]
2026-06-08 11:03:42,407 - INFO - epoch 215 training [time: 0.28s, train loss: 0.2186, reconstruction loss: 0.0696]
2026-06-08 11:03:42,691 - INFO - epoch 216 training [time: 0.28s, train loss: 0.2188, reconstruction loss: 0.0696]
2026-06-08 11:03:42,972 - INFO - epoch 217 training [time: 0.28s, train loss: 0.2192, reconstruction loss: 0.0696]
2026-06-08 11:03:43,267 - INFO - epoch 218 training [time: 0.29s, train loss: 0.2186, reconstruction loss: 0.0695]
2026-06-08 11:03:43,548 - INFO - epoch 219 training [time: 0.28s, train loss: 0.2190, reconstruction loss: 0.0696]
2026-06-08 11:03:43,840 - INFO - epoch 220 training [time: 0.29s, train loss: 0.2194, reconstruction loss: 0.0695]
2026-06-08 11:03:44,129 - INFO - epoch 221 training [time: 0.29s, train loss: 0.2193, reconstruction loss: 0.0695]
2026-06-08 11:03:44,415 - INFO - epoch 222 training [time: 0.29s, train loss: 0.2193, reconstruction loss: 0.0694]
2026-06-08 11:03:44,705 - INFO - epoch 223 training [time: 0.29s, train loss: 0.2195, reconstruction loss: 0.0695]
2026-06-08 11:03:44,997 - INFO - epoch 224 training [time: 0.29s, train loss: 0.2199, reconstruction loss: 0.0695]
2026-06-08 11:03:45,289 - INFO - epoch 225 training [time: 0.29s, train loss: 0.2199, reconstruction loss: 0.0695]
2026-06-08 11:03:45,583 - INFO - epoch 226 training [time: 0.29s, train loss: 0.2200, reconstruction loss: 0.0694]
2026-06-08 11:03:45,875 - INFO - epoch 227 training [time: 0.29s, train loss: 0.2200, reconstruction loss: 0.0694]
2026-06-08 11:03:46,164 - INFO - epoch 228 training [time: 0.29s, train loss: 0.2205, reconstruction loss: 0.0695]
2026-06-08 11:03:46,460 - INFO - epoch 229 training [time: 0.30s, train loss: 0.2203, reconstruction loss: 0.0695]
2026-06-08 11:03:46,754 - INFO - epoch 230 training [time: 0.29s, train loss: 0.2204, reconstruction loss: 0.0693]
2026-06-08 11:03:47,056 - INFO - epoch 231 training [time: 0.30s, train loss: 0.2202, reconstruction loss: 0.0694]
2026-06-08 11:03:47,342 - INFO - epoch 232 training [time: 0.29s, train loss: 0.2204, reconstruction loss: 0.0694]
2026-06-08 11:03:47,636 - INFO - epoch 233 training [time: 0.29s, train loss: 0.2209, reconstruction loss: 0.0694]
2026-06-08 11:03:47,938 - INFO - epoch 234 training [time: 0.30s, train loss: 0.2206, reconstruction loss: 0.0695]
2026-06-08 11:03:48,220 - INFO - epoch 235 training [time: 0.28s, train loss: 0.2211, reconstruction loss: 0.0693]
2026-06-08 11:03:48,504 - INFO - epoch 236 training [time: 0.28s, train loss: 0.2208, reconstruction loss: 0.0694]
2026-06-08 11:03:48,792 - INFO - epoch 237 training [time: 0.29s, train loss: 0.2208, reconstruction loss: 0.0693]
2026-06-08 11:03:49,075 - INFO - epoch 238 training [time: 0.28s, train loss: 0.2216, reconstruction loss: 0.0694]
2026-06-08 11:03:49,365 - INFO - epoch 239 training [time: 0.29s, train loss: 0.2213, reconstruction loss: 0.0694]
2026-06-08 11:03:49,652 - INFO - epoch 240 training [time: 0.29s, train loss: 0.2214, reconstruction loss: 0.0694]
2026-06-08 11:03:49,943 - INFO - epoch 241 training [time: 0.29s, train loss: 0.2219, reconstruction loss: 0.0693]
2026-06-08 11:03:50,236 - INFO - epoch 242 training [time: 0.29s, train loss: 0.2214, reconstruction loss: 0.0693]
2026-06-08 11:03:50,537 - INFO - epoch 243 training [time: 0.30s, train loss: 0.2214, reconstruction loss: 0.0693]
2026-06-08 11:03:50,830 - INFO - epoch 244 training [time: 0.29s, train loss: 0.2214, reconstruction loss: 0.0693]
2026-06-08 11:03:51,119 - INFO - epoch 245 training [time: 0.29s, train loss: 0.2217, reconstruction loss: 0.0693]
2026-06-08 11:03:51,411 - INFO - epoch 246 training [time: 0.29s, train loss: 0.2220, reconstruction loss: 0.0693]
2026-06-08 11:03:51,696 - INFO - epoch 247 training [time: 0.28s, train loss: 0.2219, reconstruction loss: 0.0692]
2026-06-08 11:03:51,985 - INFO - epoch 248 training [time: 0.29s, train loss: 0.2223, reconstruction loss: 0.0692]
2026-06-08 11:03:52,276 - INFO - epoch 249 training [time: 0.29s, train loss: 0.2221, reconstruction loss: 0.0691]
2026-06-08 11:03:52,457 - INFO - epoch 249 evaluating [time: 0.18s, collision_rate: 0.058071]
2026-06-08 11:03:52,462 - INFO - Saving current/home/mingyu/news_rec/Data/ckpt/Jun-08-2026_11-02-38/epoch_249_collision_0.0581_model.pth
2026-06-08 11:03:52,755 - INFO - epoch 250 training [time: 0.29s, train loss: 0.2224, reconstruction loss: 0.0691]
2026-06-08 11:03:53,048 - INFO - epoch 251 training [time: 0.29s, train loss: 0.2226, reconstruction loss: 0.0693]
2026-06-08 11:03:53,336 - INFO - epoch 252 training [time: 0.29s, train loss: 0.2228, reconstruction loss: 0.0692]
2026-06-08 11:03:53,622 - INFO - epoch 253 training [time: 0.29s, train loss: 0.2224, reconstruction loss: 0.0692]
2026-06-08 11:03:53,910 - INFO - epoch 254 training [time: 0.29s, train loss: 0.2229, reconstruction loss: 0.0692]
2026-06-08 11:03:54,200 - INFO - epoch 255 training [time: 0.29s, train loss: 0.2230, reconstruction loss: 0.0693]
2026-06-08 11:03:54,491 - INFO - epoch 256 training [time: 0.29s, train loss: 0.2230, reconstruction loss: 0.0692]
2026-06-08 11:03:54,771 - INFO - epoch 257 training [time: 0.28s, train loss: 0.2231, reconstruction loss: 0.0692]
2026-06-08 11:03:55,058 - INFO - epoch 258 training [time: 0.29s, train loss: 0.2232, reconstruction loss: 0.0692]
2026-06-08 11:03:55,330 - INFO - epoch 259 training [time: 0.27s, train loss: 0.2231, reconstruction loss: 0.0691]
2026-06-08 11:03:55,620 - INFO - epoch 260 training [time: 0.29s, train loss: 0.2231, reconstruction loss: 0.0692]
2026-06-08 11:03:55,909 - INFO - epoch 261 training [time: 0.29s, train loss: 0.2235, reconstruction loss: 0.0692]
2026-06-08 11:03:56,188 - INFO - epoch 262 training [time: 0.28s, train loss: 0.2233, reconstruction loss: 0.0691]
2026-06-08 11:03:56,482 - INFO - epoch 263 training [time: 0.29s, train loss: 0.2234, reconstruction loss: 0.0691]
2026-06-08 11:03:56,768 - INFO - epoch 264 training [time: 0.29s, train loss: 0.2232, reconstruction loss: 0.0690]
2026-06-08 11:03:57,065 - INFO - epoch 265 training [time: 0.30s, train loss: 0.2237, reconstruction loss: 0.0692]
2026-06-08 11:03:57,355 - INFO - epoch 266 training [time: 0.29s, train loss: 0.2230, reconstruction loss: 0.0691]
2026-06-08 11:03:57,642 - INFO - epoch 267 training [time: 0.29s, train loss: 0.2235, reconstruction loss: 0.0691]
2026-06-08 11:03:57,939 - INFO - epoch 268 training [time: 0.30s, train loss: 0.2231, reconstruction loss: 0.0691]
2026-06-08 11:03:58,243 - INFO - epoch 269 training [time: 0.30s, train loss: 0.2231, reconstruction loss: 0.0691]
2026-06-08 11:03:58,533 - INFO - epoch 270 training [time: 0.29s, train loss: 0.2236, reconstruction loss: 0.0690]
2026-06-08 11:03:58,826 - INFO - epoch 271 training [time: 0.29s, train loss: 0.2242, reconstruction loss: 0.0690]
2026-06-08 11:03:59,124 - INFO - epoch 272 training [time: 0.30s, train loss: 0.2239, reconstruction loss: 0.0691]
2026-06-08 11:03:59,407 - INFO - epoch 273 training [time: 0.28s, train loss: 0.2240, reconstruction loss: 0.0690]
2026-06-08 11:03:59,692 - INFO - epoch 274 training [time: 0.29s, train loss: 0.2242, reconstruction loss: 0.0690]
2026-06-08 11:03:59,972 - INFO - epoch 275 training [time: 0.28s, train loss: 0.2241, reconstruction loss: 0.0690]
2026-06-08 11:04:00,267 - INFO - epoch 276 training [time: 0.30s, train loss: 0.2240, reconstruction loss: 0.0691]
2026-06-08 11:04:00,563 - INFO - epoch 277 training [time: 0.30s, train loss: 0.2239, reconstruction loss: 0.0690]
2026-06-08 11:04:00,857 - INFO - epoch 278 training [time: 0.29s, train loss: 0.2240, reconstruction loss: 0.0690]
2026-06-08 11:04:01,145 - INFO - epoch 279 training [time: 0.29s, train loss: 0.2242, reconstruction loss: 0.0689]
2026-06-08 11:04:01,440 - INFO - epoch 280 training [time: 0.29s, train loss: 0.2241, reconstruction loss: 0.0690]
2026-06-08 11:04:01,741 - INFO - epoch 281 training [time: 0.30s, train loss: 0.2248, reconstruction loss: 0.0690]
2026-06-08 11:04:02,034 - INFO - epoch 282 training [time: 0.29s, train loss: 0.2249, reconstruction loss: 0.0690]
2026-06-08 11:04:02,326 - INFO - epoch 283 training [time: 0.29s, train loss: 0.2249, reconstruction loss: 0.0690]
2026-06-08 11:04:02,610 - INFO - epoch 284 training [time: 0.28s, train loss: 0.2248, reconstruction loss: 0.0690]
2026-06-08 11:04:02,904 - INFO - epoch 285 training [time: 0.29s, train loss: 0.2250, reconstruction loss: 0.0690]
2026-06-08 11:04:03,191 - INFO - epoch 286 training [time: 0.29s, train loss: 0.2245, reconstruction loss: 0.0689]
2026-06-08 11:04:03,472 - INFO - epoch 287 training [time: 0.28s, train loss: 0.2253, reconstruction loss: 0.0690]
2026-06-08 11:04:03,755 - INFO - epoch 288 training [time: 0.28s, train loss: 0.2252, reconstruction loss: 0.0689]
2026-06-08 11:04:04,049 - INFO - epoch 289 training [time: 0.29s, train loss: 0.2248, reconstruction loss: 0.0689]
2026-06-08 11:04:04,344 - INFO - epoch 290 training [time: 0.29s, train loss: 0.2249, reconstruction loss: 0.0689]
2026-06-08 11:04:04,641 - INFO - epoch 291 training [time: 0.30s, train loss: 0.2255, reconstruction loss: 0.0689]
2026-06-08 11:04:04,936 - INFO - epoch 292 training [time: 0.29s, train loss: 0.2254, reconstruction loss: 0.0689]
2026-06-08 11:04:05,222 - INFO - epoch 293 training [time: 0.29s, train loss: 0.2259, reconstruction loss: 0.0690]
2026-06-08 11:04:05,512 - INFO - epoch 294 training [time: 0.29s, train loss: 0.2255, reconstruction loss: 0.0689]
2026-06-08 11:04:05,818 - INFO - epoch 295 training [time: 0.31s, train loss: 0.2255, reconstruction loss: 0.0690]
2026-06-08 11:04:06,110 - INFO - epoch 296 training [time: 0.29s, train loss: 0.2253, reconstruction loss: 0.0689]
2026-06-08 11:04:06,403 - INFO - epoch 297 training [time: 0.29s, train loss: 0.2257, reconstruction loss: 0.0689]
2026-06-08 11:04:06,697 - INFO - epoch 298 training [time: 0.29s, train loss: 0.2257, reconstruction loss: 0.0689]
2026-06-08 11:04:06,985 - INFO - epoch 299 training [time: 0.29s, train loss: 0.2256, reconstruction loss: 0.0690]
2026-06-08 11:04:07,172 - INFO - epoch 299 evaluating [time: 0.19s, collision_rate: 0.060743]
2026-06-08 11:04:07,178 - INFO - Saving current/home/mingyu/news_rec/Data/ckpt/Jun-08-2026_11-02-38/epoch_299_collision_0.0607_model.pth
2026-06-08 11:04:07,463 - INFO - epoch 300 training [time: 0.29s, train loss: 0.2258, reconstruction loss: 0.0689]
2026-06-08 11:04:07,753 - INFO - epoch 301 training [time: 0.29s, train loss: 0.2263, reconstruction loss: 0.0688]
2026-06-08 11:04:08,043 - INFO - epoch 302 training [time: 0.29s, train loss: 0.2257, reconstruction loss: 0.0689]
2026-06-08 11:04:08,334 - INFO - epoch 303 training [time: 0.29s, train loss: 0.2256, reconstruction loss: 0.0688]
2026-06-08 11:04:08,615 - INFO - epoch 304 training [time: 0.28s, train loss: 0.2261, reconstruction loss: 0.0689]
2026-06-08 11:04:08,908 - INFO - epoch 305 training [time: 0.29s, train loss: 0.2259, reconstruction loss: 0.0688]
2026-06-08 11:04:09,199 - INFO - epoch 306 training [time: 0.29s, train loss: 0.2264, reconstruction loss: 0.0688]
2026-06-08 11:04:09,487 - INFO - epoch 307 training [time: 0.29s, train loss: 0.2265, reconstruction loss: 0.0689]
2026-06-08 11:04:09,763 - INFO - epoch 308 training [time: 0.28s, train loss: 0.2261, reconstruction loss: 0.0689]
2026-06-08 11:04:10,046 - INFO - epoch 309 training [time: 0.28s, train loss: 0.2259, reconstruction loss: 0.0688]
2026-06-08 11:04:10,336 - INFO - epoch 310 training [time: 0.29s, train loss: 0.2257, reconstruction loss: 0.0687]
2026-06-08 11:04:10,628 - INFO - epoch 311 training [time: 0.29s, train loss: 0.2266, reconstruction loss: 0.0689]
2026-06-08 11:04:10,926 - INFO - epoch 312 training [time: 0.30s, train loss: 0.2267, reconstruction loss: 0.0688]
2026-06-08 11:04:11,217 - INFO - epoch 313 training [time: 0.29s, train loss: 0.2266, reconstruction loss: 0.0687]
2026-06-08 11:04:11,503 - INFO - epoch 314 training [time: 0.29s, train loss: 0.2267, reconstruction loss: 0.0689]
2026-06-08 11:04:11,797 - INFO - epoch 315 training [time: 0.29s, train loss: 0.2268, reconstruction loss: 0.0687]
2026-06-08 11:04:12,077 - INFO - epoch 316 training [time: 0.28s, train loss: 0.2270, reconstruction loss: 0.0687]
2026-06-08 11:04:12,361 - INFO - epoch 317 training [time: 0.28s, train loss: 0.2267, reconstruction loss: 0.0688]
2026-06-08 11:04:12,652 - INFO - epoch 318 training [time: 0.29s, train loss: 0.2270, reconstruction loss: 0.0688]
2026-06-08 11:04:12,946 - INFO - epoch 319 training [time: 0.29s, train loss: 0.2271, reconstruction loss: 0.0687]
2026-06-08 11:04:13,235 - INFO - epoch 320 training [time: 0.29s, train loss: 0.2268, reconstruction loss: 0.0689]
2026-06-08 11:04:13,527 - INFO - epoch 321 training [time: 0.29s, train loss: 0.2264, reconstruction loss: 0.0687]
2026-06-08 11:04:13,819 - INFO - epoch 322 training [time: 0.29s, train loss: 0.2277, reconstruction loss: 0.0687]
2026-06-08 11:04:14,094 - INFO - epoch 323 training [time: 0.28s, train loss: 0.2274, reconstruction loss: 0.0688]
2026-06-08 11:04:14,388 - INFO - epoch 324 training [time: 0.29s, train loss: 0.2274, reconstruction loss: 0.0688]
2026-06-08 11:04:14,680 - INFO - epoch 325 training [time: 0.29s, train loss: 0.2273, reconstruction loss: 0.0687]
2026-06-08 11:04:14,975 - INFO - epoch 326 training [time: 0.29s, train loss: 0.2274, reconstruction loss: 0.0687]
2026-06-08 11:04:15,252 - INFO - epoch 327 training [time: 0.28s, train loss: 0.2274, reconstruction loss: 0.0688]
2026-06-08 11:04:15,548 - INFO - epoch 328 training [time: 0.30s, train loss: 0.2271, reconstruction loss: 0.0686]
2026-06-08 11:04:15,846 - INFO - epoch 329 training [time: 0.30s, train loss: 0.2273, reconstruction loss: 0.0686]
2026-06-08 11:04:16,136 - INFO - epoch 330 training [time: 0.29s, train loss: 0.2272, reconstruction loss: 0.0687]
2026-06-08 11:04:16,429 - INFO - epoch 331 training [time: 0.29s, train loss: 0.2275, reconstruction loss: 0.0686]
2026-06-08 11:04:16,720 - INFO - epoch 332 training [time: 0.29s, train loss: 0.2274, reconstruction loss: 0.0687]
2026-06-08 11:04:17,014 - INFO - epoch 333 training [time: 0.29s, train loss: 0.2273, reconstruction loss: 0.0686]
2026-06-08 11:04:17,296 - INFO - epoch 334 training [time: 0.28s, train loss: 0.2274, reconstruction loss: 0.0686]
2026-06-08 11:04:17,585 - INFO - epoch 335 training [time: 0.29s, train loss: 0.2275, reconstruction loss: 0.0687]
2026-06-08 11:04:17,876 - INFO - epoch 336 training [time: 0.29s, train loss: 0.2278, reconstruction loss: 0.0687]
2026-06-08 11:04:18,166 - INFO - epoch 337 training [time: 0.29s, train loss: 0.2279, reconstruction loss: 0.0688]
2026-06-08 11:04:18,463 - INFO - epoch 338 training [time: 0.30s, train loss: 0.2278, reconstruction loss: 0.0687]
2026-06-08 11:04:18,752 - INFO - epoch 339 training [time: 0.29s, train loss: 0.2277, reconstruction loss: 0.0687]
2026-06-08 11:04:19,044 - INFO - epoch 340 training [time: 0.29s, train loss: 0.2276, reconstruction loss: 0.0686]
2026-06-08 11:04:19,332 - INFO - epoch 341 training [time: 0.29s, train loss: 0.2286, reconstruction loss: 0.0686]
2026-06-08 11:04:19,622 - INFO - epoch 342 training [time: 0.29s, train loss: 0.2278, reconstruction loss: 0.0686]
2026-06-08 11:04:19,916 - INFO - epoch 343 training [time: 0.29s, train loss: 0.2278, reconstruction loss: 0.0687]
2026-06-08 11:04:20,200 - INFO - epoch 344 training [time: 0.28s, train loss: 0.2280, reconstruction loss: 0.0685]
2026-06-08 11:04:20,481 - INFO - epoch 345 training [time: 0.28s, train loss: 0.2281, reconstruction loss: 0.0686]
2026-06-08 11:04:20,764 - INFO - epoch 346 training [time: 0.28s, train loss: 0.2287, reconstruction loss: 0.0686]
2026-06-08 11:04:21,049 - INFO - epoch 347 training [time: 0.28s, train loss: 0.2282, reconstruction loss: 0.0686]
2026-06-08 11:04:21,341 - INFO - epoch 348 training [time: 0.29s, train loss: 0.2279, reconstruction loss: 0.0685]
2026-06-08 11:04:21,636 - INFO - epoch 349 training [time: 0.30s, train loss: 0.2287, reconstruction loss: 0.0686]
2026-06-08 11:04:21,817 - INFO - epoch 349 evaluating [time: 0.18s, collision_rate: 0.061172]
2026-06-08 11:04:21,822 - INFO - Saving current/home/mingyu/news_rec/Data/ckpt/Jun-08-2026_11-02-38/epoch_349_collision_0.0612_model.pth
2026-06-08 11:04:22,117 - INFO - epoch 350 training [time: 0.29s, train loss: 0.2281, reconstruction loss: 0.0685]
2026-06-08 11:04:22,411 - INFO - epoch 351 training [time: 0.29s, train loss: 0.2286, reconstruction loss: 0.0687]
2026-06-08 11:04:22,703 - INFO - epoch 352 training [time: 0.29s, train loss: 0.2284, reconstruction loss: 0.0686]
2026-06-08 11:04:22,983 - INFO - epoch 353 training [time: 0.28s, train loss: 0.2288, reconstruction loss: 0.0686]
2026-06-08 11:04:23,269 - INFO - epoch 354 training [time: 0.29s, train loss: 0.2286, reconstruction loss: 0.0686]
2026-06-08 11:04:23,568 - INFO - epoch 355 training [time: 0.30s, train loss: 0.2286, reconstruction loss: 0.0686]
2026-06-08 11:04:23,860 - INFO - epoch 356 training [time: 0.29s, train loss: 0.2289, reconstruction loss: 0.0686]
2026-06-08 11:04:24,147 - INFO - epoch 357 training [time: 0.29s, train loss: 0.2281, reconstruction loss: 0.0686]
2026-06-08 11:04:24,438 - INFO - epoch 358 training [time: 0.29s, train loss: 0.2278, reconstruction loss: 0.0686]
2026-06-08 11:04:24,726 - INFO - epoch 359 training [time: 0.29s, train loss: 0.2285, reconstruction loss: 0.0684]
2026-06-08 11:04:25,023 - INFO - epoch 360 training [time: 0.30s, train loss: 0.2286, reconstruction loss: 0.0685]
2026-06-08 11:04:25,318 - INFO - epoch 361 training [time: 0.29s, train loss: 0.2285, reconstruction loss: 0.0685]
2026-06-08 11:04:25,605 - INFO - epoch 362 training [time: 0.29s, train loss: 0.2292, reconstruction loss: 0.0685]
2026-06-08 11:04:25,903 - INFO - epoch 363 training [time: 0.30s, train loss: 0.2289, reconstruction loss: 0.0685]
2026-06-08 11:04:26,200 - INFO - epoch 364 training [time: 0.30s, train loss: 0.2292, reconstruction loss: 0.0685]
2026-06-08 11:04:26,487 - INFO - epoch 365 training [time: 0.29s, train loss: 0.2287, reconstruction loss: 0.0685]
2026-06-08 11:04:26,776 - INFO - epoch 366 training [time: 0.29s, train loss: 0.2292, reconstruction loss: 0.0685]
2026-06-08 11:04:27,064 - INFO - epoch 367 training [time: 0.29s, train loss: 0.2291, reconstruction loss: 0.0685]
2026-06-08 11:04:27,364 - INFO - epoch 368 training [time: 0.30s, train loss: 0.2293, reconstruction loss: 0.0685]
2026-06-08 11:04:27,704 - INFO - epoch 369 training [time: 0.34s, train loss: 0.2293, reconstruction loss: 0.0685]
2026-06-08 11:04:28,001 - INFO - epoch 370 training [time: 0.30s, train loss: 0.2295, reconstruction loss: 0.0685]
2026-06-08 11:04:28,288 - INFO - epoch 371 training [time: 0.29s, train loss: 0.2292, reconstruction loss: 0.0685]
2026-06-08 11:04:28,577 - INFO - epoch 372 training [time: 0.29s, train loss: 0.2293, reconstruction loss: 0.0684]
2026-06-08 11:04:28,878 - INFO - epoch 373 training [time: 0.30s, train loss: 0.2298, reconstruction loss: 0.0684]
2026-06-08 11:04:29,167 - INFO - epoch 374 training [time: 0.29s, train loss: 0.2298, reconstruction loss: 0.0685]
2026-06-08 11:04:29,454 - INFO - epoch 375 training [time: 0.29s, train loss: 0.2301, reconstruction loss: 0.0685]
2026-06-08 11:04:29,736 - INFO - epoch 376 training [time: 0.28s, train loss: 0.2292, reconstruction loss: 0.0684]
2026-06-08 11:04:30,020 - INFO - epoch 377 training [time: 0.28s, train loss: 0.2298, reconstruction loss: 0.0685]
2026-06-08 11:04:30,310 - INFO - epoch 378 training [time: 0.29s, train loss: 0.2290, reconstruction loss: 0.0684]
2026-06-08 11:04:30,608 - INFO - epoch 379 training [time: 0.30s, train loss: 0.2296, reconstruction loss: 0.0684]
2026-06-08 11:04:30,882 - INFO - epoch 380 training [time: 0.27s, train loss: 0.2296, reconstruction loss: 0.0684]
2026-06-08 11:04:31,178 - INFO - epoch 381 training [time: 0.30s, train loss: 0.2299, reconstruction loss: 0.0684]
2026-06-08 11:04:31,470 - INFO - epoch 382 training [time: 0.29s, train loss: 0.2297, reconstruction loss: 0.0685]
2026-06-08 11:04:31,761 - INFO - epoch 383 training [time: 0.29s, train loss: 0.2294, reconstruction loss: 0.0684]
2026-06-08 11:04:32,054 - INFO - epoch 384 training [time: 0.29s, train loss: 0.2297, reconstruction loss: 0.0684]
2026-06-08 11:04:32,348 - INFO - epoch 385 training [time: 0.29s, train loss: 0.2299, reconstruction loss: 0.0684]
2026-06-08 11:04:32,644 - INFO - epoch 386 training [time: 0.30s, train loss: 0.2300, reconstruction loss: 0.0684]
2026-06-08 11:04:32,942 - INFO - epoch 387 training [time: 0.30s, train loss: 0.2308, reconstruction loss: 0.0684]
2026-06-08 11:04:33,228 - INFO - epoch 388 training [time: 0.29s, train loss: 0.2307, reconstruction loss: 0.0684]
2026-06-08 11:04:33,529 - INFO - epoch 389 training [time: 0.30s, train loss: 0.2302, reconstruction loss: 0.0684]
2026-06-08 11:04:33,822 - INFO - epoch 390 training [time: 0.29s, train loss: 0.2305, reconstruction loss: 0.0684]
2026-06-08 11:04:34,116 - INFO - epoch 391 training [time: 0.29s, train loss: 0.2305, reconstruction loss: 0.0685]
2026-06-08 11:04:34,408 - INFO - epoch 392 training [time: 0.29s, train loss: 0.2308, reconstruction loss: 0.0685]
2026-06-08 11:04:34,695 - INFO - epoch 393 training [time: 0.29s, train loss: 0.2302, reconstruction loss: 0.0683]
2026-06-08 11:04:34,986 - INFO - epoch 394 training [time: 0.29s, train loss: 0.2308, reconstruction loss: 0.0684]
2026-06-08 11:04:35,281 - INFO - epoch 395 training [time: 0.30s, train loss: 0.2306, reconstruction loss: 0.0684]
2026-06-08 11:04:35,570 - INFO - epoch 396 training [time: 0.29s, train loss: 0.2304, reconstruction loss: 0.0683]
2026-06-08 11:04:35,854 - INFO - epoch 397 training [time: 0.28s, train loss: 0.2307, reconstruction loss: 0.0684]
2026-06-08 11:04:36,126 - INFO - epoch 398 training [time: 0.27s, train loss: 0.2308, reconstruction loss: 0.0683]
2026-06-08 11:04:36,418 - INFO - epoch 399 training [time: 0.29s, train loss: 0.2304, reconstruction loss: 0.0683]
2026-06-08 11:04:36,611 - INFO - epoch 399 evaluating [time: 0.19s, collision_rate: 0.059553]
2026-06-08 11:04:36,617 - INFO - Saving current/home/mingyu/news_rec/Data/ckpt/Jun-08-2026_11-02-38/epoch_399_collision_0.0596_model.pth
2026-06-08 11:04:36,925 - INFO - epoch 400 training [time: 0.31s, train loss: 0.2311, reconstruction loss: 0.0683]
2026-06-08 11:04:37,214 - INFO - epoch 401 training [time: 0.29s, train loss: 0.2312, reconstruction loss: 0.0684]
2026-06-08 11:04:37,505 - INFO - epoch 402 training [time: 0.29s, train loss: 0.2306, reconstruction loss: 0.0683]
2026-06-08 11:04:37,794 - INFO - epoch 403 training [time: 0.29s, train loss: 0.2308, reconstruction loss: 0.0684]
2026-06-08 11:04:38,084 - INFO - epoch 404 training [time: 0.29s, train loss: 0.2307, reconstruction loss: 0.0684]
2026-06-08 11:04:38,367 - INFO - epoch 405 training [time: 0.28s, train loss: 0.2306, reconstruction loss: 0.0683]
2026-06-08 11:04:38,655 - INFO - epoch 406 training [time: 0.29s, train loss: 0.2306, reconstruction loss: 0.0683]
2026-06-08 11:04:38,951 - INFO - epoch 407 training [time: 0.30s, train loss: 0.2312, reconstruction loss: 0.0683]
2026-06-08 11:04:39,250 - INFO - epoch 408 training [time: 0.30s, train loss: 0.2307, reconstruction loss: 0.0683]
2026-06-08 11:04:39,541 - INFO - epoch 409 training [time: 0.29s, train loss: 0.2310, reconstruction loss: 0.0682]
2026-06-08 11:04:39,831 - INFO - epoch 410 training [time: 0.29s, train loss: 0.2307, reconstruction loss: 0.0683]
2026-06-08 11:04:40,113 - INFO - epoch 411 training [time: 0.28s, train loss: 0.2313, reconstruction loss: 0.0682]
2026-06-08 11:04:40,398 - INFO - epoch 412 training [time: 0.28s, train loss: 0.2307, reconstruction loss: 0.0683]
2026-06-08 11:04:40,694 - INFO - epoch 413 training [time: 0.30s, train loss: 0.2315, reconstruction loss: 0.0684]
2026-06-08 11:04:40,988 - INFO - epoch 414 training [time: 0.29s, train loss: 0.2309, reconstruction loss: 0.0682]
2026-06-08 11:04:41,282 - INFO - epoch 415 training [time: 0.29s, train loss: 0.2311, reconstruction loss: 0.0682]
2026-06-08 11:04:41,585 - INFO - epoch 416 training [time: 0.30s, train loss: 0.2314, reconstruction loss: 0.0683]
2026-06-08 11:04:41,869 - INFO - epoch 417 training [time: 0.28s, train loss: 0.2309, reconstruction loss: 0.0682]
2026-06-08 11:04:42,163 - INFO - epoch 418 training [time: 0.29s, train loss: 0.2314, reconstruction loss: 0.0683]
2026-06-08 11:04:42,458 - INFO - epoch 419 training [time: 0.29s, train loss: 0.2310, reconstruction loss: 0.0682]
2026-06-08 11:04:42,749 - INFO - epoch 420 training [time: 0.29s, train loss: 0.2313, reconstruction loss: 0.0683]
2026-06-08 11:04:43,043 - INFO - epoch 421 training [time: 0.29s, train loss: 0.2317, reconstruction loss: 0.0682]
2026-06-08 11:04:43,332 - INFO - epoch 422 training [time: 0.29s, train loss: 0.2311, reconstruction loss: 0.0682]
2026-06-08 11:04:43,631 - INFO - epoch 423 training [time: 0.30s, train loss: 0.2312, reconstruction loss: 0.0682]
2026-06-08 11:04:43,920 - INFO - epoch 424 training [time: 0.29s, train loss: 0.2314, reconstruction loss: 0.0682]
2026-06-08 11:04:44,207 - INFO - epoch 425 training [time: 0.29s, train loss: 0.2313, reconstruction loss: 0.0683]
2026-06-08 11:04:44,491 - INFO - epoch 426 training [time: 0.28s, train loss: 0.2312, reconstruction loss: 0.0682]
2026-06-08 11:04:44,780 - INFO - epoch 427 training [time: 0.29s, train loss: 0.2312, reconstruction loss: 0.0683]
2026-06-08 11:04:45,058 - INFO - epoch 428 training [time: 0.28s, train loss: 0.2314, reconstruction loss: 0.0682]
2026-06-08 11:04:45,341 - INFO - epoch 429 training [time: 0.28s, train loss: 0.2313, reconstruction loss: 0.0682]
2026-06-08 11:04:45,634 - INFO - epoch 430 training [time: 0.29s, train loss: 0.2313, reconstruction loss: 0.0682]
2026-06-08 11:04:45,922 - INFO - epoch 431 training [time: 0.29s, train loss: 0.2319, reconstruction loss: 0.0682]
2026-06-08 11:04:46,213 - INFO - epoch 432 training [time: 0.29s, train loss: 0.2315, reconstruction loss: 0.0682]
2026-06-08 11:04:46,506 - INFO - epoch 433 training [time: 0.29s, train loss: 0.2322, reconstruction loss: 0.0682]
2026-06-08 11:04:46,796 - INFO - epoch 434 training [time: 0.29s, train loss: 0.2317, reconstruction loss: 0.0681]
2026-06-08 11:04:47,095 - INFO - epoch 435 training [time: 0.30s, train loss: 0.2318, reconstruction loss: 0.0682]
2026-06-08 11:04:47,372 - INFO - epoch 436 training [time: 0.28s, train loss: 0.2321, reconstruction loss: 0.0681]
2026-06-08 11:04:47,659 - INFO - epoch 437 training [time: 0.29s, train loss: 0.2322, reconstruction loss: 0.0682]
2026-06-08 11:04:47,949 - INFO - epoch 438 training [time: 0.29s, train loss: 0.2319, reconstruction loss: 0.0681]
2026-06-08 11:04:48,246 - INFO - epoch 439 training [time: 0.30s, train loss: 0.2318, reconstruction loss: 0.0682]
2026-06-08 11:04:48,527 - INFO - epoch 440 training [time: 0.28s, train loss: 0.2320, reconstruction loss: 0.0682]
2026-06-08 11:04:48,808 - INFO - epoch 441 training [time: 0.28s, train loss: 0.2317, reconstruction loss: 0.0682]
2026-06-08 11:04:49,101 - INFO - epoch 442 training [time: 0.29s, train loss: 0.2325, reconstruction loss: 0.0682]
2026-06-08 11:04:49,391 - INFO - epoch 443 training [time: 0.29s, train loss: 0.2327, reconstruction loss: 0.0682]
2026-06-08 11:04:49,678 - INFO - epoch 444 training [time: 0.29s, train loss: 0.2318, reconstruction loss: 0.0682]
2026-06-08 11:04:49,975 - INFO - epoch 445 training [time: 0.30s, train loss: 0.2322, reconstruction loss: 0.0682]
2026-06-08 11:04:50,264 - INFO - epoch 446 training [time: 0.29s, train loss: 0.2320, reconstruction loss: 0.0681]
2026-06-08 11:04:50,542 - INFO - epoch 447 training [time: 0.28s, train loss: 0.2320, reconstruction loss: 0.0682]
2026-06-08 11:04:50,841 - INFO - epoch 448 training [time: 0.30s, train loss: 0.2319, reconstruction loss: 0.0682]
2026-06-08 11:04:51,118 - INFO - epoch 449 training [time: 0.28s, train loss: 0.2321, reconstruction loss: 0.0681]
2026-06-08 11:04:51,305 - INFO - epoch 449 evaluating [time: 0.19s, collision_rate: 0.061562]
2026-06-08 11:04:51,311 - INFO - Saving current/home/mingyu/news_rec/Data/ckpt/Jun-08-2026_11-02-38/epoch_449_collision_0.0616_model.pth
2026-06-08 11:04:51,600 - INFO - epoch 450 training [time: 0.29s, train loss: 0.2320, reconstruction loss: 0.0680]
2026-06-08 11:04:51,888 - INFO - epoch 451 training [time: 0.29s, train loss: 0.2325, reconstruction loss: 0.0681]
2026-06-08 11:04:52,177 - INFO - epoch 452 training [time: 0.29s, train loss: 0.2323, reconstruction loss: 0.0681]
2026-06-08 11:04:52,477 - INFO - epoch 453 training [time: 0.30s, train loss: 0.2326, reconstruction loss: 0.0682]
2026-06-08 11:04:52,767 - INFO - epoch 454 training [time: 0.29s, train loss: 0.2326, reconstruction loss: 0.0682]
2026-06-08 11:04:53,065 - INFO - epoch 455 training [time: 0.30s, train loss: 0.2325, reconstruction loss: 0.0681]
2026-06-08 11:04:53,355 - INFO - epoch 456 training [time: 0.29s, train loss: 0.2322, reconstruction loss: 0.0682]
2026-06-08 11:04:53,642 - INFO - epoch 457 training [time: 0.29s, train loss: 0.2326, reconstruction loss: 0.0682]
2026-06-08 11:04:53,930 - INFO - epoch 458 training [time: 0.29s, train loss: 0.2324, reconstruction loss: 0.0680]
2026-06-08 11:04:54,211 - INFO - epoch 459 training [time: 0.28s, train loss: 0.2326, reconstruction loss: 0.0682]
2026-06-08 11:04:54,499 - INFO - epoch 460 training [time: 0.29s, train loss: 0.2324, reconstruction loss: 0.0681]
2026-06-08 11:04:54,792 - INFO - epoch 461 training [time: 0.29s, train loss: 0.2328, reconstruction loss: 0.0682]
2026-06-08 11:04:55,087 - INFO - epoch 462 training [time: 0.29s, train loss: 0.2326, reconstruction loss: 0.0682]
2026-06-08 11:04:55,373 - INFO - epoch 463 training [time: 0.29s, train loss: 0.2324, reconstruction loss: 0.0681]
2026-06-08 11:04:55,666 - INFO - epoch 464 training [time: 0.29s, train loss: 0.2332, reconstruction loss: 0.0681]
2026-06-08 11:04:55,969 - INFO - epoch 465 training [time: 0.30s, train loss: 0.2329, reconstruction loss: 0.0681]
2026-06-08 11:04:56,260 - INFO - epoch 466 training [time: 0.29s, train loss: 0.2328, reconstruction loss: 0.0681]
2026-06-08 11:04:56,553 - INFO - epoch 467 training [time: 0.29s, train loss: 0.2330, reconstruction loss: 0.0680]
2026-06-08 11:04:56,835 - INFO - epoch 468 training [time: 0.28s, train loss: 0.2325, reconstruction loss: 0.0680]
2026-06-08 11:04:57,113 - INFO - epoch 469 training [time: 0.28s, train loss: 0.2330, reconstruction loss: 0.0681]
2026-06-08 11:04:57,403 - INFO - epoch 470 training [time: 0.29s, train loss: 0.2329, reconstruction loss: 0.0680]
2026-06-08 11:04:57,704 - INFO - epoch 471 training [time: 0.30s, train loss: 0.2328, reconstruction loss: 0.0681]
2026-06-08 11:04:57,994 - INFO - epoch 472 training [time: 0.29s, train loss: 0.2333, reconstruction loss: 0.0681]
2026-06-08 11:04:58,284 - INFO - epoch 473 training [time: 0.29s, train loss: 0.2333, reconstruction loss: 0.0681]
2026-06-08 11:04:58,578 - INFO - epoch 474 training [time: 0.29s, train loss: 0.2334, reconstruction loss: 0.0680]
2026-06-08 11:04:58,857 - INFO - epoch 475 training [time: 0.28s, train loss: 0.2335, reconstruction loss: 0.0681]
2026-06-08 11:04:59,151 - INFO - epoch 476 training [time: 0.29s, train loss: 0.2333, reconstruction loss: 0.0681]
2026-06-08 11:04:59,452 - INFO - epoch 477 training [time: 0.30s, train loss: 0.2330, reconstruction loss: 0.0680]
2026-06-08 11:04:59,729 - INFO - epoch 478 training [time: 0.28s, train loss: 0.2333, reconstruction loss: 0.0681]
2026-06-08 11:05:00,007 - INFO - epoch 479 training [time: 0.28s, train loss: 0.2333, reconstruction loss: 0.0681]
2026-06-08 11:05:00,300 - INFO - epoch 480 training [time: 0.29s, train loss: 0.2333, reconstruction loss: 0.0680]
2026-06-08 11:05:00,589 - INFO - epoch 481 training [time: 0.29s, train loss: 0.2336, reconstruction loss: 0.0680]
2026-06-08 11:05:00,879 - INFO - epoch 482 training [time: 0.29s, train loss: 0.2336, reconstruction loss: 0.0681]
2026-06-08 11:05:01,168 - INFO - epoch 483 training [time: 0.29s, train loss: 0.2336, reconstruction loss: 0.0680]
2026-06-08 11:05:01,458 - INFO - epoch 484 training [time: 0.29s, train loss: 0.2331, reconstruction loss: 0.0680]
2026-06-08 11:05:01,749 - INFO - epoch 485 training [time: 0.29s, train loss: 0.2339, reconstruction loss: 0.0681]
2026-06-08 11:05:02,035 - INFO - epoch 486 training [time: 0.29s, train loss: 0.2342, reconstruction loss: 0.0680]
2026-06-08 11:05:02,328 - INFO - epoch 487 training [time: 0.29s, train loss: 0.2339, reconstruction loss: 0.0680]
2026-06-08 11:05:02,622 - INFO - epoch 488 training [time: 0.29s, train loss: 0.2339, reconstruction loss: 0.0680]
2026-06-08 11:05:02,903 - INFO - epoch 489 training [time: 0.28s, train loss: 0.2337, reconstruction loss: 0.0680]
2026-06-08 11:05:03,198 - INFO - epoch 490 training [time: 0.30s, train loss: 0.2338, reconstruction loss: 0.0681]
2026-06-08 11:05:03,497 - INFO - epoch 491 training [time: 0.30s, train loss: 0.2342, reconstruction loss: 0.0680]
2026-06-08 11:05:03,772 - INFO - epoch 492 training [time: 0.27s, train loss: 0.2340, reconstruction loss: 0.0680]
2026-06-08 11:05:04,064 - INFO - epoch 493 training [time: 0.29s, train loss: 0.2339, reconstruction loss: 0.0680]
2026-06-08 11:05:04,356 - INFO - epoch 494 training [time: 0.29s, train loss: 0.2334, reconstruction loss: 0.0680]
2026-06-08 11:05:04,651 - INFO - epoch 495 training [time: 0.29s, train loss: 0.2335, reconstruction loss: 0.0680]
2026-06-08 11:05:04,939 - INFO - epoch 496 training [time: 0.29s, train loss: 0.2339, reconstruction loss: 0.0680]
2026-06-08 11:05:05,228 - INFO - epoch 497 training [time: 0.29s, train loss: 0.2338, reconstruction loss: 0.0680]
2026-06-08 11:05:05,523 - INFO - epoch 498 training [time: 0.29s, train loss: 0.2336, reconstruction loss: 0.0680]
2026-06-08 11:05:05,818 - INFO - epoch 499 training [time: 0.30s, train loss: 0.2336, reconstruction loss: 0.0679]
2026-06-08 11:05:06,001 - INFO - epoch 499 evaluating [time: 0.18s, collision_rate: 0.062127]
2026-06-08 11:05:06,007 - INFO - Saving current/home/mingyu/news_rec/Data/ckpt/Jun-08-2026_11-02-38/epoch_499_collision_0.0621_model.pth
2026-06-08 11:05:06,304 - INFO - epoch 500 training [time: 0.30s, train loss: 0.2337, reconstruction loss: 0.0680]
2026-06-08 11:05:06,582 - INFO - epoch 501 training [time: 0.28s, train loss: 0.2341, reconstruction loss: 0.0679]
2026-06-08 11:05:06,870 - INFO - epoch 502 training [time: 0.29s, train loss: 0.2335, reconstruction loss: 0.0680]
2026-06-08 11:05:07,158 - INFO - epoch 503 training [time: 0.29s, train loss: 0.2337, reconstruction loss: 0.0680]
2026-06-08 11:05:07,459 - INFO - epoch 504 training [time: 0.30s, train loss: 0.2338, reconstruction loss: 0.0680]
2026-06-08 11:05:07,754 - INFO - epoch 505 training [time: 0.29s, train loss: 0.2337, reconstruction loss: 0.0679]
2026-06-08 11:05:08,035 - INFO - epoch 506 training [time: 0.28s, train loss: 0.2345, reconstruction loss: 0.0680]
2026-06-08 11:05:08,329 - INFO - epoch 507 training [time: 0.29s, train loss: 0.2339, reconstruction loss: 0.0679]
2026-06-08 11:05:08,619 - INFO - epoch 508 training [time: 0.29s, train loss: 0.2339, reconstruction loss: 0.0679]
2026-06-08 11:05:08,909 - INFO - epoch 509 training [time: 0.29s, train loss: 0.2341, reconstruction loss: 0.0680]
2026-06-08 11:05:09,195 - INFO - epoch 510 training [time: 0.29s, train loss: 0.2340, reconstruction loss: 0.0679]
2026-06-08 11:05:09,486 - INFO - epoch 511 training [time: 0.29s, train loss: 0.2342, reconstruction loss: 0.0681]
2026-06-08 11:05:09,771 - INFO - epoch 512 training [time: 0.29s, train loss: 0.2343, reconstruction loss: 0.0679]
2026-06-08 11:05:10,065 - INFO - epoch 513 training [time: 0.29s, train loss: 0.2347, reconstruction loss: 0.0679]
2026-06-08 11:05:10,361 - INFO - epoch 514 training [time: 0.30s, train loss: 0.2344, reconstruction loss: 0.0680]
2026-06-08 11:05:10,658 - INFO - epoch 515 training [time: 0.30s, train loss: 0.2348, reconstruction loss: 0.0679]
2026-06-08 11:05:10,941 - INFO - epoch 516 training [time: 0.28s, train loss: 0.2343, reconstruction loss: 0.0679]
2026-06-08 11:05:11,243 - INFO - epoch 517 training [time: 0.30s, train loss: 0.2339, reconstruction loss: 0.0678]
2026-06-08 11:05:11,542 - INFO - epoch 518 training [time: 0.30s, train loss: 0.2342, reconstruction loss: 0.0679]
2026-06-08 11:05:11,837 - INFO - epoch 519 training [time: 0.30s, train loss: 0.2340, reconstruction loss: 0.0679]
2026-06-08 11:05:12,129 - INFO - epoch 520 training [time: 0.29s, train loss: 0.2343, reconstruction loss: 0.0679]
2026-06-08 11:05:12,425 - INFO - epoch 521 training [time: 0.30s, train loss: 0.2343, reconstruction loss: 0.0679]
2026-06-08 11:05:12,728 - INFO - epoch 522 training [time: 0.30s, train loss: 0.2339, reconstruction loss: 0.0679]
2026-06-08 11:05:13,014 - INFO - epoch 523 training [time: 0.29s, train loss: 0.2340, reconstruction loss: 0.0679]
2026-06-08 11:05:13,301 - INFO - epoch 524 training [time: 0.29s, train loss: 0.2341, reconstruction loss: 0.0679]
2026-06-08 11:05:13,590 - INFO - epoch 525 training [time: 0.29s, train loss: 0.2345, reconstruction loss: 0.0678]
2026-06-08 11:05:13,865 - INFO - epoch 526 training [time: 0.27s, train loss: 0.2344, reconstruction loss: 0.0679]
2026-06-08 11:05:14,142 - INFO - epoch 527 training [time: 0.28s, train loss: 0.2343, reconstruction loss: 0.0679]
2026-06-08 11:05:14,434 - INFO - epoch 528 training [time: 0.29s, train loss: 0.2347, reconstruction loss: 0.0679]
2026-06-08 11:05:14,725 - INFO - epoch 529 training [time: 0.29s, train loss: 0.2344, reconstruction loss: 0.0679]
2026-06-08 11:05:15,022 - INFO - epoch 530 training [time: 0.30s, train loss: 0.2352, reconstruction loss: 0.0680]
2026-06-08 11:05:15,301 - INFO - epoch 531 training [time: 0.28s, train loss: 0.2347, reconstruction loss: 0.0679]
2026-06-08 11:05:15,593 - INFO - epoch 532 training [time: 0.29s, train loss: 0.2350, reconstruction loss: 0.0678]
2026-06-08 11:05:15,893 - INFO - epoch 533 training [time: 0.30s, train loss: 0.2345, reconstruction loss: 0.0679]
2026-06-08 11:05:16,182 - INFO - epoch 534 training [time: 0.29s, train loss: 0.2351, reconstruction loss: 0.0679]
2026-06-08 11:05:16,477 - INFO - epoch 535 training [time: 0.30s, train loss: 0.2347, reconstruction loss: 0.0679]
2026-06-08 11:05:16,764 - INFO - epoch 536 training [time: 0.29s, train loss: 0.2351, reconstruction loss: 0.0679]
2026-06-08 11:05:17,062 - INFO - epoch 537 training [time: 0.30s, train loss: 0.2350, reconstruction loss: 0.0679]
2026-06-08 11:05:17,352 - INFO - epoch 538 training [time: 0.29s, train loss: 0.2345, reconstruction loss: 0.0679]
2026-06-08 11:05:17,632 - INFO - epoch 539 training [time: 0.28s, train loss: 0.2350, reconstruction loss: 0.0678]
2026-06-08 11:05:17,923 - INFO - epoch 540 training [time: 0.29s, train loss: 0.2345, reconstruction loss: 0.0678]
2026-06-08 11:05:18,215 - INFO - epoch 541 training [time: 0.29s, train loss: 0.2349, reconstruction loss: 0.0678]
2026-06-08 11:05:18,517 - INFO - epoch 542 training [time: 0.30s, train loss: 0.2354, reconstruction loss: 0.0679]
2026-06-08 11:05:18,806 - INFO - epoch 543 training [time: 0.29s, train loss: 0.2341, reconstruction loss: 0.0678]
2026-06-08 11:05:19,099 - INFO - epoch 544 training [time: 0.29s, train loss: 0.2347, reconstruction loss: 0.0678]
2026-06-08 11:05:19,387 - INFO - epoch 545 training [time: 0.29s, train loss: 0.2352, reconstruction loss: 0.0678]
2026-06-08 11:05:19,665 - INFO - epoch 546 training [time: 0.28s, train loss: 0.2346, reconstruction loss: 0.0678]
2026-06-08 11:05:19,959 - INFO - epoch 547 training [time: 0.29s, train loss: 0.2355, reconstruction loss: 0.0678]
2026-06-08 11:05:20,238 - INFO - epoch 548 training [time: 0.28s, train loss: 0.2345, reconstruction loss: 0.0678]
2026-06-08 11:05:20,526 - INFO - epoch 549 training [time: 0.29s, train loss: 0.2352, reconstruction loss: 0.0678]
2026-06-08 11:05:20,709 - INFO - epoch 549 evaluating [time: 0.18s, collision_rate: 0.062927]
2026-06-08 11:05:20,714 - INFO - Saving current/home/mingyu/news_rec/Data/ckpt/Jun-08-2026_11-02-38/epoch_549_collision_0.0629_model.pth
2026-06-08 11:05:21,000 - INFO - epoch 550 training [time: 0.29s, train loss: 0.2350, reconstruction loss: 0.0678]
2026-06-08 11:05:21,294 - INFO - epoch 551 training [time: 0.29s, train loss: 0.2349, reconstruction loss: 0.0678]
2026-06-08 11:05:21,584 - INFO - epoch 552 training [time: 0.29s, train loss: 0.2353, reconstruction loss: 0.0679]
2026-06-08 11:05:21,882 - INFO - epoch 553 training [time: 0.30s, train loss: 0.2355, reconstruction loss: 0.0678]
2026-06-08 11:05:22,180 - INFO - epoch 554 training [time: 0.30s, train loss: 0.2350, reconstruction loss: 0.0678]
2026-06-08 11:05:22,460 - INFO - epoch 555 training [time: 0.28s, train loss: 0.2353, reconstruction loss: 0.0678]
2026-06-08 11:05:22,753 - INFO - epoch 556 training [time: 0.29s, train loss: 0.2352, reconstruction loss: 0.0677]
2026-06-08 11:05:23,055 - INFO - epoch 557 training [time: 0.30s, train loss: 0.2352, reconstruction loss: 0.0678]
2026-06-08 11:05:23,352 - INFO - epoch 558 training [time: 0.30s, train loss: 0.2356, reconstruction loss: 0.0678]
2026-06-08 11:05:23,652 - INFO - epoch 559 training [time: 0.30s, train loss: 0.2350, reconstruction loss: 0.0677]
2026-06-08 11:05:23,948 - INFO - epoch 560 training [time: 0.30s, train loss: 0.2356, reconstruction loss: 0.0678]
2026-06-08 11:05:24,234 - INFO - epoch 561 training [time: 0.29s, train loss: 0.2361, reconstruction loss: 0.0678]
2026-06-08 11:05:24,526 - INFO - epoch 562 training [time: 0.29s, train loss: 0.2351, reconstruction loss: 0.0677]
2026-06-08 11:05:24,823 - INFO - epoch 563 training [time: 0.30s, train loss: 0.2357, reconstruction loss: 0.0678]
2026-06-08 11:05:25,116 - INFO - epoch 564 training [time: 0.29s, train loss: 0.2360, reconstruction loss: 0.0678]
2026-06-08 11:05:25,410 - INFO - epoch 565 training [time: 0.29s, train loss: 0.2357, reconstruction loss: 0.0678]
2026-06-08 11:05:25,703 - INFO - epoch 566 training [time: 0.29s, train loss: 0.2356, reconstruction loss: 0.0677]
2026-06-08 11:05:25,990 - INFO - epoch 567 training [time: 0.29s, train loss: 0.2354, reconstruction loss: 0.0679]
2026-06-08 11:05:26,284 - INFO - epoch 568 training [time: 0.29s, train loss: 0.2358, reconstruction loss: 0.0678]
2026-06-08 11:05:26,579 - INFO - epoch 569 training [time: 0.29s, train loss: 0.2354, reconstruction loss: 0.0678]
2026-06-08 11:05:26,876 - INFO - epoch 570 training [time: 0.30s, train loss: 0.2353, reconstruction loss: 0.0677]
2026-06-08 11:05:27,163 - INFO - epoch 571 training [time: 0.29s, train loss: 0.2360, reconstruction loss: 0.0678]
2026-06-08 11:05:27,448 - INFO - epoch 572 training [time: 0.28s, train loss: 0.2354, reconstruction loss: 0.0677]
2026-06-08 11:05:27,737 - INFO - epoch 573 training [time: 0.29s, train loss: 0.2353, reconstruction loss: 0.0678]
2026-06-08 11:05:28,028 - INFO - epoch 574 training [time: 0.29s, train loss: 0.2355, reconstruction loss: 0.0677]
2026-06-08 11:05:28,321 - INFO - epoch 575 training [time: 0.29s, train loss: 0.2354, reconstruction loss: 0.0677]
2026-06-08 11:05:28,607 - INFO - epoch 576 training [time: 0.29s, train loss: 0.2356, reconstruction loss: 0.0678]
2026-06-08 11:05:28,899 - INFO - epoch 577 training [time: 0.29s, train loss: 0.2356, reconstruction loss: 0.0677]
2026-06-08 11:05:29,191 - INFO - epoch 578 training [time: 0.29s, train loss: 0.2356, reconstruction loss: 0.0677]
2026-06-08 11:05:29,492 - INFO - epoch 579 training [time: 0.30s, train loss: 0.2360, reconstruction loss: 0.0677]
2026-06-08 11:05:29,781 - INFO - epoch 580 training [time: 0.29s, train loss: 0.2361, reconstruction loss: 0.0677]
2026-06-08 11:05:30,070 - INFO - epoch 581 training [time: 0.29s, train loss: 0.2358, reconstruction loss: 0.0677]
2026-06-08 11:05:30,361 - INFO - epoch 582 training [time: 0.29s, train loss: 0.2359, reconstruction loss: 0.0678]
2026-06-08 11:05:30,650 - INFO - epoch 583 training [time: 0.29s, train loss: 0.2363, reconstruction loss: 0.0678]
2026-06-08 11:05:30,938 - INFO - epoch 584 training [time: 0.29s, train loss: 0.2357, reconstruction loss: 0.0678]
2026-06-08 11:05:31,228 - INFO - epoch 585 training [time: 0.29s, train loss: 0.2359, reconstruction loss: 0.0677]
2026-06-08 11:05:31,510 - INFO - epoch 586 training [time: 0.28s, train loss: 0.2360, reconstruction loss: 0.0677]
2026-06-08 11:05:31,803 - INFO - epoch 587 training [time: 0.29s, train loss: 0.2361, reconstruction loss: 0.0677]
2026-06-08 11:05:32,095 - INFO - epoch 588 training [time: 0.29s, train loss: 0.2358, reconstruction loss: 0.0677]
2026-06-08 11:05:32,389 - INFO - epoch 589 training [time: 0.29s, train loss: 0.2360, reconstruction loss: 0.0677]
2026-06-08 11:05:32,680 - INFO - epoch 590 training [time: 0.29s, train loss: 0.2360, reconstruction loss: 0.0678]
2026-06-08 11:05:32,971 - INFO - epoch 591 training [time: 0.29s, train loss: 0.2367, reconstruction loss: 0.0677]
2026-06-08 11:05:33,260 - INFO - epoch 592 training [time: 0.29s, train loss: 0.2360, reconstruction loss: 0.0677]
2026-06-08 11:05:33,549 - INFO - epoch 593 training [time: 0.29s, train loss: 0.2367, reconstruction loss: 0.0677]
2026-06-08 11:05:33,839 - INFO - epoch 594 training [time: 0.29s, train loss: 0.2362, reconstruction loss: 0.0677]
2026-06-08 11:05:34,123 - INFO - epoch 595 training [time: 0.28s, train loss: 0.2367, reconstruction loss: 0.0677]
2026-06-08 11:05:34,406 - INFO - epoch 596 training [time: 0.28s, train loss: 0.2363, reconstruction loss: 0.0676]
2026-06-08 11:05:34,709 - INFO - epoch 597 training [time: 0.30s, train loss: 0.2364, reconstruction loss: 0.0677]
2026-06-08 11:05:34,990 - INFO - epoch 598 training [time: 0.28s, train loss: 0.2366, reconstruction loss: 0.0677]
2026-06-08 11:05:35,273 - INFO - epoch 599 training [time: 0.28s, train loss: 0.2360, reconstruction loss: 0.0676]
2026-06-08 11:05:35,462 - INFO - epoch 599 evaluating [time: 0.19s, collision_rate: 0.063161]
2026-06-08 11:05:35,468 - INFO - Saving current/home/mingyu/news_rec/Data/ckpt/Jun-08-2026_11-02-38/epoch_599_collision_0.0632_model.pth
2026-06-08 11:05:35,760 - INFO - epoch 600 training [time: 0.29s, train loss: 0.2360, reconstruction loss: 0.0676]
2026-06-08 11:05:36,041 - INFO - epoch 601 training [time: 0.28s, train loss: 0.2367, reconstruction loss: 0.0676]
2026-06-08 11:05:36,324 - INFO - epoch 602 training [time: 0.28s, train loss: 0.2363, reconstruction loss: 0.0677]
2026-06-08 11:05:36,612 - INFO - epoch 603 training [time: 0.29s, train loss: 0.2365, reconstruction loss: 0.0676]
2026-06-08 11:05:36,906 - INFO - epoch 604 training [time: 0.29s, train loss: 0.2362, reconstruction loss: 0.0677]
2026-06-08 11:05:37,199 - INFO - epoch 605 training [time: 0.29s, train loss: 0.2369, reconstruction loss: 0.0678]
2026-06-08 11:05:37,490 - INFO - epoch 606 training [time: 0.29s, train loss: 0.2370, reconstruction loss: 0.0677]
2026-06-08 11:05:37,783 - INFO - epoch 607 training [time: 0.29s, train loss: 0.2370, reconstruction loss: 0.0678]
2026-06-08 11:05:38,076 - INFO - epoch 608 training [time: 0.29s, train loss: 0.2372, reconstruction loss: 0.0677]
2026-06-08 11:05:38,367 - INFO - epoch 609 training [time: 0.29s, train loss: 0.2365, reconstruction loss: 0.0677]
2026-06-08 11:05:38,655 - INFO - epoch 610 training [time: 0.29s, train loss: 0.2370, reconstruction loss: 0.0677]
2026-06-08 11:05:38,938 - INFO - epoch 611 training [time: 0.28s, train loss: 0.2362, reconstruction loss: 0.0677]
2026-06-08 11:05:39,227 - INFO - epoch 612 training [time: 0.29s, train loss: 0.2364, reconstruction loss: 0.0676]
2026-06-08 11:05:39,513 - INFO - epoch 613 training [time: 0.29s, train loss: 0.2363, reconstruction loss: 0.0677]
2026-06-08 11:05:39,809 - INFO - epoch 614 training [time: 0.30s, train loss: 0.2368, reconstruction loss: 0.0677]
2026-06-08 11:05:40,100 - INFO - epoch 615 training [time: 0.29s, train loss: 0.2364, reconstruction loss: 0.0677]
2026-06-08 11:05:40,388 - INFO - epoch 616 training [time: 0.29s, train loss: 0.2370, reconstruction loss: 0.0677]
2026-06-08 11:05:40,675 - INFO - epoch 617 training [time: 0.29s, train loss: 0.2371, reconstruction loss: 0.0677]
2026-06-08 11:05:40,966 - INFO - epoch 618 training [time: 0.29s, train loss: 0.2368, reconstruction loss: 0.0677]
2026-06-08 11:05:41,255 - INFO - epoch 619 training [time: 0.29s, train loss: 0.2363, reconstruction loss: 0.0676]
2026-06-08 11:05:41,546 - INFO - epoch 620 training [time: 0.29s, train loss: 0.2372, reconstruction loss: 0.0676]
2026-06-08 11:05:41,833 - INFO - epoch 621 training [time: 0.29s, train loss: 0.2370, reconstruction loss: 0.0676]
2026-06-08 11:05:42,114 - INFO - epoch 622 training [time: 0.28s, train loss: 0.2368, reconstruction loss: 0.0677]
2026-06-08 11:05:42,406 - INFO - epoch 623 training [time: 0.29s, train loss: 0.2371, reconstruction loss: 0.0677]
2026-06-08 11:05:42,689 - INFO - epoch 624 training [time: 0.28s, train loss: 0.2370, reconstruction loss: 0.0676]
2026-06-08 11:05:42,976 - INFO - epoch 625 training [time: 0.29s, train loss: 0.2366, reconstruction loss: 0.0676]
2026-06-08 11:05:43,258 - INFO - epoch 626 training [time: 0.28s, train loss: 0.2367, reconstruction loss: 0.0677]
2026-06-08 11:05:43,554 - INFO - epoch 627 training [time: 0.30s, train loss: 0.2366, reconstruction loss: 0.0676]
2026-06-08 11:05:43,852 - INFO - epoch 628 training [time: 0.30s, train loss: 0.2365, reconstruction loss: 0.0676]
2026-06-08 11:05:44,146 - INFO - epoch 629 training [time: 0.29s, train loss: 0.2373, reconstruction loss: 0.0676]
2026-06-08 11:05:44,429 - INFO - epoch 630 training [time: 0.28s, train loss: 0.2368, reconstruction loss: 0.0676]
2026-06-08 11:05:44,723 - INFO - epoch 631 training [time: 0.29s, train loss: 0.2371, reconstruction loss: 0.0677]
2026-06-08 11:05:45,010 - INFO - epoch 632 training [time: 0.29s, train loss: 0.2371, reconstruction loss: 0.0676]
2026-06-08 11:05:45,303 - INFO - epoch 633 training [time: 0.29s, train loss: 0.2370, reconstruction loss: 0.0676]
2026-06-08 11:05:45,586 - INFO - epoch 634 training [time: 0.28s, train loss: 0.2372, reconstruction loss: 0.0677]
2026-06-08 11:05:45,881 - INFO - epoch 635 training [time: 0.29s, train loss: 0.2375, reconstruction loss: 0.0676]
2026-06-08 11:05:46,176 - INFO - epoch 636 training [time: 0.29s, train loss: 0.2370, reconstruction loss: 0.0676]
2026-06-08 11:05:46,466 - INFO - epoch 637 training [time: 0.29s, train loss: 0.2368, reconstruction loss: 0.0676]
2026-06-08 11:05:46,745 - INFO - epoch 638 training [time: 0.28s, train loss: 0.2372, reconstruction loss: 0.0677]
2026-06-08 11:05:47,046 - INFO - epoch 639 training [time: 0.30s, train loss: 0.2369, reconstruction loss: 0.0676]
2026-06-08 11:05:47,339 - INFO - epoch 640 training [time: 0.29s, train loss: 0.2374, reconstruction loss: 0.0676]
2026-06-08 11:05:47,634 - INFO - epoch 641 training [time: 0.29s, train loss: 0.2369, reconstruction loss: 0.0676]
2026-06-08 11:05:47,926 - INFO - epoch 642 training [time: 0.29s, train loss: 0.2376, reconstruction loss: 0.0677]
2026-06-08 11:05:48,208 - INFO - epoch 643 training [time: 0.28s, train loss: 0.2375, reconstruction loss: 0.0677]
2026-06-08 11:05:48,500 - INFO - epoch 644 training [time: 0.29s, train loss: 0.2370, reconstruction loss: 0.0675]
2026-06-08 11:05:48,793 - INFO - epoch 645 training [time: 0.29s, train loss: 0.2373, reconstruction loss: 0.0676]
2026-06-08 11:05:49,080 - INFO - epoch 646 training [time: 0.29s, train loss: 0.2375, reconstruction loss: 0.0676]
2026-06-08 11:05:49,371 - INFO - epoch 647 training [time: 0.29s, train loss: 0.2374, reconstruction loss: 0.0676]
2026-06-08 11:05:49,669 - INFO - epoch 648 training [time: 0.30s, train loss: 0.2375, reconstruction loss: 0.0676]
2026-06-08 11:05:49,957 - INFO - epoch 649 training [time: 0.29s, train loss: 0.2377, reconstruction loss: 0.0677]
2026-06-08 11:05:50,149 - INFO - epoch 649 evaluating [time: 0.19s, collision_rate: 0.062069]
2026-06-08 11:05:50,155 - INFO - Saving current/home/mingyu/news_rec/Data/ckpt/Jun-08-2026_11-02-38/epoch_649_collision_0.0621_model.pth
2026-06-08 11:05:50,447 - INFO - epoch 650 training [time: 0.29s, train loss: 0.2373, reconstruction loss: 0.0675]
2026-06-08 11:05:50,728 - INFO - epoch 651 training [time: 0.28s, train loss: 0.2377, reconstruction loss: 0.0676]
2026-06-08 11:05:51,021 - INFO - epoch 652 training [time: 0.29s, train loss: 0.2375, reconstruction loss: 0.0676]
2026-06-08 11:05:51,308 - INFO - epoch 653 training [time: 0.29s, train loss: 0.2373, reconstruction loss: 0.0676]
2026-06-08 11:05:51,601 - INFO - epoch 654 training [time: 0.29s, train loss: 0.2375, reconstruction loss: 0.0676]
2026-06-08 11:05:51,891 - INFO - epoch 655 training [time: 0.29s, train loss: 0.2377, reconstruction loss: 0.0676]
2026-06-08 11:05:52,198 - INFO - epoch 656 training [time: 0.31s, train loss: 0.2374, reconstruction loss: 0.0676]
2026-06-08 11:05:52,484 - INFO - epoch 657 training [time: 0.29s, train loss: 0.2375, reconstruction loss: 0.0675]
2026-06-08 11:05:52,777 - INFO - epoch 658 training [time: 0.29s, train loss: 0.2372, reconstruction loss: 0.0675]
2026-06-08 11:05:53,070 - INFO - epoch 659 training [time: 0.29s, train loss: 0.2374, reconstruction loss: 0.0675]
2026-06-08 11:05:53,373 - INFO - epoch 660 training [time: 0.30s, train loss: 0.2379, reconstruction loss: 0.0676]
2026-06-08 11:05:53,660 - INFO - epoch 661 training [time: 0.29s, train loss: 0.2377, reconstruction loss: 0.0676]
2026-06-08 11:05:53,948 - INFO - epoch 662 training [time: 0.29s, train loss: 0.2377, reconstruction loss: 0.0676]
2026-06-08 11:05:54,248 - INFO - epoch 663 training [time: 0.30s, train loss: 0.2373, reconstruction loss: 0.0675]
2026-06-08 11:05:54,548 - INFO - epoch 664 training [time: 0.30s, train loss: 0.2382, reconstruction loss: 0.0675]
2026-06-08 11:05:54,831 - INFO - epoch 665 training [time: 0.28s, train loss: 0.2381, reconstruction loss: 0.0676]
2026-06-08 11:05:55,123 - INFO - epoch 666 training [time: 0.29s, train loss: 0.2380, reconstruction loss: 0.0676]
2026-06-08 11:05:55,426 - INFO - epoch 667 training [time: 0.30s, train loss: 0.2378, reconstruction loss: 0.0676]
2026-06-08 11:05:55,706 - INFO - epoch 668 training [time: 0.28s, train loss: 0.2382, reconstruction loss: 0.0676]
2026-06-08 11:05:55,987 - INFO - epoch 669 training [time: 0.28s, train loss: 0.2376, reconstruction loss: 0.0675]
2026-06-08 11:05:56,272 - INFO - epoch 670 training [time: 0.28s, train loss: 0.2377, reconstruction loss: 0.0676]
2026-06-08 11:05:56,570 - INFO - epoch 671 training [time: 0.30s, train loss: 0.2376, reconstruction loss: 0.0675]
2026-06-08 11:05:56,867 - INFO - epoch 672 training [time: 0.30s, train loss: 0.2377, reconstruction loss: 0.0675]
2026-06-08 11:05:57,161 - INFO - epoch 673 training [time: 0.29s, train loss: 0.2379, reconstruction loss: 0.0675]
2026-06-08 11:05:57,451 - INFO - epoch 674 training [time: 0.29s, train loss: 0.2381, reconstruction loss: 0.0676]
2026-06-08 11:05:57,743 - INFO - epoch 675 training [time: 0.29s, train loss: 0.2372, reconstruction loss: 0.0676]
2026-06-08 11:05:58,035 - INFO - epoch 676 training [time: 0.29s, train loss: 0.2380, reconstruction loss: 0.0676]
2026-06-08 11:05:58,326 - INFO - epoch 677 training [time: 0.29s, train loss: 0.2375, reconstruction loss: 0.0676]
2026-06-08 11:05:58,608 - INFO - epoch 678 training [time: 0.28s, train loss: 0.2378, reconstruction loss: 0.0676]
2026-06-08 11:05:58,903 - INFO - epoch 679 training [time: 0.29s, train loss: 0.2382, reconstruction loss: 0.0676]
2026-06-08 11:05:59,192 - INFO - epoch 680 training [time: 0.29s, train loss: 0.2379, reconstruction loss: 0.0675]
2026-06-08 11:05:59,486 - INFO - epoch 681 training [time: 0.29s, train loss: 0.2376, reconstruction loss: 0.0675]
2026-06-08 11:05:59,779 - INFO - epoch 682 training [time: 0.29s, train loss: 0.2376, reconstruction loss: 0.0676]
2026-06-08 11:06:00,076 - INFO - epoch 683 training [time: 0.30s, train loss: 0.2376, reconstruction loss: 0.0675]
2026-06-08 11:06:00,370 - INFO - epoch 684 training [time: 0.29s, train loss: 0.2375, reconstruction loss: 0.0675]
2026-06-08 11:06:00,662 - INFO - epoch 685 training [time: 0.29s, train loss: 0.2380, reconstruction loss: 0.0675]
2026-06-08 11:06:00,958 - INFO - epoch 686 training [time: 0.30s, train loss: 0.2379, reconstruction loss: 0.0675]
2026-06-08 11:06:01,255 - INFO - epoch 687 training [time: 0.30s, train loss: 0.2381, reconstruction loss: 0.0676]
2026-06-08 11:06:01,548 - INFO - epoch 688 training [time: 0.29s, train loss: 0.2381, reconstruction loss: 0.0675]
2026-06-08 11:06:01,845 - INFO - epoch 689 training [time: 0.30s, train loss: 0.2376, reconstruction loss: 0.0675]
2026-06-08 11:06:02,139 - INFO - epoch 690 training [time: 0.29s, train loss: 0.2382, reconstruction loss: 0.0675]
2026-06-08 11:06:02,439 - INFO - epoch 691 training [time: 0.30s, train loss: 0.2381, reconstruction loss: 0.0675]
2026-06-08 11:06:02,722 - INFO - epoch 692 training [time: 0.28s, train loss: 0.2378, reconstruction loss: 0.0675]
2026-06-08 11:06:03,008 - INFO - epoch 693 training [time: 0.29s, train loss: 0.2380, reconstruction loss: 0.0675]
2026-06-08 11:06:03,291 - INFO - epoch 694 training [time: 0.28s, train loss: 0.2375, reconstruction loss: 0.0674]
2026-06-08 11:06:03,587 - INFO - epoch 695 training [time: 0.30s, train loss: 0.2382, reconstruction loss: 0.0675]
2026-06-08 11:06:03,871 - INFO - epoch 696 training [time: 0.28s, train loss: 0.2383, reconstruction loss: 0.0674]
2026-06-08 11:06:04,172 - INFO - epoch 697 training [time: 0.30s, train loss: 0.2382, reconstruction loss: 0.0675]
2026-06-08 11:06:04,467 - INFO - epoch 698 training [time: 0.29s, train loss: 0.2377, reconstruction loss: 0.0675]
2026-06-08 11:06:04,760 - INFO - epoch 699 training [time: 0.29s, train loss: 0.2374, reconstruction loss: 0.0674]
2026-06-08 11:06:04,936 - INFO - epoch 699 evaluating [time: 0.18s, collision_rate: 0.063395]
2026-06-08 11:06:04,941 - INFO - Saving current/home/mingyu/news_rec/Data/ckpt/Jun-08-2026_11-02-38/epoch_699_collision_0.0634_model.pth
2026-06-08 11:06:05,235 - INFO - epoch 700 training [time: 0.29s, train loss: 0.2379, reconstruction loss: 0.0675]
2026-06-08 11:06:05,533 - INFO - epoch 701 training [time: 0.30s, train loss: 0.2378, reconstruction loss: 0.0674]
2026-06-08 11:06:05,823 - INFO - epoch 702 training [time: 0.29s, train loss: 0.2382, reconstruction loss: 0.0674]
2026-06-08 11:06:06,118 - INFO - epoch 703 training [time: 0.29s, train loss: 0.2381, reconstruction loss: 0.0675]
2026-06-08 11:06:06,420 - INFO - epoch 704 training [time: 0.30s, train loss: 0.2384, reconstruction loss: 0.0675]
2026-06-08 11:06:06,718 - INFO - epoch 705 training [time: 0.30s, train loss: 0.2386, reconstruction loss: 0.0675]
2026-06-08 11:06:07,018 - INFO - epoch 706 training [time: 0.30s, train loss: 0.2383, reconstruction loss: 0.0674]
2026-06-08 11:06:07,309 - INFO - epoch 707 training [time: 0.29s, train loss: 0.2386, reconstruction loss: 0.0675]
2026-06-08 11:06:07,605 - INFO - epoch 708 training [time: 0.30s, train loss: 0.2382, reconstruction loss: 0.0675]
2026-06-08 11:06:07,897 - INFO - epoch 709 training [time: 0.29s, train loss: 0.2380, reconstruction loss: 0.0674]
2026-06-08 11:06:08,190 - INFO - epoch 710 training [time: 0.29s, train loss: 0.2380, reconstruction loss: 0.0675]
2026-06-08 11:06:08,484 - INFO - epoch 711 training [time: 0.29s, train loss: 0.2385, reconstruction loss: 0.0674]
2026-06-08 11:06:08,772 - INFO - epoch 712 training [time: 0.29s, train loss: 0.2388, reconstruction loss: 0.0675]
2026-06-08 11:06:09,058 - INFO - epoch 713 training [time: 0.29s, train loss: 0.2384, reconstruction loss: 0.0674]
2026-06-08 11:06:09,350 - INFO - epoch 714 training [time: 0.29s, train loss: 0.2386, reconstruction loss: 0.0674]
2026-06-08 11:06:09,624 - INFO - epoch 715 training [time: 0.27s, train loss: 0.2390, reconstruction loss: 0.0674]
2026-06-08 11:06:09,916 - INFO - epoch 716 training [time: 0.29s, train loss: 0.2392, reconstruction loss: 0.0674]
2026-06-08 11:06:10,211 - INFO - epoch 717 training [time: 0.29s, train loss: 0.2388, reconstruction loss: 0.0674]
2026-06-08 11:06:10,505 - INFO - epoch 718 training [time: 0.29s, train loss: 0.2393, reconstruction loss: 0.0674]
2026-06-08 11:06:10,795 - INFO - epoch 719 training [time: 0.29s, train loss: 0.2389, reconstruction loss: 0.0674]
2026-06-08 11:06:11,093 - INFO - epoch 720 training [time: 0.30s, train loss: 0.2388, reconstruction loss: 0.0675]
2026-06-08 11:06:11,382 - INFO - epoch 721 training [time: 0.29s, train loss: 0.2391, reconstruction loss: 0.0675]
2026-06-08 11:06:11,685 - INFO - epoch 722 training [time: 0.30s, train loss: 0.2387, reconstruction loss: 0.0675]
2026-06-08 11:06:11,983 - INFO - epoch 723 training [time: 0.30s, train loss: 0.2393, reconstruction loss: 0.0674]
2026-06-08 11:06:12,284 - INFO - epoch 724 training [time: 0.30s, train loss: 0.2391, reconstruction loss: 0.0675]
2026-06-08 11:06:12,578 - INFO - epoch 725 training [time: 0.29s, train loss: 0.2389, reconstruction loss: 0.0674]
2026-06-08 11:06:12,866 - INFO - epoch 726 training [time: 0.29s, train loss: 0.2392, reconstruction loss: 0.0674]
2026-06-08 11:06:13,155 - INFO - epoch 727 training [time: 0.29s, train loss: 0.2394, reconstruction loss: 0.0675]
2026-06-08 11:06:13,453 - INFO - epoch 728 training [time: 0.30s, train loss: 0.2391, reconstruction loss: 0.0674]
2026-06-08 11:06:13,749 - INFO - epoch 729 training [time: 0.30s, train loss: 0.2391, reconstruction loss: 0.0674]
2026-06-08 11:06:14,042 - INFO - epoch 730 training [time: 0.29s, train loss: 0.2387, reconstruction loss: 0.0674]
2026-06-08 11:06:14,337 - INFO - epoch 731 training [time: 0.29s, train loss: 0.2389, reconstruction loss: 0.0674]
2026-06-08 11:06:14,627 - INFO - epoch 732 training [time: 0.29s, train loss: 0.2386, reconstruction loss: 0.0674]
2026-06-08 11:06:14,918 - INFO - epoch 733 training [time: 0.29s, train loss: 0.2388, reconstruction loss: 0.0675]
2026-06-08 11:06:15,207 - INFO - epoch 734 training [time: 0.29s, train loss: 0.2384, reconstruction loss: 0.0674]
2026-06-08 11:06:15,490 - INFO - epoch 735 training [time: 0.28s, train loss: 0.2385, reconstruction loss: 0.0674]
2026-06-08 11:06:15,777 - INFO - epoch 736 training [time: 0.29s, train loss: 0.2385, reconstruction loss: 0.0674]
2026-06-08 11:06:16,064 - INFO - epoch 737 training [time: 0.29s, train loss: 0.2384, reconstruction loss: 0.0674]
2026-06-08 11:06:16,358 - INFO - epoch 738 training [time: 0.29s, train loss: 0.2386, reconstruction loss: 0.0673]
2026-06-08 11:06:16,653 - INFO - epoch 739 training [time: 0.29s, train loss: 0.2389, reconstruction loss: 0.0674]
2026-06-08 11:06:16,946 - INFO - epoch 740 training [time: 0.29s, train loss: 0.2389, reconstruction loss: 0.0674]
2026-06-08 11:06:17,246 - INFO - epoch 741 training [time: 0.30s, train loss: 0.2389, reconstruction loss: 0.0673]
2026-06-08 11:06:17,528 - INFO - epoch 742 training [time: 0.28s, train loss: 0.2389, reconstruction loss: 0.0674]
2026-06-08 11:06:17,817 - INFO - epoch 743 training [time: 0.29s, train loss: 0.2387, reconstruction loss: 0.0674]
2026-06-08 11:06:18,119 - INFO - epoch 744 training [time: 0.30s, train loss: 0.2394, reconstruction loss: 0.0674]
2026-06-08 11:06:18,413 - INFO - epoch 745 training [time: 0.29s, train loss: 0.2393, reconstruction loss: 0.0674]
2026-06-08 11:06:18,702 - INFO - epoch 746 training [time: 0.29s, train loss: 0.2392, reconstruction loss: 0.0674]
2026-06-08 11:06:18,992 - INFO - epoch 747 training [time: 0.29s, train loss: 0.2386, reconstruction loss: 0.0674]
2026-06-08 11:06:19,289 - INFO - epoch 748 training [time: 0.30s, train loss: 0.2389, reconstruction loss: 0.0674]
2026-06-08 11:06:19,578 - INFO - epoch 749 training [time: 0.29s, train loss: 0.2385, reconstruction loss: 0.0674]
2026-06-08 11:06:19,767 - INFO - epoch 749 evaluating [time: 0.19s, collision_rate: 0.063375]
2026-06-08 11:06:19,773 - INFO - Saving current/home/mingyu/news_rec/Data/ckpt/Jun-08-2026_11-02-38/epoch_749_collision_0.0634_model.pth
2026-06-08 11:06:20,065 - INFO - epoch 750 training [time: 0.29s, train loss: 0.2387, reconstruction loss: 0.0674]
2026-06-08 11:06:20,349 - INFO - epoch 751 training [time: 0.28s, train loss: 0.2388, reconstruction loss: 0.0674]
2026-06-08 11:06:20,635 - INFO - epoch 752 training [time: 0.29s, train loss: 0.2390, reconstruction loss: 0.0675]
2026-06-08 11:06:20,923 - INFO - epoch 753 training [time: 0.29s, train loss: 0.2391, reconstruction loss: 0.0674]
2026-06-08 11:06:21,219 - INFO - epoch 754 training [time: 0.30s, train loss: 0.2390, reconstruction loss: 0.0673]
2026-06-08 11:06:21,518 - INFO - epoch 755 training [time: 0.30s, train loss: 0.2390, reconstruction loss: 0.0673]
2026-06-08 11:06:21,815 - INFO - epoch 756 training [time: 0.30s, train loss: 0.2391, reconstruction loss: 0.0673]
2026-06-08 11:06:22,105 - INFO - epoch 757 training [time: 0.29s, train loss: 0.2389, reconstruction loss: 0.0673]
2026-06-08 11:06:22,399 - INFO - epoch 758 training [time: 0.29s, train loss: 0.2391, reconstruction loss: 0.0673]
2026-06-08 11:06:22,689 - INFO - epoch 759 training [time: 0.29s, train loss: 0.2390, reconstruction loss: 0.0674]
2026-06-08 11:06:22,978 - INFO - epoch 760 training [time: 0.29s, train loss: 0.2386, reconstruction loss: 0.0674]
2026-06-08 11:06:23,268 - INFO - epoch 761 training [time: 0.29s, train loss: 0.2389, reconstruction loss: 0.0673]
2026-06-08 11:06:23,565 - INFO - epoch 762 training [time: 0.30s, train loss: 0.2390, reconstruction loss: 0.0673]
2026-06-08 11:06:23,856 - INFO - epoch 763 training [time: 0.29s, train loss: 0.2389, reconstruction loss: 0.0673]
2026-06-08 11:06:24,147 - INFO - epoch 764 training [time: 0.29s, train loss: 0.2388, reconstruction loss: 0.0673]
2026-06-08 11:06:24,434 - INFO - epoch 765 training [time: 0.29s, train loss: 0.2393, reconstruction loss: 0.0674]
2026-06-08 11:06:24,724 - INFO - epoch 766 training [time: 0.29s, train loss: 0.2389, reconstruction loss: 0.0673]
2026-06-08 11:06:25,013 - INFO - epoch 767 training [time: 0.29s, train loss: 0.2390, reconstruction loss: 0.0673]
2026-06-08 11:06:25,296 - INFO - epoch 768 training [time: 0.28s, train loss: 0.2394, reconstruction loss: 0.0673]
2026-06-08 11:06:25,590 - INFO - epoch 769 training [time: 0.29s, train loss: 0.2397, reconstruction loss: 0.0674]
2026-06-08 11:06:25,878 - INFO - epoch 770 training [time: 0.29s, train loss: 0.2390, reconstruction loss: 0.0673]
2026-06-08 11:06:26,160 - INFO - epoch 771 training [time: 0.28s, train loss: 0.2396, reconstruction loss: 0.0674]
2026-06-08 11:06:26,454 - INFO - epoch 772 training [time: 0.29s, train loss: 0.2394, reconstruction loss: 0.0673]
2026-06-08 11:06:26,745 - INFO - epoch 773 training [time: 0.29s, train loss: 0.2395, reconstruction loss: 0.0673]
2026-06-08 11:06:27,040 - INFO - epoch 774 training [time: 0.30s, train loss: 0.2391, reconstruction loss: 0.0673]
2026-06-08 11:06:27,331 - INFO - epoch 775 training [time: 0.29s, train loss: 0.2393, reconstruction loss: 0.0673]
2026-06-08 11:06:27,626 - INFO - epoch 776 training [time: 0.30s, train loss: 0.2396, reconstruction loss: 0.0673]
2026-06-08 11:06:27,909 - INFO - epoch 777 training [time: 0.28s, train loss: 0.2398, reconstruction loss: 0.0674]
2026-06-08 11:06:28,188 - INFO - epoch 778 training [time: 0.28s, train loss: 0.2397, reconstruction loss: 0.0673]
2026-06-08 11:06:28,467 - INFO - epoch 779 training [time: 0.28s, train loss: 0.2402, reconstruction loss: 0.0675]
2026-06-08 11:06:28,758 - INFO - epoch 780 training [time: 0.29s, train loss: 0.2397, reconstruction loss: 0.0673]
2026-06-08 11:06:29,049 - INFO - epoch 781 training [time: 0.29s, train loss: 0.2400, reconstruction loss: 0.0673]
2026-06-08 11:06:29,337 - INFO - epoch 782 training [time: 0.29s, train loss: 0.2390, reconstruction loss: 0.0673]
2026-06-08 11:06:29,624 - INFO - epoch 783 training [time: 0.29s, train loss: 0.2392, reconstruction loss: 0.0673]
2026-06-08 11:06:29,917 - INFO - epoch 784 training [time: 0.29s, train loss: 0.2395, reconstruction loss: 0.0673]
2026-06-08 11:06:30,198 - INFO - epoch 785 training [time: 0.28s, train loss: 0.2400, reconstruction loss: 0.0674]
2026-06-08 11:06:30,481 - INFO - epoch 786 training [time: 0.28s, train loss: 0.2396, reconstruction loss: 0.0672]
2026-06-08 11:06:30,770 - INFO - epoch 787 training [time: 0.29s, train loss: 0.2395, reconstruction loss: 0.0674]
2026-06-08 11:06:31,066 - INFO - epoch 788 training [time: 0.30s, train loss: 0.2394, reconstruction loss: 0.0673]
2026-06-08 11:06:31,366 - INFO - epoch 789 training [time: 0.30s, train loss: 0.2400, reconstruction loss: 0.0674]
2026-06-08 11:06:31,659 - INFO - epoch 790 training [time: 0.29s, train loss: 0.2396, reconstruction loss: 0.0673]
2026-06-08 11:06:31,949 - INFO - epoch 791 training [time: 0.29s, train loss: 0.2396, reconstruction loss: 0.0674]
2026-06-08 11:06:32,241 - INFO - epoch 792 training [time: 0.29s, train loss: 0.2397, reconstruction loss: 0.0673]
2026-06-08 11:06:32,530 - INFO - epoch 793 training [time: 0.29s, train loss: 0.2396, reconstruction loss: 0.0673]
2026-06-08 11:06:32,825 - INFO - epoch 794 training [time: 0.30s, train loss: 0.2398, reconstruction loss: 0.0673]
2026-06-08 11:06:33,117 - INFO - epoch 795 training [time: 0.29s, train loss: 0.2393, reconstruction loss: 0.0673]
2026-06-08 11:06:33,398 - INFO - epoch 796 training [time: 0.28s, train loss: 0.2398, reconstruction loss: 0.0673]
2026-06-08 11:06:33,697 - INFO - epoch 797 training [time: 0.30s, train loss: 0.2397, reconstruction loss: 0.0673]
2026-06-08 11:06:33,981 - INFO - epoch 798 training [time: 0.28s, train loss: 0.2398, reconstruction loss: 0.0673]
2026-06-08 11:06:34,278 - INFO - epoch 799 training [time: 0.30s, train loss: 0.2400, reconstruction loss: 0.0673]
2026-06-08 11:06:34,467 - INFO - epoch 799 evaluating [time: 0.19s, collision_rate: 0.062810]
2026-06-08 11:06:34,472 - INFO - Saving current/home/mingyu/news_rec/Data/ckpt/Jun-08-2026_11-02-38/epoch_799_collision_0.0628_model.pth
2026-06-08 11:06:34,765 - INFO - epoch 800 training [time: 0.29s, train loss: 0.2398, reconstruction loss: 0.0674]
2026-06-08 11:06:35,048 - INFO - epoch 801 training [time: 0.28s, train loss: 0.2403, reconstruction loss: 0.0674]
2026-06-08 11:06:35,344 - INFO - epoch 802 training [time: 0.30s, train loss: 0.2401, reconstruction loss: 0.0674]
2026-06-08 11:06:35,629 - INFO - epoch 803 training [time: 0.28s, train loss: 0.2400, reconstruction loss: 0.0673]
2026-06-08 11:06:35,926 - INFO - epoch 804 training [time: 0.30s, train loss: 0.2393, reconstruction loss: 0.0673]
2026-06-08 11:06:36,220 - INFO - epoch 805 training [time: 0.29s, train loss: 0.2397, reconstruction loss: 0.0672]
2026-06-08 11:06:36,512 - INFO - epoch 806 training [time: 0.29s, train loss: 0.2401, reconstruction loss: 0.0673]
2026-06-08 11:06:36,800 - INFO - epoch 807 training [time: 0.29s, train loss: 0.2398, reconstruction loss: 0.0673]
2026-06-08 11:06:37,097 - INFO - epoch 808 training [time: 0.30s, train loss: 0.2404, reconstruction loss: 0.0673]
2026-06-08 11:06:37,391 - INFO - epoch 809 training [time: 0.29s, train loss: 0.2398, reconstruction loss: 0.0672]
2026-06-08 11:06:37,687 - INFO - epoch 810 training [time: 0.30s, train loss: 0.2401, reconstruction loss: 0.0672]
2026-06-08 11:06:37,980 - INFO - epoch 811 training [time: 0.29s, train loss: 0.2399, reconstruction loss: 0.0673]
2026-06-08 11:06:38,264 - INFO - epoch 812 training [time: 0.28s, train loss: 0.2400, reconstruction loss: 0.0673]
2026-06-08 11:06:38,568 - INFO - epoch 813 training [time: 0.30s, train loss: 0.2401, reconstruction loss: 0.0673]
2026-06-08 11:06:38,851 - INFO - epoch 814 training [time: 0.28s, train loss: 0.2406, reconstruction loss: 0.0673]
2026-06-08 11:06:39,137 - INFO - epoch 815 training [time: 0.29s, train loss: 0.2401, reconstruction loss: 0.0674]
2026-06-08 11:06:39,433 - INFO - epoch 816 training [time: 0.30s, train loss: 0.2400, reconstruction loss: 0.0673]
2026-06-08 11:06:39,727 - INFO - epoch 817 training [time: 0.29s, train loss: 0.2400, reconstruction loss: 0.0673]
2026-06-08 11:06:40,007 - INFO - epoch 818 training [time: 0.28s, train loss: 0.2396, reconstruction loss: 0.0672]
2026-06-08 11:06:40,300 - INFO - epoch 819 training [time: 0.29s, train loss: 0.2403, reconstruction loss: 0.0672]
2026-06-08 11:06:40,595 - INFO - epoch 820 training [time: 0.29s, train loss: 0.2403, reconstruction loss: 0.0672]
2026-06-08 11:06:40,886 - INFO - epoch 821 training [time: 0.29s, train loss: 0.2402, reconstruction loss: 0.0672]
2026-06-08 11:06:41,175 - INFO - epoch 822 training [time: 0.29s, train loss: 0.2403, reconstruction loss: 0.0672]
2026-06-08 11:06:41,467 - INFO - epoch 823 training [time: 0.29s, train loss: 0.2398, reconstruction loss: 0.0672]
2026-06-08 11:06:41,753 - INFO - epoch 824 training [time: 0.29s, train loss: 0.2400, reconstruction loss: 0.0672]
2026-06-08 11:06:42,043 - INFO - epoch 825 training [time: 0.29s, train loss: 0.2403, reconstruction loss: 0.0673]
2026-06-08 11:06:42,329 - INFO - epoch 826 training [time: 0.29s, train loss: 0.2398, reconstruction loss: 0.0672]
2026-06-08 11:06:42,621 - INFO - epoch 827 training [time: 0.29s, train loss: 0.2398, reconstruction loss: 0.0672]
2026-06-08 11:06:42,916 - INFO - epoch 828 training [time: 0.29s, train loss: 0.2400, reconstruction loss: 0.0673]
2026-06-08 11:06:43,218 - INFO - epoch 829 training [time: 0.30s, train loss: 0.2400, reconstruction loss: 0.0672]
2026-06-08 11:06:43,515 - INFO - epoch 830 training [time: 0.30s, train loss: 0.2404, reconstruction loss: 0.0673]
2026-06-08 11:06:43,800 - INFO - epoch 831 training [time: 0.29s, train loss: 0.2400, reconstruction loss: 0.0672]
2026-06-08 11:06:44,097 - INFO - epoch 832 training [time: 0.30s, train loss: 0.2403, reconstruction loss: 0.0673]
2026-06-08 11:06:44,391 - INFO - epoch 833 training [time: 0.29s, train loss: 0.2396, reconstruction loss: 0.0672]
2026-06-08 11:06:44,681 - INFO - epoch 834 training [time: 0.29s, train loss: 0.2401, reconstruction loss: 0.0672]
2026-06-08 11:06:44,979 - INFO - epoch 835 training [time: 0.30s, train loss: 0.2397, reconstruction loss: 0.0673]
2026-06-08 11:06:45,273 - INFO - epoch 836 training [time: 0.29s, train loss: 0.2400, reconstruction loss: 0.0672]
2026-06-08 11:06:45,566 - INFO - epoch 837 training [time: 0.29s, train loss: 0.2406, reconstruction loss: 0.0672]
2026-06-08 11:06:45,840 - INFO - epoch 838 training [time: 0.27s, train loss: 0.2409, reconstruction loss: 0.0672]
2026-06-08 11:06:46,137 - INFO - epoch 839 training [time: 0.30s, train loss: 0.2406, reconstruction loss: 0.0672]
2026-06-08 11:06:46,431 - INFO - epoch 840 training [time: 0.29s, train loss: 0.2399, reconstruction loss: 0.0671]
2026-06-08 11:06:46,721 - INFO - epoch 841 training [time: 0.29s, train loss: 0.2404, reconstruction loss: 0.0673]
2026-06-08 11:06:47,023 - INFO - epoch 842 training [time: 0.30s, train loss: 0.2408, reconstruction loss: 0.0672]
2026-06-08 11:06:47,316 - INFO - epoch 843 training [time: 0.29s, train loss: 0.2408, reconstruction loss: 0.0673]
2026-06-08 11:06:47,604 - INFO - epoch 844 training [time: 0.29s, train loss: 0.2404, reconstruction loss: 0.0672]
2026-06-08 11:06:47,900 - INFO - epoch 845 training [time: 0.30s, train loss: 0.2405, reconstruction loss: 0.0672]
2026-06-08 11:06:48,195 - INFO - epoch 846 training [time: 0.29s, train loss: 0.2412, reconstruction loss: 0.0673]
2026-06-08 11:06:48,491 - INFO - epoch 847 training [time: 0.30s, train loss: 0.2409, reconstruction loss: 0.0673]
2026-06-08 11:06:48,782 - INFO - epoch 848 training [time: 0.29s, train loss: 0.2407, reconstruction loss: 0.0672]
2026-06-08 11:06:49,069 - INFO - epoch 849 training [time: 0.29s, train loss: 0.2407, reconstruction loss: 0.0672]
2026-06-08 11:06:49,245 - INFO - epoch 849 evaluating [time: 0.18s, collision_rate: 0.063668]
2026-06-08 11:06:49,252 - INFO - Saving current/home/mingyu/news_rec/Data/ckpt/Jun-08-2026_11-02-38/epoch_849_collision_0.0637_model.pth
2026-06-08 11:06:49,550 - INFO - epoch 850 training [time: 0.30s, train loss: 0.2409, reconstruction loss: 0.0672]
2026-06-08 11:06:49,842 - INFO - epoch 851 training [time: 0.29s, train loss: 0.2404, reconstruction loss: 0.0672]
2026-06-08 11:06:50,144 - INFO - epoch 852 training [time: 0.30s, train loss: 0.2404, reconstruction loss: 0.0672]
2026-06-08 11:06:50,432 - INFO - epoch 853 training [time: 0.29s, train loss: 0.2404, reconstruction loss: 0.0671]
2026-06-08 11:06:50,722 - INFO - epoch 854 training [time: 0.29s, train loss: 0.2408, reconstruction loss: 0.0672]
2026-06-08 11:06:51,018 - INFO - epoch 855 training [time: 0.30s, train loss: 0.2405, reconstruction loss: 0.0671]
2026-06-08 11:06:51,294 - INFO - epoch 856 training [time: 0.28s, train loss: 0.2404, reconstruction loss: 0.0672]
2026-06-08 11:06:51,586 - INFO - epoch 857 training [time: 0.29s, train loss: 0.2408, reconstruction loss: 0.0672]
2026-06-08 11:06:51,872 - INFO - epoch 858 training [time: 0.29s, train loss: 0.2408, reconstruction loss: 0.0672]
2026-06-08 11:06:52,170 - INFO - epoch 859 training [time: 0.30s, train loss: 0.2403, reconstruction loss: 0.0672]
2026-06-08 11:06:52,455 - INFO - epoch 860 training [time: 0.28s, train loss: 0.2412, reconstruction loss: 0.0672]
2026-06-08 11:06:52,733 - INFO - epoch 861 training [time: 0.28s, train loss: 0.2408, reconstruction loss: 0.0671]
2026-06-08 11:06:53,023 - INFO - epoch 862 training [time: 0.29s, train loss: 0.2409, reconstruction loss: 0.0672]
2026-06-08 11:06:53,317 - INFO - epoch 863 training [time: 0.29s, train loss: 0.2405, reconstruction loss: 0.0671]
2026-06-08 11:06:53,611 - INFO - epoch 864 training [time: 0.29s, train loss: 0.2403, reconstruction loss: 0.0671]
2026-06-08 11:06:53,897 - INFO - epoch 865 training [time: 0.29s, train loss: 0.2406, reconstruction loss: 0.0672]
2026-06-08 11:06:54,178 - INFO - epoch 866 training [time: 0.28s, train loss: 0.2406, reconstruction loss: 0.0671]
2026-06-08 11:06:54,472 - INFO - epoch 867 training [time: 0.29s, train loss: 0.2407, reconstruction loss: 0.0672]
2026-06-08 11:06:54,758 - INFO - epoch 868 training [time: 0.29s, train loss: 0.2399, reconstruction loss: 0.0671]
2026-06-08 11:06:55,042 - INFO - epoch 869 training [time: 0.28s, train loss: 0.2405, reconstruction loss: 0.0672]
2026-06-08 11:06:55,338 - INFO - epoch 870 training [time: 0.30s, train loss: 0.2410, reconstruction loss: 0.0672]
2026-06-08 11:06:55,631 - INFO - epoch 871 training [time: 0.29s, train loss: 0.2408, reconstruction loss: 0.0672]
2026-06-08 11:06:55,928 - INFO - epoch 872 training [time: 0.30s, train loss: 0.2407, reconstruction loss: 0.0672]
2026-06-08 11:06:56,226 - INFO - epoch 873 training [time: 0.30s, train loss: 0.2405, reconstruction loss: 0.0672]
2026-06-08 11:06:56,512 - INFO - epoch 874 training [time: 0.29s, train loss: 0.2401, reconstruction loss: 0.0671]
2026-06-08 11:06:56,802 - INFO - epoch 875 training [time: 0.29s, train loss: 0.2402, reconstruction loss: 0.0671]
2026-06-08 11:06:57,083 - INFO - epoch 876 training [time: 0.28s, train loss: 0.2400, reconstruction loss: 0.0671]
2026-06-08 11:06:57,383 - INFO - epoch 877 training [time: 0.30s, train loss: 0.2410, reconstruction loss: 0.0672]
2026-06-08 11:06:57,669 - INFO - epoch 878 training [time: 0.29s, train loss: 0.2407, reconstruction loss: 0.0672]
2026-06-08 11:06:57,966 - INFO - epoch 879 training [time: 0.30s, train loss: 0.2402, reconstruction loss: 0.0671]
2026-06-08 11:06:58,256 - INFO - epoch 880 training [time: 0.29s, train loss: 0.2405, reconstruction loss: 0.0672]
2026-06-08 11:06:58,547 - INFO - epoch 881 training [time: 0.29s, train loss: 0.2401, reconstruction loss: 0.0671]
2026-06-08 11:06:58,839 - INFO - epoch 882 training [time: 0.29s, train loss: 0.2402, reconstruction loss: 0.0672]
2026-06-08 11:06:59,121 - INFO - epoch 883 training [time: 0.28s, train loss: 0.2402, reconstruction loss: 0.0671]
2026-06-08 11:06:59,406 - INFO - epoch 884 training [time: 0.29s, train loss: 0.2403, reconstruction loss: 0.0672]
2026-06-08 11:06:59,698 - INFO - epoch 885 training [time: 0.29s, train loss: 0.2400, reconstruction loss: 0.0671]
2026-06-08 11:06:59,990 - INFO - epoch 886 training [time: 0.29s, train loss: 0.2404, reconstruction loss: 0.0671]
2026-06-08 11:07:00,281 - INFO - epoch 887 training [time: 0.29s, train loss: 0.2403, reconstruction loss: 0.0671]
2026-06-08 11:07:00,569 - INFO - epoch 888 training [time: 0.29s, train loss: 0.2403, reconstruction loss: 0.0672]
2026-06-08 11:07:00,862 - INFO - epoch 889 training [time: 0.29s, train loss: 0.2405, reconstruction loss: 0.0671]
2026-06-08 11:07:01,140 - INFO - epoch 890 training [time: 0.28s, train loss: 0.2407, reconstruction loss: 0.0671]
2026-06-08 11:07:01,430 - INFO - epoch 891 training [time: 0.29s, train loss: 0.2400, reconstruction loss: 0.0671]
2026-06-08 11:07:01,716 - INFO - epoch 892 training [time: 0.29s, train loss: 0.2406, reconstruction loss: 0.0671]
2026-06-08 11:07:02,004 - INFO - epoch 893 training [time: 0.29s, train loss: 0.2403, reconstruction loss: 0.0671]
2026-06-08 11:07:02,296 - INFO - epoch 894 training [time: 0.29s, train loss: 0.2402, reconstruction loss: 0.0671]
2026-06-08 11:07:02,590 - INFO - epoch 895 training [time: 0.29s, train loss: 0.2404, reconstruction loss: 0.0671]
2026-06-08 11:07:02,889 - INFO - epoch 896 training [time: 0.30s, train loss: 0.2400, reconstruction loss: 0.0671]
2026-06-08 11:07:03,182 - INFO - epoch 897 training [time: 0.29s, train loss: 0.2408, reconstruction loss: 0.0671]
2026-06-08 11:07:03,473 - INFO - epoch 898 training [time: 0.29s, train loss: 0.2401, reconstruction loss: 0.0671]
2026-06-08 11:07:03,770 - INFO - epoch 899 training [time: 0.30s, train loss: 0.2408, reconstruction loss: 0.0671]
2026-06-08 11:07:03,953 - INFO - epoch 899 evaluating [time: 0.18s, collision_rate: 0.063044]
2026-06-08 11:07:03,958 - INFO - Saving current/home/mingyu/news_rec/Data/ckpt/Jun-08-2026_11-02-38/epoch_899_collision_0.0630_model.pth
2026-06-08 11:07:04,256 - INFO - epoch 900 training [time: 0.30s, train loss: 0.2405, reconstruction loss: 0.0671]
2026-06-08 11:07:04,545 - INFO - epoch 901 training [time: 0.29s, train loss: 0.2404, reconstruction loss: 0.0672]
2026-06-08 11:07:04,828 - INFO - epoch 902 training [time: 0.28s, train loss: 0.2400, reconstruction loss: 0.0671]
2026-06-08 11:07:05,120 - INFO - epoch 903 training [time: 0.29s, train loss: 0.2404, reconstruction loss: 0.0671]
2026-06-08 11:07:05,407 - INFO - epoch 904 training [time: 0.29s, train loss: 0.2400, reconstruction loss: 0.0670]
2026-06-08 11:07:05,701 - INFO - epoch 905 training [time: 0.29s, train loss: 0.2404, reconstruction loss: 0.0671]
2026-06-08 11:07:05,993 - INFO - epoch 906 training [time: 0.29s, train loss: 0.2407, reconstruction loss: 0.0671]
2026-06-08 11:07:06,290 - INFO - epoch 907 training [time: 0.30s, train loss: 0.2405, reconstruction loss: 0.0671]
2026-06-08 11:07:06,577 - INFO - epoch 908 training [time: 0.29s, train loss: 0.2409, reconstruction loss: 0.0671]
2026-06-08 11:07:06,867 - INFO - epoch 909 training [time: 0.29s, train loss: 0.2405, reconstruction loss: 0.0672]
2026-06-08 11:07:07,154 - INFO - epoch 910 training [time: 0.29s, train loss: 0.2406, reconstruction loss: 0.0671]
2026-06-08 11:07:07,444 - INFO - epoch 911 training [time: 0.29s, train loss: 0.2410, reconstruction loss: 0.0671]
2026-06-08 11:07:07,738 - INFO - epoch 912 training [time: 0.29s, train loss: 0.2407, reconstruction loss: 0.0671]
2026-06-08 11:07:08,026 - INFO - epoch 913 training [time: 0.29s, train loss: 0.2403, reconstruction loss: 0.0671]
2026-06-08 11:07:08,310 - INFO - epoch 914 training [time: 0.28s, train loss: 0.2413, reconstruction loss: 0.0671]
2026-06-08 11:07:08,597 - INFO - epoch 915 training [time: 0.29s, train loss: 0.2411, reconstruction loss: 0.0671]
2026-06-08 11:07:08,889 - INFO - epoch 916 training [time: 0.29s, train loss: 0.2415, reconstruction loss: 0.0672]
2026-06-08 11:07:09,163 - INFO - epoch 917 training [time: 0.27s, train loss: 0.2409, reconstruction loss: 0.0671]
2026-06-08 11:07:09,456 - INFO - epoch 918 training [time: 0.29s, train loss: 0.2410, reconstruction loss: 0.0671]
2026-06-08 11:07:09,744 - INFO - epoch 919 training [time: 0.29s, train loss: 0.2407, reconstruction loss: 0.0671]
2026-06-08 11:07:10,051 - INFO - epoch 920 training [time: 0.31s, train loss: 0.2412, reconstruction loss: 0.0672]
2026-06-08 11:07:10,345 - INFO - epoch 921 training [time: 0.29s, train loss: 0.2413, reconstruction loss: 0.0671]
2026-06-08 11:07:10,623 - INFO - epoch 922 training [time: 0.28s, train loss: 0.2410, reconstruction loss: 0.0672]
2026-06-08 11:07:10,916 - INFO - epoch 923 training [time: 0.29s, train loss: 0.2410, reconstruction loss: 0.0671]
2026-06-08 11:07:11,215 - INFO - epoch 924 training [time: 0.30s, train loss: 0.2409, reconstruction loss: 0.0671]
2026-06-08 11:07:11,498 - INFO - epoch 925 training [time: 0.28s, train loss: 0.2414, reconstruction loss: 0.0671]
2026-06-08 11:07:11,790 - INFO - epoch 926 training [time: 0.29s, train loss: 0.2406, reconstruction loss: 0.0671]
2026-06-08 11:07:12,093 - INFO - epoch 927 training [time: 0.30s, train loss: 0.2408, reconstruction loss: 0.0671]
2026-06-08 11:07:12,390 - INFO - epoch 928 training [time: 0.30s, train loss: 0.2411, reconstruction loss: 0.0671]
2026-06-08 11:07:12,683 - INFO - epoch 929 training [time: 0.29s, train loss: 0.2412, reconstruction loss: 0.0671]
2026-06-08 11:07:12,963 - INFO - epoch 930 training [time: 0.28s, train loss: 0.2405, reconstruction loss: 0.0671]
2026-06-08 11:07:13,255 - INFO - epoch 931 training [time: 0.29s, train loss: 0.2411, reconstruction loss: 0.0671]
2026-06-08 11:07:13,543 - INFO - epoch 932 training [time: 0.29s, train loss: 0.2413, reconstruction loss: 0.0671]
2026-06-08 11:07:13,832 - INFO - epoch 933 training [time: 0.29s, train loss: 0.2412, reconstruction loss: 0.0671]
2026-06-08 11:07:14,124 - INFO - epoch 934 training [time: 0.29s, train loss: 0.2407, reconstruction loss: 0.0671]
2026-06-08 11:07:14,416 - INFO - epoch 935 training [time: 0.29s, train loss: 0.2411, reconstruction loss: 0.0671]
2026-06-08 11:07:14,711 - INFO - epoch 936 training [time: 0.29s, train loss: 0.2410, reconstruction loss: 0.0671]
2026-06-08 11:07:15,007 - INFO - epoch 937 training [time: 0.30s, train loss: 0.2416, reconstruction loss: 0.0671]
2026-06-08 11:07:15,298 - INFO - epoch 938 training [time: 0.29s, train loss: 0.2411, reconstruction loss: 0.0672]
2026-06-08 11:07:15,586 - INFO - epoch 939 training [time: 0.29s, train loss: 0.2408, reconstruction loss: 0.0671]
2026-06-08 11:07:15,893 - INFO - epoch 940 training [time: 0.31s, train loss: 0.2409, reconstruction loss: 0.0671]
2026-06-08 11:07:16,188 - INFO - epoch 941 training [time: 0.29s, train loss: 0.2410, reconstruction loss: 0.0671]
2026-06-08 11:07:16,477 - INFO - epoch 942 training [time: 0.29s, train loss: 0.2409, reconstruction loss: 0.0671]
2026-06-08 11:07:16,769 - INFO - epoch 943 training [time: 0.29s, train loss: 0.2410, reconstruction loss: 0.0671]
2026-06-08 11:07:17,060 - INFO - epoch 944 training [time: 0.29s, train loss: 0.2411, reconstruction loss: 0.0671]
2026-06-08 11:07:17,346 - INFO - epoch 945 training [time: 0.29s, train loss: 0.2412, reconstruction loss: 0.0670]
2026-06-08 11:07:17,641 - INFO - epoch 946 training [time: 0.29s, train loss: 0.2411, reconstruction loss: 0.0671]
2026-06-08 11:07:17,925 - INFO - epoch 947 training [time: 0.28s, train loss: 0.2409, reconstruction loss: 0.0670]
2026-06-08 11:07:18,212 - INFO - epoch 948 training [time: 0.29s, train loss: 0.2411, reconstruction loss: 0.0670]
2026-06-08 11:07:18,502 - INFO - epoch 949 training [time: 0.29s, train loss: 0.2410, reconstruction loss: 0.0670]
2026-06-08 11:07:18,689 - INFO - epoch 949 evaluating [time: 0.19s, collision_rate: 0.064487]
2026-06-08 11:07:18,694 - INFO - Saving current/home/mingyu/news_rec/Data/ckpt/Jun-08-2026_11-02-38/epoch_949_collision_0.0645_model.pth
2026-06-08 11:07:18,980 - INFO - epoch 950 training [time: 0.29s, train loss: 0.2410, reconstruction loss: 0.0670]
2026-06-08 11:07:19,268 - INFO - epoch 951 training [time: 0.29s, train loss: 0.2412, reconstruction loss: 0.0671]
2026-06-08 11:07:19,552 - INFO - epoch 952 training [time: 0.28s, train loss: 0.2414, reconstruction loss: 0.0671]
2026-06-08 11:07:19,847 - INFO - epoch 953 training [time: 0.29s, train loss: 0.2411, reconstruction loss: 0.0670]
2026-06-08 11:07:20,141 - INFO - epoch 954 training [time: 0.29s, train loss: 0.2408, reconstruction loss: 0.0670]
2026-06-08 11:07:20,425 - INFO - epoch 955 training [time: 0.28s, train loss: 0.2407, reconstruction loss: 0.0670]
2026-06-08 11:07:20,723 - INFO - epoch 956 training [time: 0.30s, train loss: 0.2414, reconstruction loss: 0.0670]
2026-06-08 11:07:21,025 - INFO - epoch 957 training [time: 0.30s, train loss: 0.2413, reconstruction loss: 0.0671]
2026-06-08 11:07:21,315 - INFO - epoch 958 training [time: 0.29s, train loss: 0.2412, reconstruction loss: 0.0670]
2026-06-08 11:07:21,602 - INFO - epoch 959 training [time: 0.29s, train loss: 0.2411, reconstruction loss: 0.0670]
2026-06-08 11:07:21,894 - INFO - epoch 960 training [time: 0.29s, train loss: 0.2409, reconstruction loss: 0.0670]
2026-06-08 11:07:22,169 - INFO - epoch 961 training [time: 0.28s, train loss: 0.2412, reconstruction loss: 0.0671]
2026-06-08 11:07:22,461 - INFO - epoch 962 training [time: 0.29s, train loss: 0.2406, reconstruction loss: 0.0670]
2026-06-08 11:07:22,746 - INFO - epoch 963 training [time: 0.28s, train loss: 0.2417, reconstruction loss: 0.0670]
2026-06-08 11:07:23,039 - INFO - epoch 964 training [time: 0.29s, train loss: 0.2413, reconstruction loss: 0.0670]
2026-06-08 11:07:23,323 - INFO - epoch 965 training [time: 0.28s, train loss: 0.2411, reconstruction loss: 0.0670]
2026-06-08 11:07:23,609 - INFO - epoch 966 training [time: 0.29s, train loss: 0.2417, reconstruction loss: 0.0671]
2026-06-08 11:07:23,899 - INFO - epoch 967 training [time: 0.29s, train loss: 0.2415, reconstruction loss: 0.0670]
2026-06-08 11:07:24,190 - INFO - epoch 968 training [time: 0.29s, train loss: 0.2416, reconstruction loss: 0.0670]
2026-06-08 11:07:24,490 - INFO - epoch 969 training [time: 0.30s, train loss: 0.2412, reconstruction loss: 0.0670]
2026-06-08 11:07:24,786 - INFO - epoch 970 training [time: 0.30s, train loss: 0.2414, reconstruction loss: 0.0670]
2026-06-08 11:07:25,076 - INFO - epoch 971 training [time: 0.29s, train loss: 0.2416, reconstruction loss: 0.0671]
2026-06-08 11:07:25,374 - INFO - epoch 972 training [time: 0.30s, train loss: 0.2416, reconstruction loss: 0.0670]
2026-06-08 11:07:25,670 - INFO - epoch 973 training [time: 0.30s, train loss: 0.2419, reconstruction loss: 0.0671]
2026-06-08 11:07:25,967 - INFO - epoch 974 training [time: 0.30s, train loss: 0.2416, reconstruction loss: 0.0670]
2026-06-08 11:07:26,256 - INFO - epoch 975 training [time: 0.29s, train loss: 0.2416, reconstruction loss: 0.0670]
2026-06-08 11:07:26,551 - INFO - epoch 976 training [time: 0.30s, train loss: 0.2419, reconstruction loss: 0.0670]
2026-06-08 11:07:26,845 - INFO - epoch 977 training [time: 0.29s, train loss: 0.2413, reconstruction loss: 0.0670]
2026-06-08 11:07:27,139 - INFO - epoch 978 training [time: 0.29s, train loss: 0.2414, reconstruction loss: 0.0669]
2026-06-08 11:07:27,436 - INFO - epoch 979 training [time: 0.30s, train loss: 0.2418, reconstruction loss: 0.0671]
2026-06-08 11:07:27,733 - INFO - epoch 980 training [time: 0.30s, train loss: 0.2415, reconstruction loss: 0.0670]
2026-06-08 11:07:28,024 - INFO - epoch 981 training [time: 0.29s, train loss: 0.2414, reconstruction loss: 0.0670]
2026-06-08 11:07:28,318 - INFO - epoch 982 training [time: 0.29s, train loss: 0.2418, reconstruction loss: 0.0669]
2026-06-08 11:07:28,607 - INFO - epoch 983 training [time: 0.29s, train loss: 0.2416, reconstruction loss: 0.0670]
2026-06-08 11:07:28,892 - INFO - epoch 984 training [time: 0.28s, train loss: 0.2419, reconstruction loss: 0.0670]
2026-06-08 11:07:29,182 - INFO - epoch 985 training [time: 0.29s, train loss: 0.2414, reconstruction loss: 0.0670]
2026-06-08 11:07:29,478 - INFO - epoch 986 training [time: 0.30s, train loss: 0.2418, reconstruction loss: 0.0670]
2026-06-08 11:07:29,771 - INFO - epoch 987 training [time: 0.29s, train loss: 0.2413, reconstruction loss: 0.0670]
2026-06-08 11:07:30,057 - INFO - epoch 988 training [time: 0.29s, train loss: 0.2420, reconstruction loss: 0.0670]
2026-06-08 11:07:30,363 - INFO - epoch 989 training [time: 0.31s, train loss: 0.2414, reconstruction loss: 0.0670]
2026-06-08 11:07:30,657 - INFO - epoch 990 training [time: 0.29s, train loss: 0.2419, reconstruction loss: 0.0671]
2026-06-08 11:07:30,941 - INFO - epoch 991 training [time: 0.28s, train loss: 0.2416, reconstruction loss: 0.0670]
2026-06-08 11:07:31,238 - INFO - epoch 992 training [time: 0.30s, train loss: 0.2416, reconstruction loss: 0.0670]
2026-06-08 11:07:31,534 - INFO - epoch 993 training [time: 0.30s, train loss: 0.2418, reconstruction loss: 0.0670]
2026-06-08 11:07:31,829 - INFO - epoch 994 training [time: 0.29s, train loss: 0.2414, reconstruction loss: 0.0670]
2026-06-08 11:07:32,112 - INFO - epoch 995 training [time: 0.28s, train loss: 0.2411, reconstruction loss: 0.0671]
2026-06-08 11:07:32,414 - INFO - epoch 996 training [time: 0.30s, train loss: 0.2416, reconstruction loss: 0.0670]
2026-06-08 11:07:32,703 - INFO - epoch 997 training [time: 0.29s, train loss: 0.2418, reconstruction loss: 0.0670]
2026-06-08 11:07:32,996 - INFO - epoch 998 training [time: 0.29s, train loss: 0.2418, reconstruction loss: 0.0670]
2026-06-08 11:07:33,275 - INFO - epoch 999 training [time: 0.28s, train loss: 0.2420, reconstruction loss: 0.0670]
2026-06-08 11:07:33,462 - INFO - epoch 999 evaluating [time: 0.19s, collision_rate: 0.062810]
2026-06-08 11:07:33,469 - INFO - Saving current/home/mingyu/news_rec/Data/ckpt/Jun-08-2026_11-02-38/epoch_999_collision_0.0628_model.pth
2026-06-08 11:07:33,766 - INFO - epoch 1000 training [time: 0.30s, train loss: 0.2417, reconstruction loss: 0.0670]
2026-06-08 11:07:34,053 - INFO - epoch 1001 training [time: 0.29s, train loss: 0.2420, reconstruction loss: 0.0670]
2026-06-08 11:07:34,343 - INFO - epoch 1002 training [time: 0.29s, train loss: 0.2418, reconstruction loss: 0.0670]
2026-06-08 11:07:34,640 - INFO - epoch 1003 training [time: 0.30s, train loss: 0.2419, reconstruction loss: 0.0670]
2026-06-08 11:07:34,924 - INFO - epoch 1004 training [time: 0.28s, train loss: 0.2414, reconstruction loss: 0.0670]
2026-06-08 11:07:35,215 - INFO - epoch 1005 training [time: 0.29s, train loss: 0.2416, reconstruction loss: 0.0670]
2026-06-08 11:07:35,500 - INFO - epoch 1006 training [time: 0.29s, train loss: 0.2414, reconstruction loss: 0.0669]
2026-06-08 11:07:35,793 - INFO - epoch 1007 training [time: 0.29s, train loss: 0.2422, reconstruction loss: 0.0670]
2026-06-08 11:07:36,088 - INFO - epoch 1008 training [time: 0.29s, train loss: 0.2419, reconstruction loss: 0.0670]
2026-06-08 11:07:36,369 - INFO - epoch 1009 training [time: 0.28s, train loss: 0.2414, reconstruction loss: 0.0671]
2026-06-08 11:07:36,664 - INFO - epoch 1010 training [time: 0.30s, train loss: 0.2421, reconstruction loss: 0.0670]
2026-06-08 11:07:36,960 - INFO - epoch 1011 training [time: 0.30s, train loss: 0.2416, reconstruction loss: 0.0669]
2026-06-08 11:07:37,239 - INFO - epoch 1012 training [time: 0.28s, train loss: 0.2418, reconstruction loss: 0.0671]
2026-06-08 11:07:37,528 - INFO - epoch 1013 training [time: 0.29s, train loss: 0.2414, reconstruction loss: 0.0669]
2026-06-08 11:07:37,820 - INFO - epoch 1014 training [time: 0.29s, train loss: 0.2417, reconstruction loss: 0.0669]
2026-06-08 11:07:38,108 - INFO - epoch 1015 training [time: 0.29s, train loss: 0.2415, reconstruction loss: 0.0669]
2026-06-08 11:07:38,403 - INFO - epoch 1016 training [time: 0.29s, train loss: 0.2419, reconstruction loss: 0.0670]
2026-06-08 11:07:38,688 - INFO - epoch 1017 training [time: 0.28s, train loss: 0.2419, reconstruction loss: 0.0670]
2026-06-08 11:07:38,981 - INFO - epoch 1018 training [time: 0.29s, train loss: 0.2422, reconstruction loss: 0.0669]
2026-06-08 11:07:39,263 - INFO - epoch 1019 training [time: 0.28s, train loss: 0.2420, reconstruction loss: 0.0670]
2026-06-08 11:07:39,562 - INFO - epoch 1020 training [time: 0.30s, train loss: 0.2422, reconstruction loss: 0.0670]
2026-06-08 11:07:39,862 - INFO - epoch 1021 training [time: 0.30s, train loss: 0.2420, reconstruction loss: 0.0670]
2026-06-08 11:07:40,152 - INFO - epoch 1022 training [time: 0.29s, train loss: 0.2419, reconstruction loss: 0.0669]
2026-06-08 11:07:40,454 - INFO - epoch 1023 training [time: 0.30s, train loss: 0.2421, reconstruction loss: 0.0670]
2026-06-08 11:07:40,747 - INFO - epoch 1024 training [time: 0.29s, train loss: 0.2424, reconstruction loss: 0.0670]
2026-06-08 11:07:41,038 - INFO - epoch 1025 training [time: 0.29s, train loss: 0.2421, reconstruction loss: 0.0670]
2026-06-08 11:07:41,336 - INFO - epoch 1026 training [time: 0.30s, train loss: 0.2421, reconstruction loss: 0.0670]
2026-06-08 11:07:41,627 - INFO - epoch 1027 training [time: 0.29s, train loss: 0.2421, reconstruction loss: 0.0669]
2026-06-08 11:07:41,912 - INFO - epoch 1028 training [time: 0.29s, train loss: 0.2418, reconstruction loss: 0.0670]
2026-06-08 11:07:42,194 - INFO - epoch 1029 training [time: 0.28s, train loss: 0.2415, reconstruction loss: 0.0670]
2026-06-08 11:07:42,488 - INFO - epoch 1030 training [time: 0.29s, train loss: 0.2423, reconstruction loss: 0.0670]
2026-06-08 11:07:42,775 - INFO - epoch 1031 training [time: 0.29s, train loss: 0.2424, reconstruction loss: 0.0669]
2026-06-08 11:07:43,079 - INFO - epoch 1032 training [time: 0.30s, train loss: 0.2418, reconstruction loss: 0.0669]
2026-06-08 11:07:43,366 - INFO - epoch 1033 training [time: 0.29s, train loss: 0.2422, reconstruction loss: 0.0670]
2026-06-08 11:07:43,669 - INFO - epoch 1034 training [time: 0.30s, train loss: 0.2422, reconstruction loss: 0.0669]
2026-06-08 11:07:43,959 - INFO - epoch 1035 training [time: 0.29s, train loss: 0.2419, reconstruction loss: 0.0669]
2026-06-08 11:07:44,254 - INFO - epoch 1036 training [time: 0.30s, train loss: 0.2422, reconstruction loss: 0.0669]
2026-06-08 11:07:44,543 - INFO - epoch 1037 training [time: 0.29s, train loss: 0.2422, reconstruction loss: 0.0669]
2026-06-08 11:07:44,838 - INFO - epoch 1038 training [time: 0.30s, train loss: 0.2423, reconstruction loss: 0.0669]
2026-06-08 11:07:45,127 - INFO - epoch 1039 training [time: 0.29s, train loss: 0.2420, reconstruction loss: 0.0669]
2026-06-08 11:07:45,410 - INFO - epoch 1040 training [time: 0.28s, train loss: 0.2425, reconstruction loss: 0.0670]
2026-06-08 11:07:45,702 - INFO - epoch 1041 training [time: 0.29s, train loss: 0.2420, reconstruction loss: 0.0670]
2026-06-08 11:07:46,000 - INFO - epoch 1042 training [time: 0.30s, train loss: 0.2419, reconstruction loss: 0.0669]
2026-06-08 11:07:46,287 - INFO - epoch 1043 training [time: 0.29s, train loss: 0.2425, reconstruction loss: 0.0669]
2026-06-08 11:07:46,578 - INFO - epoch 1044 training [time: 0.29s, train loss: 0.2424, reconstruction loss: 0.0669]
2026-06-08 11:07:46,880 - INFO - epoch 1045 training [time: 0.30s, train loss: 0.2424, reconstruction loss: 0.0669]
2026-06-08 11:07:47,172 - INFO - epoch 1046 training [time: 0.29s, train loss: 0.2425, reconstruction loss: 0.0669]
2026-06-08 11:07:47,472 - INFO - epoch 1047 training [time: 0.30s, train loss: 0.2423, reconstruction loss: 0.0669]
2026-06-08 11:07:47,757 - INFO - epoch 1048 training [time: 0.28s, train loss: 0.2424, reconstruction loss: 0.0669]
2026-06-08 11:07:48,047 - INFO - epoch 1049 training [time: 0.29s, train loss: 0.2424, reconstruction loss: 0.0669]
2026-06-08 11:07:48,242 - INFO - epoch 1049 evaluating [time: 0.19s, collision_rate: 0.062829]
2026-06-08 11:07:48,247 - INFO - Saving current/home/mingyu/news_rec/Data/ckpt/Jun-08-2026_11-02-38/epoch_1049_collision_0.0628_model.pth
2026-06-08 11:07:48,543 - INFO - epoch 1050 training [time: 0.30s, train loss: 0.2416, reconstruction loss: 0.0669]
2026-06-08 11:07:48,833 - INFO - epoch 1051 training [time: 0.29s, train loss: 0.2422, reconstruction loss: 0.0669]
2026-06-08 11:07:49,116 - INFO - epoch 1052 training [time: 0.28s, train loss: 0.2422, reconstruction loss: 0.0669]
2026-06-08 11:07:49,412 - INFO - epoch 1053 training [time: 0.30s, train loss: 0.2422, reconstruction loss: 0.0669]
2026-06-08 11:07:49,705 - INFO - epoch 1054 training [time: 0.29s, train loss: 0.2420, reconstruction loss: 0.0669]
2026-06-08 11:07:49,992 - INFO - epoch 1055 training [time: 0.29s, train loss: 0.2424, reconstruction loss: 0.0670]
2026-06-08 11:07:50,274 - INFO - epoch 1056 training [time: 0.28s, train loss: 0.2422, reconstruction loss: 0.0670]
2026-06-08 11:07:50,569 - INFO - epoch 1057 training [time: 0.30s, train loss: 0.2423, reconstruction loss: 0.0669]
2026-06-08 11:07:50,855 - INFO - epoch 1058 training [time: 0.29s, train loss: 0.2421, reconstruction loss: 0.0669]
2026-06-08 11:07:51,147 - INFO - epoch 1059 training [time: 0.29s, train loss: 0.2424, reconstruction loss: 0.0670]
2026-06-08 11:07:51,449 - INFO - epoch 1060 training [time: 0.30s, train loss: 0.2429, reconstruction loss: 0.0669]
2026-06-08 11:07:51,734 - INFO - epoch 1061 training [time: 0.29s, train loss: 0.2424, reconstruction loss: 0.0669]
2026-06-08 11:07:52,029 - INFO - epoch 1062 training [time: 0.29s, train loss: 0.2421, reconstruction loss: 0.0669]
2026-06-08 11:07:52,323 - INFO - epoch 1063 training [time: 0.29s, train loss: 0.2424, reconstruction loss: 0.0670]
2026-06-08 11:07:52,605 - INFO - epoch 1064 training [time: 0.28s, train loss: 0.2423, reconstruction loss: 0.0669]
2026-06-08 11:07:52,893 - INFO - epoch 1065 training [time: 0.29s, train loss: 0.2421, reconstruction loss: 0.0669]
2026-06-08 11:07:53,184 - INFO - epoch 1066 training [time: 0.29s, train loss: 0.2424, reconstruction loss: 0.0669]
2026-06-08 11:07:53,476 - INFO - epoch 1067 training [time: 0.29s, train loss: 0.2421, reconstruction loss: 0.0669]
2026-06-08 11:07:53,755 - INFO - epoch 1068 training [time: 0.28s, train loss: 0.2422, reconstruction loss: 0.0669]
2026-06-08 11:07:54,043 - INFO - epoch 1069 training [time: 0.29s, train loss: 0.2419, reconstruction loss: 0.0669]
2026-06-08 11:07:54,335 - INFO - epoch 1070 training [time: 0.29s, train loss: 0.2424, reconstruction loss: 0.0669]
2026-06-08 11:07:54,628 - INFO - epoch 1071 training [time: 0.29s, train loss: 0.2423, reconstruction loss: 0.0668]
2026-06-08 11:07:54,920 - INFO - epoch 1072 training [time: 0.29s, train loss: 0.2422, reconstruction loss: 0.0668]
2026-06-08 11:07:55,213 - INFO - epoch 1073 training [time: 0.29s, train loss: 0.2421, reconstruction loss: 0.0669]
2026-06-08 11:07:55,508 - INFO - epoch 1074 training [time: 0.30s, train loss: 0.2429, reconstruction loss: 0.0669]
2026-06-08 11:07:55,809 - INFO - epoch 1075 training [time: 0.30s, train loss: 0.2421, reconstruction loss: 0.0669]
2026-06-08 11:07:56,100 - INFO - epoch 1076 training [time: 0.29s, train loss: 0.2426, reconstruction loss: 0.0669]
2026-06-08 11:07:56,395 - INFO - epoch 1077 training [time: 0.30s, train loss: 0.2422, reconstruction loss: 0.0669]
2026-06-08 11:07:56,684 - INFO - epoch 1078 training [time: 0.29s, train loss: 0.2428, reconstruction loss: 0.0668]
2026-06-08 11:07:56,969 - INFO - epoch 1079 training [time: 0.29s, train loss: 0.2429, reconstruction loss: 0.0669]
2026-06-08 11:07:57,257 - INFO - epoch 1080 training [time: 0.29s, train loss: 0.2428, reconstruction loss: 0.0669]
2026-06-08 11:07:57,548 - INFO - epoch 1081 training [time: 0.29s, train loss: 0.2425, reconstruction loss: 0.0668]
2026-06-08 11:07:57,839 - INFO - epoch 1082 training [time: 0.29s, train loss: 0.2428, reconstruction loss: 0.0668]
2026-06-08 11:07:58,124 - INFO - epoch 1083 training [time: 0.28s, train loss: 0.2432, reconstruction loss: 0.0669]
2026-06-08 11:07:58,422 - INFO - epoch 1084 training [time: 0.30s, train loss: 0.2429, reconstruction loss: 0.0669]
2026-06-08 11:07:58,721 - INFO - epoch 1085 training [time: 0.30s, train loss: 0.2431, reconstruction loss: 0.0668]
2026-06-08 11:07:59,013 - INFO - epoch 1086 training [time: 0.29s, train loss: 0.2431, reconstruction loss: 0.0669]
2026-06-08 11:07:59,292 - INFO - epoch 1087 training [time: 0.28s, train loss: 0.2432, reconstruction loss: 0.0669]
2026-06-08 11:07:59,587 - INFO - epoch 1088 training [time: 0.29s, train loss: 0.2431, reconstruction loss: 0.0669]
2026-06-08 11:07:59,880 - INFO - epoch 1089 training [time: 0.29s, train loss: 0.2427, reconstruction loss: 0.0668]
2026-06-08 11:08:00,177 - INFO - epoch 1090 training [time: 0.30s, train loss: 0.2425, reconstruction loss: 0.0669]
2026-06-08 11:08:00,471 - INFO - epoch 1091 training [time: 0.29s, train loss: 0.2427, reconstruction loss: 0.0669]
2026-06-08 11:08:00,760 - INFO - epoch 1092 training [time: 0.29s, train loss: 0.2430, reconstruction loss: 0.0669]
2026-06-08 11:08:01,050 - INFO - epoch 1093 training [time: 0.29s, train loss: 0.2426, reconstruction loss: 0.0668]
2026-06-08 11:08:01,347 - INFO - epoch 1094 training [time: 0.30s, train loss: 0.2429, reconstruction loss: 0.0669]
2026-06-08 11:08:01,629 - INFO - epoch 1095 training [time: 0.28s, train loss: 0.2429, reconstruction loss: 0.0669]
2026-06-08 11:08:01,923 - INFO - epoch 1096 training [time: 0.29s, train loss: 0.2428, reconstruction loss: 0.0669]
2026-06-08 11:08:02,212 - INFO - epoch 1097 training [time: 0.29s, train loss: 0.2426, reconstruction loss: 0.0669]
2026-06-08 11:08:02,495 - INFO - epoch 1098 training [time: 0.28s, train loss: 0.2428, reconstruction loss: 0.0669]
2026-06-08 11:08:02,782 - INFO - epoch 1099 training [time: 0.29s, train loss: 0.2428, reconstruction loss: 0.0669]
2026-06-08 11:08:02,979 - INFO - epoch 1099 evaluating [time: 0.20s, collision_rate: 0.064155]
2026-06-08 11:08:02,985 - INFO - Saving current/home/mingyu/news_rec/Data/ckpt/Jun-08-2026_11-02-38/epoch_1099_collision_0.0642_model.pth
2026-06-08 11:08:03,286 - INFO - epoch 1100 training [time: 0.30s, train loss: 0.2427, reconstruction loss: 0.0669]
2026-06-08 11:08:03,583 - INFO - epoch 1101 training [time: 0.30s, train loss: 0.2428, reconstruction loss: 0.0668]
2026-06-08 11:08:03,886 - INFO - epoch 1102 training [time: 0.30s, train loss: 0.2426, reconstruction loss: 0.0669]
2026-06-08 11:08:04,174 - INFO - epoch 1103 training [time: 0.29s, train loss: 0.2427, reconstruction loss: 0.0668]
2026-06-08 11:08:04,471 - INFO - epoch 1104 training [time: 0.30s, train loss: 0.2431, reconstruction loss: 0.0668]
2026-06-08 11:08:04,756 - INFO - epoch 1105 training [time: 0.28s, train loss: 0.2430, reconstruction loss: 0.0668]
2026-06-08 11:08:05,043 - INFO - epoch 1106 training [time: 0.29s, train loss: 0.2432, reconstruction loss: 0.0669]
2026-06-08 11:08:05,325 - INFO - epoch 1107 training [time: 0.28s, train loss: 0.2429, reconstruction loss: 0.0670]
2026-06-08 11:08:05,612 - INFO - epoch 1108 training [time: 0.29s, train loss: 0.2429, reconstruction loss: 0.0669]
2026-06-08 11:08:05,901 - INFO - epoch 1109 training [time: 0.29s, train loss: 0.2422, reconstruction loss: 0.0668]
2026-06-08 11:08:06,196 - INFO - epoch 1110 training [time: 0.29s, train loss: 0.2432, reconstruction loss: 0.0669]
2026-06-08 11:08:06,477 - INFO - epoch 1111 training [time: 0.28s, train loss: 0.2425, reconstruction loss: 0.0668]
2026-06-08 11:08:06,777 - INFO - epoch 1112 training [time: 0.30s, train loss: 0.2428, reconstruction loss: 0.0668]
2026-06-08 11:08:07,057 - INFO - epoch 1113 training [time: 0.28s, train loss: 0.2427, reconstruction loss: 0.0668]
2026-06-08 11:08:07,354 - INFO - epoch 1114 training [time: 0.30s, train loss: 0.2435, reconstruction loss: 0.0669]
2026-06-08 11:08:07,654 - INFO - epoch 1115 training [time: 0.30s, train loss: 0.2425, reconstruction loss: 0.0668]
2026-06-08 11:08:07,938 - INFO - epoch 1116 training [time: 0.28s, train loss: 0.2430, reconstruction loss: 0.0669]
2026-06-08 11:08:08,223 - INFO - epoch 1117 training [time: 0.29s, train loss: 0.2431, reconstruction loss: 0.0668]
2026-06-08 11:08:08,510 - INFO - epoch 1118 training [time: 0.29s, train loss: 0.2429, reconstruction loss: 0.0668]
2026-06-08 11:08:08,804 - INFO - epoch 1119 training [time: 0.29s, train loss: 0.2430, reconstruction loss: 0.0668]
2026-06-08 11:08:09,101 - INFO - epoch 1120 training [time: 0.30s, train loss: 0.2430, reconstruction loss: 0.0668]
2026-06-08 11:08:09,396 - INFO - epoch 1121 training [time: 0.29s, train loss: 0.2428, reconstruction loss: 0.0669]
2026-06-08 11:08:09,685 - INFO - epoch 1122 training [time: 0.29s, train loss: 0.2431, reconstruction loss: 0.0669]
2026-06-08 11:08:09,969 - INFO - epoch 1123 training [time: 0.28s, train loss: 0.2431, reconstruction loss: 0.0668]
2026-06-08 11:08:10,258 - INFO - epoch 1124 training [time: 0.29s, train loss: 0.2432, reconstruction loss: 0.0668]
2026-06-08 11:08:10,558 - INFO - epoch 1125 training [time: 0.30s, train loss: 0.2431, reconstruction loss: 0.0669]
2026-06-08 11:08:10,844 - INFO - epoch 1126 training [time: 0.29s, train loss: 0.2427, reconstruction loss: 0.0668]
2026-06-08 11:08:11,132 - INFO - epoch 1127 training [time: 0.29s, train loss: 0.2427, reconstruction loss: 0.0668]
2026-06-08 11:08:11,418 - INFO - epoch 1128 training [time: 0.29s, train loss: 0.2428, reconstruction loss: 0.0668]
2026-06-08 11:08:11,711 - INFO - epoch 1129 training [time: 0.29s, train loss: 0.2427, reconstruction loss: 0.0668]
2026-06-08 11:08:12,001 - INFO - epoch 1130 training [time: 0.29s, train loss: 0.2423, reconstruction loss: 0.0667]
2026-06-08 11:08:12,285 - INFO - epoch 1131 training [time: 0.28s, train loss: 0.2428, reconstruction loss: 0.0668]
2026-06-08 11:08:12,570 - INFO - epoch 1132 training [time: 0.28s, train loss: 0.2427, reconstruction loss: 0.0668]
2026-06-08 11:08:12,868 - INFO - epoch 1133 training [time: 0.30s, train loss: 0.2424, reconstruction loss: 0.0667]
2026-06-08 11:08:13,166 - INFO - epoch 1134 training [time: 0.30s, train loss: 0.2428, reconstruction loss: 0.0669]
2026-06-08 11:08:13,472 - INFO - epoch 1135 training [time: 0.31s, train loss: 0.2430, reconstruction loss: 0.0668]
2026-06-08 11:08:13,760 - INFO - epoch 1136 training [time: 0.29s, train loss: 0.2432, reconstruction loss: 0.0668]
2026-06-08 11:08:14,055 - INFO - epoch 1137 training [time: 0.29s, train loss: 0.2433, reconstruction loss: 0.0668]
2026-06-08 11:08:14,353 - INFO - epoch 1138 training [time: 0.30s, train loss: 0.2426, reconstruction loss: 0.0668]
2026-06-08 11:08:14,644 - INFO - epoch 1139 training [time: 0.29s, train loss: 0.2427, reconstruction loss: 0.0668]
2026-06-08 11:08:14,923 - INFO - epoch 1140 training [time: 0.28s, train loss: 0.2432, reconstruction loss: 0.0668]
2026-06-08 11:08:15,210 - INFO - epoch 1141 training [time: 0.29s, train loss: 0.2428, reconstruction loss: 0.0668]
2026-06-08 11:08:15,507 - INFO - epoch 1142 training [time: 0.30s, train loss: 0.2431, reconstruction loss: 0.0668]
2026-06-08 11:08:15,788 - INFO - epoch 1143 training [time: 0.28s, train loss: 0.2429, reconstruction loss: 0.0668]
2026-06-08 11:08:16,086 - INFO - epoch 1144 training [time: 0.30s, train loss: 0.2434, reconstruction loss: 0.0668]
2026-06-08 11:08:16,370 - INFO - epoch 1145 training [time: 0.28s, train loss: 0.2433, reconstruction loss: 0.0668]
2026-06-08 11:08:16,673 - INFO - epoch 1146 training [time: 0.30s, train loss: 0.2432, reconstruction loss: 0.0668]
2026-06-08 11:08:16,961 - INFO - epoch 1147 training [time: 0.29s, train loss: 0.2431, reconstruction loss: 0.0667]
2026-06-08 11:08:17,250 - INFO - epoch 1148 training [time: 0.29s, train loss: 0.2435, reconstruction loss: 0.0667]
2026-06-08 11:08:17,547 - INFO - epoch 1149 training [time: 0.30s, train loss: 0.2430, reconstruction loss: 0.0668]
2026-06-08 11:08:17,742 - INFO - epoch 1149 evaluating [time: 0.19s, collision_rate: 0.065481]
2026-06-08 11:08:17,747 - INFO - Saving current/home/mingyu/news_rec/Data/ckpt/Jun-08-2026_11-02-38/epoch_1149_collision_0.0655_model.pth
2026-06-08 11:08:18,043 - INFO - epoch 1150 training [time: 0.30s, train loss: 0.2433, reconstruction loss: 0.0668]
2026-06-08 11:08:18,332 - INFO - epoch 1151 training [time: 0.29s, train loss: 0.2430, reconstruction loss: 0.0667]
2026-06-08 11:08:18,619 - INFO - epoch 1152 training [time: 0.29s, train loss: 0.2431, reconstruction loss: 0.0667]
2026-06-08 11:08:18,909 - INFO - epoch 1153 training [time: 0.29s, train loss: 0.2435, reconstruction loss: 0.0668]
2026-06-08 11:08:19,205 - INFO - epoch 1154 training [time: 0.30s, train loss: 0.2433, reconstruction loss: 0.0667]
2026-06-08 11:08:19,501 - INFO - epoch 1155 training [time: 0.30s, train loss: 0.2432, reconstruction loss: 0.0668]
2026-06-08 11:08:19,786 - INFO - epoch 1156 training [time: 0.28s, train loss: 0.2433, reconstruction loss: 0.0668]
2026-06-08 11:08:20,079 - INFO - epoch 1157 training [time: 0.29s, train loss: 0.2431, reconstruction loss: 0.0667]
2026-06-08 11:08:20,358 - INFO - epoch 1158 training [time: 0.28s, train loss: 0.2427, reconstruction loss: 0.0667]
2026-06-08 11:08:20,653 - INFO - epoch 1159 training [time: 0.29s, train loss: 0.2432, reconstruction loss: 0.0666]
2026-06-08 11:08:20,938 - INFO - epoch 1160 training [time: 0.29s, train loss: 0.2435, reconstruction loss: 0.0668]
2026-06-08 11:08:21,244 - INFO - epoch 1161 training [time: 0.31s, train loss: 0.2433, reconstruction loss: 0.0668]
2026-06-08 11:08:21,541 - INFO - epoch 1162 training [time: 0.30s, train loss: 0.2433, reconstruction loss: 0.0667]
2026-06-08 11:08:21,833 - INFO - epoch 1163 training [time: 0.29s, train loss: 0.2432, reconstruction loss: 0.0668]
2026-06-08 11:08:22,130 - INFO - epoch 1164 training [time: 0.30s, train loss: 0.2429, reconstruction loss: 0.0667]
2026-06-08 11:08:22,423 - INFO - epoch 1165 training [time: 0.29s, train loss: 0.2434, reconstruction loss: 0.0668]
2026-06-08 11:08:22,725 - INFO - epoch 1166 training [time: 0.30s, train loss: 0.2429, reconstruction loss: 0.0667]
2026-06-08 11:08:23,022 - INFO - epoch 1167 training [time: 0.30s, train loss: 0.2436, reconstruction loss: 0.0669]
2026-06-08 11:08:23,308 - INFO - epoch 1168 training [time: 0.29s, train loss: 0.2436, reconstruction loss: 0.0668]
2026-06-08 11:08:23,603 - INFO - epoch 1169 training [time: 0.29s, train loss: 0.2437, reconstruction loss: 0.0668]
2026-06-08 11:08:23,905 - INFO - epoch 1170 training [time: 0.30s, train loss: 0.2432, reconstruction loss: 0.0668]
2026-06-08 11:08:24,192 - INFO - epoch 1171 training [time: 0.29s, train loss: 0.2434, reconstruction loss: 0.0668]
2026-06-08 11:08:24,484 - INFO - epoch 1172 training [time: 0.29s, train loss: 0.2437, reconstruction loss: 0.0668]
2026-06-08 11:08:24,766 - INFO - epoch 1173 training [time: 0.28s, train loss: 0.2436, reconstruction loss: 0.0668]
2026-06-08 11:08:25,065 - INFO - epoch 1174 training [time: 0.30s, train loss: 0.2440, reconstruction loss: 0.0668]
2026-06-08 11:08:25,360 - INFO - epoch 1175 training [time: 0.29s, train loss: 0.2433, reconstruction loss: 0.0667]
2026-06-08 11:08:25,654 - INFO - epoch 1176 training [time: 0.29s, train loss: 0.2434, reconstruction loss: 0.0668]
2026-06-08 11:08:25,952 - INFO - epoch 1177 training [time: 0.30s, train loss: 0.2433, reconstruction loss: 0.0668]
2026-06-08 11:08:26,233 - INFO - epoch 1178 training [time: 0.28s, train loss: 0.2440, reconstruction loss: 0.0668]
2026-06-08 11:08:26,520 - INFO - epoch 1179 training [time: 0.29s, train loss: 0.2437, reconstruction loss: 0.0668]
2026-06-08 11:08:26,820 - INFO - epoch 1180 training [time: 0.30s, train loss: 0.2431, reconstruction loss: 0.0667]
2026-06-08 11:08:27,108 - INFO - epoch 1181 training [time: 0.29s, train loss: 0.2435, reconstruction loss: 0.0667]
2026-06-08 11:08:27,416 - INFO - epoch 1182 training [time: 0.31s, train loss: 0.2433, reconstruction loss: 0.0667]
2026-06-08 11:08:27,709 - INFO - epoch 1183 training [time: 0.29s, train loss: 0.2434, reconstruction loss: 0.0667]
2026-06-08 11:08:27,997 - INFO - epoch 1184 training [time: 0.29s, train loss: 0.2433, reconstruction loss: 0.0668]
2026-06-08 11:08:28,286 - INFO - epoch 1185 training [time: 0.29s, train loss: 0.2434, reconstruction loss: 0.0668]
2026-06-08 11:08:28,584 - INFO - epoch 1186 training [time: 0.30s, train loss: 0.2436, reconstruction loss: 0.0668]
2026-06-08 11:08:28,878 - INFO - epoch 1187 training [time: 0.29s, train loss: 0.2434, reconstruction loss: 0.0667]
2026-06-08 11:08:29,168 - INFO - epoch 1188 training [time: 0.29s, train loss: 0.2437, reconstruction loss: 0.0667]
2026-06-08 11:08:29,455 - INFO - epoch 1189 training [time: 0.29s, train loss: 0.2433, reconstruction loss: 0.0668]
2026-06-08 11:08:29,741 - INFO - epoch 1190 training [time: 0.29s, train loss: 0.2429, reconstruction loss: 0.0667]
2026-06-08 11:08:30,019 - INFO - epoch 1191 training [time: 0.28s, train loss: 0.2433, reconstruction loss: 0.0667]
2026-06-08 11:08:30,323 - INFO - epoch 1192 training [time: 0.30s, train loss: 0.2434, reconstruction loss: 0.0669]
2026-06-08 11:08:30,624 - INFO - epoch 1193 training [time: 0.30s, train loss: 0.2431, reconstruction loss: 0.0668]
2026-06-08 11:08:30,922 - INFO - epoch 1194 training [time: 0.30s, train loss: 0.2431, reconstruction loss: 0.0667]
2026-06-08 11:08:31,217 - INFO - epoch 1195 training [time: 0.29s, train loss: 0.2432, reconstruction loss: 0.0667]
2026-06-08 11:08:31,513 - INFO - epoch 1196 training [time: 0.30s, train loss: 0.2436, reconstruction loss: 0.0668]
2026-06-08 11:08:31,815 - INFO - epoch 1197 training [time: 0.30s, train loss: 0.2438, reconstruction loss: 0.0668]
2026-06-08 11:08:32,116 - INFO - epoch 1198 training [time: 0.30s, train loss: 0.2433, reconstruction loss: 0.0668]
2026-06-08 11:08:32,416 - INFO - epoch 1199 training [time: 0.30s, train loss: 0.2431, reconstruction loss: 0.0668]
2026-06-08 11:08:32,602 - INFO - epoch 1199 evaluating [time: 0.19s, collision_rate: 0.064311]
2026-06-08 11:08:32,607 - INFO - Saving current/home/mingyu/news_rec/Data/ckpt/Jun-08-2026_11-02-38/epoch_1199_collision_0.0643_model.pth
2026-06-08 11:08:32,902 - INFO - epoch 1200 training [time: 0.29s, train loss: 0.2431, reconstruction loss: 0.0667]
2026-06-08 11:08:33,188 - INFO - epoch 1201 training [time: 0.29s, train loss: 0.2437, reconstruction loss: 0.0667]
2026-06-08 11:08:33,479 - INFO - epoch 1202 training [time: 0.29s, train loss: 0.2438, reconstruction loss: 0.0668]
2026-06-08 11:08:33,768 - INFO - epoch 1203 training [time: 0.29s, train loss: 0.2437, reconstruction loss: 0.0668]
2026-06-08 11:08:34,055 - INFO - epoch 1204 training [time: 0.29s, train loss: 0.2436, reconstruction loss: 0.0667]
2026-06-08 11:08:34,345 - INFO - epoch 1205 training [time: 0.29s, train loss: 0.2435, reconstruction loss: 0.0667]
2026-06-08 11:08:34,648 - INFO - epoch 1206 training [time: 0.30s, train loss: 0.2440, reconstruction loss: 0.0667]
2026-06-08 11:08:34,958 - INFO - epoch 1207 training [time: 0.31s, train loss: 0.2431, reconstruction loss: 0.0667]
2026-06-08 11:08:35,255 - INFO - epoch 1208 training [time: 0.30s, train loss: 0.2434, reconstruction loss: 0.0668]
2026-06-08 11:08:35,543 - INFO - epoch 1209 training [time: 0.29s, train loss: 0.2433, reconstruction loss: 0.0667]
2026-06-08 11:08:35,824 - INFO - epoch 1210 training [time: 0.28s, train loss: 0.2439, reconstruction loss: 0.0667]
2026-06-08 11:08:36,116 - INFO - epoch 1211 training [time: 0.29s, train loss: 0.2439, reconstruction loss: 0.0667]
2026-06-08 11:08:36,410 - INFO - epoch 1212 training [time: 0.29s, train loss: 0.2443, reconstruction loss: 0.0668]
2026-06-08 11:08:36,699 - INFO - epoch 1213 training [time: 0.29s, train loss: 0.2440, reconstruction loss: 0.0668]
2026-06-08 11:08:36,991 - INFO - epoch 1214 training [time: 0.29s, train loss: 0.2434, reconstruction loss: 0.0668]
2026-06-08 11:08:37,284 - INFO - epoch 1215 training [time: 0.29s, train loss: 0.2441, reconstruction loss: 0.0667]
2026-06-08 11:08:37,571 - INFO - epoch 1216 training [time: 0.29s, train loss: 0.2439, reconstruction loss: 0.0668]
2026-06-08 11:08:37,872 - INFO - epoch 1217 training [time: 0.30s, train loss: 0.2440, reconstruction loss: 0.0668]
2026-06-08 11:08:38,161 - INFO - epoch 1218 training [time: 0.29s, train loss: 0.2443, reconstruction loss: 0.0667]
2026-06-08 11:08:38,461 - INFO - epoch 1219 training [time: 0.30s, train loss: 0.2442, reconstruction loss: 0.0668]
2026-06-08 11:08:38,760 - INFO - epoch 1220 training [time: 0.30s, train loss: 0.2440, reconstruction loss: 0.0667]
2026-06-08 11:08:39,058 - INFO - epoch 1221 training [time: 0.30s, train loss: 0.2437, reconstruction loss: 0.0667]
2026-06-08 11:08:39,350 - INFO - epoch 1222 training [time: 0.29s, train loss: 0.2444, reconstruction loss: 0.0669]
2026-06-08 11:08:39,631 - INFO - epoch 1223 training [time: 0.28s, train loss: 0.2444, reconstruction loss: 0.0667]
2026-06-08 11:08:39,915 - INFO - epoch 1224 training [time: 0.28s, train loss: 0.2440, reconstruction loss: 0.0667]
2026-06-08 11:08:40,205 - INFO - epoch 1225 training [time: 0.29s, train loss: 0.2442, reconstruction loss: 0.0667]
2026-06-08 11:08:40,493 - INFO - epoch 1226 training [time: 0.29s, train loss: 0.2441, reconstruction loss: 0.0667]
2026-06-08 11:08:40,787 - INFO - epoch 1227 training [time: 0.29s, train loss: 0.2438, reconstruction loss: 0.0667]
2026-06-08 11:08:41,083 - INFO - epoch 1228 training [time: 0.30s, train loss: 0.2441, reconstruction loss: 0.0667]
2026-06-08 11:08:41,382 - INFO - epoch 1229 training [time: 0.30s, train loss: 0.2446, reconstruction loss: 0.0667]
2026-06-08 11:08:41,670 - INFO - epoch 1230 training [time: 0.29s, train loss: 0.2443, reconstruction loss: 0.0668]
2026-06-08 11:08:41,953 - INFO - epoch 1231 training [time: 0.28s, train loss: 0.2440, reconstruction loss: 0.0667]
2026-06-08 11:08:42,232 - INFO - epoch 1232 training [time: 0.28s, train loss: 0.2445, reconstruction loss: 0.0667]
2026-06-08 11:08:42,517 - INFO - epoch 1233 training [time: 0.29s, train loss: 0.2440, reconstruction loss: 0.0668]
2026-06-08 11:08:42,811 - INFO - epoch 1234 training [time: 0.29s, train loss: 0.2439, reconstruction loss: 0.0667]
2026-06-08 11:08:43,098 - INFO - epoch 1235 training [time: 0.29s, train loss: 0.2438, reconstruction loss: 0.0667]
2026-06-08 11:08:43,396 - INFO - epoch 1236 training [time: 0.30s, train loss: 0.2442, reconstruction loss: 0.0668]
2026-06-08 11:08:43,682 - INFO - epoch 1237 training [time: 0.29s, train loss: 0.2445, reconstruction loss: 0.0668]
2026-06-08 11:08:43,973 - INFO - epoch 1238 training [time: 0.29s, train loss: 0.2441, reconstruction loss: 0.0667]
2026-06-08 11:08:44,266 - INFO - epoch 1239 training [time: 0.29s, train loss: 0.2443, reconstruction loss: 0.0667]
2026-06-08 11:08:44,567 - INFO - epoch 1240 training [time: 0.30s, train loss: 0.2442, reconstruction loss: 0.0668]
2026-06-08 11:08:44,848 - INFO - epoch 1241 training [time: 0.28s, train loss: 0.2443, reconstruction loss: 0.0667]
2026-06-08 11:08:45,144 - INFO - epoch 1242 training [time: 0.30s, train loss: 0.2433, reconstruction loss: 0.0667]
2026-06-08 11:08:45,439 - INFO - epoch 1243 training [time: 0.29s, train loss: 0.2440, reconstruction loss: 0.0666]
2026-06-08 11:08:45,733 - INFO - epoch 1244 training [time: 0.29s, train loss: 0.2441, reconstruction loss: 0.0668]
2026-06-08 11:08:46,023 - INFO - epoch 1245 training [time: 0.29s, train loss: 0.2447, reconstruction loss: 0.0667]
2026-06-08 11:08:46,327 - INFO - epoch 1246 training [time: 0.30s, train loss: 0.2437, reconstruction loss: 0.0667]
2026-06-08 11:08:46,631 - INFO - epoch 1247 training [time: 0.30s, train loss: 0.2439, reconstruction loss: 0.0667]
2026-06-08 11:08:46,922 - INFO - epoch 1248 training [time: 0.29s, train loss: 0.2441, reconstruction loss: 0.0668]
2026-06-08 11:08:47,222 - INFO - epoch 1249 training [time: 0.30s, train loss: 0.2442, reconstruction loss: 0.0668]
2026-06-08 11:08:47,391 - INFO - epoch 1249 evaluating [time: 0.17s, collision_rate: 0.063531]
2026-06-08 11:08:47,396 - INFO - Saving current/home/mingyu/news_rec/Data/ckpt/Jun-08-2026_11-02-38/epoch_1249_collision_0.0635_model.pth
2026-06-08 11:08:47,693 - INFO - epoch 1250 training [time: 0.30s, train loss: 0.2444, reconstruction loss: 0.0667]
2026-06-08 11:08:47,996 - INFO - epoch 1251 training [time: 0.30s, train loss: 0.2443, reconstruction loss: 0.0667]
2026-06-08 11:08:48,291 - INFO - epoch 1252 training [time: 0.29s, train loss: 0.2445, reconstruction loss: 0.0667]
2026-06-08 11:08:48,590 - INFO - epoch 1253 training [time: 0.30s, train loss: 0.2441, reconstruction loss: 0.0667]
2026-06-08 11:08:48,878 - INFO - epoch 1254 training [time: 0.29s, train loss: 0.2438, reconstruction loss: 0.0667]
2026-06-08 11:08:49,170 - INFO - epoch 1255 training [time: 0.29s, train loss: 0.2445, reconstruction loss: 0.0666]
2026-06-08 11:08:49,462 - INFO - epoch 1256 training [time: 0.29s, train loss: 0.2444, reconstruction loss: 0.0667]
2026-06-08 11:08:49,751 - INFO - epoch 1257 training [time: 0.29s, train loss: 0.2443, reconstruction loss: 0.0666]
2026-06-08 11:08:50,041 - INFO - epoch 1258 training [time: 0.29s, train loss: 0.2438, reconstruction loss: 0.0667]
2026-06-08 11:08:50,340 - INFO - epoch 1259 training [time: 0.30s, train loss: 0.2450, reconstruction loss: 0.0667]
2026-06-08 11:08:50,634 - INFO - epoch 1260 training [time: 0.29s, train loss: 0.2442, reconstruction loss: 0.0667]
2026-06-08 11:08:50,936 - INFO - epoch 1261 training [time: 0.30s, train loss: 0.2443, reconstruction loss: 0.0667]
2026-06-08 11:08:51,219 - INFO - epoch 1262 training [time: 0.28s, train loss: 0.2443, reconstruction loss: 0.0667]
2026-06-08 11:08:51,516 - INFO - epoch 1263 training [time: 0.30s, train loss: 0.2444, reconstruction loss: 0.0667]
2026-06-08 11:08:51,809 - INFO - epoch 1264 training [time: 0.29s, train loss: 0.2439, reconstruction loss: 0.0666]
2026-06-08 11:08:52,104 - INFO - epoch 1265 training [time: 0.30s, train loss: 0.2444, reconstruction loss: 0.0667]
2026-06-08 11:08:52,388 - INFO - epoch 1266 training [time: 0.28s, train loss: 0.2451, reconstruction loss: 0.0667]
2026-06-08 11:08:52,687 - INFO - epoch 1267 training [time: 0.30s, train loss: 0.2448, reconstruction loss: 0.0667]
2026-06-08 11:08:52,980 - INFO - epoch 1268 training [time: 0.29s, train loss: 0.2444, reconstruction loss: 0.0666]
2026-06-08 11:08:53,261 - INFO - epoch 1269 training [time: 0.28s, train loss: 0.2442, reconstruction loss: 0.0667]
2026-06-08 11:08:53,545 - INFO - epoch 1270 training [time: 0.28s, train loss: 0.2448, reconstruction loss: 0.0667]
2026-06-08 11:08:53,841 - INFO - epoch 1271 training [time: 0.30s, train loss: 0.2443, reconstruction loss: 0.0666]
2026-06-08 11:08:54,143 - INFO - epoch 1272 training [time: 0.30s, train loss: 0.2442, reconstruction loss: 0.0667]
2026-06-08 11:08:54,434 - INFO - epoch 1273 training [time: 0.29s, train loss: 0.2449, reconstruction loss: 0.0668]
2026-06-08 11:08:54,732 - INFO - epoch 1274 training [time: 0.30s, train loss: 0.2445, reconstruction loss: 0.0666]
2026-06-08 11:08:55,015 - INFO - epoch 1275 training [time: 0.28s, train loss: 0.2442, reconstruction loss: 0.0667]
2026-06-08 11:08:55,306 - INFO - epoch 1276 training [time: 0.29s, train loss: 0.2442, reconstruction loss: 0.0667]
2026-06-08 11:08:55,597 - INFO - epoch 1277 training [time: 0.29s, train loss: 0.2443, reconstruction loss: 0.0666]
2026-06-08 11:08:55,883 - INFO - epoch 1278 training [time: 0.29s, train loss: 0.2443, reconstruction loss: 0.0666]
2026-06-08 11:08:56,171 - INFO - epoch 1279 training [time: 0.29s, train loss: 0.2443, reconstruction loss: 0.0667]
2026-06-08 11:08:56,461 - INFO - epoch 1280 training [time: 0.29s, train loss: 0.2447, reconstruction loss: 0.0667]
2026-06-08 11:08:56,752 - INFO - epoch 1281 training [time: 0.29s, train loss: 0.2443, reconstruction loss: 0.0667]
2026-06-08 11:08:57,035 - INFO - epoch 1282 training [time: 0.28s, train loss: 0.2439, reconstruction loss: 0.0666]
2026-06-08 11:08:57,328 - INFO - epoch 1283 training [time: 0.29s, train loss: 0.2442, reconstruction loss: 0.0666]
2026-06-08 11:08:57,624 - INFO - epoch 1284 training [time: 0.30s, train loss: 0.2444, reconstruction loss: 0.0667]
2026-06-08 11:08:57,920 - INFO - epoch 1285 training [time: 0.30s, train loss: 0.2444, reconstruction loss: 0.0666]
2026-06-08 11:08:58,218 - INFO - epoch 1286 training [time: 0.30s, train loss: 0.2443, reconstruction loss: 0.0666]
2026-06-08 11:08:58,510 - INFO - epoch 1287 training [time: 0.29s, train loss: 0.2439, reconstruction loss: 0.0666]
2026-06-08 11:08:58,805 - INFO - epoch 1288 training [time: 0.29s, train loss: 0.2448, reconstruction loss: 0.0667]
2026-06-08 11:08:59,091 - INFO - epoch 1289 training [time: 0.29s, train loss: 0.2451, reconstruction loss: 0.0666]
2026-06-08 11:08:59,384 - INFO - epoch 1290 training [time: 0.29s, train loss: 0.2448, reconstruction loss: 0.0667]
2026-06-08 11:08:59,678 - INFO - epoch 1291 training [time: 0.29s, train loss: 0.2446, reconstruction loss: 0.0666]
2026-06-08 11:08:59,969 - INFO - epoch 1292 training [time: 0.29s, train loss: 0.2445, reconstruction loss: 0.0666]
2026-06-08 11:09:00,265 - INFO - epoch 1293 training [time: 0.30s, train loss: 0.2449, reconstruction loss: 0.0667]
2026-06-08 11:09:00,556 - INFO - epoch 1294 training [time: 0.29s, train loss: 0.2446, reconstruction loss: 0.0666]
2026-06-08 11:09:00,846 - INFO - epoch 1295 training [time: 0.29s, train loss: 0.2441, reconstruction loss: 0.0666]
2026-06-08 11:09:01,139 - INFO - epoch 1296 training [time: 0.29s, train loss: 0.2440, reconstruction loss: 0.0666]
2026-06-08 11:09:01,429 - INFO - epoch 1297 training [time: 0.29s, train loss: 0.2438, reconstruction loss: 0.0666]
2026-06-08 11:09:01,723 - INFO - epoch 1298 training [time: 0.29s, train loss: 0.2438, reconstruction loss: 0.0666]
2026-06-08 11:09:02,018 - INFO - epoch 1299 training [time: 0.29s, train loss: 0.2443, reconstruction loss: 0.0666]
2026-06-08 11:09:02,208 - INFO - epoch 1299 evaluating [time: 0.19s, collision_rate: 0.063960]
2026-06-08 11:09:02,213 - INFO - Saving current/home/mingyu/news_rec/Data/ckpt/Jun-08-2026_11-02-38/epoch_1299_collision_0.0640_model.pth
2026-06-08 11:09:02,505 - INFO - epoch 1300 training [time: 0.29s, train loss: 0.2445, reconstruction loss: 0.0666]
2026-06-08 11:09:02,793 - INFO - epoch 1301 training [time: 0.29s, train loss: 0.2441, reconstruction loss: 0.0666]
2026-06-08 11:09:03,086 - INFO - epoch 1302 training [time: 0.29s, train loss: 0.2442, reconstruction loss: 0.0666]
2026-06-08 11:09:03,378 - INFO - epoch 1303 training [time: 0.29s, train loss: 0.2439, reconstruction loss: 0.0666]
2026-06-08 11:09:03,658 - INFO - epoch 1304 training [time: 0.28s, train loss: 0.2446, reconstruction loss: 0.0667]
2026-06-08 11:09:03,950 - INFO - epoch 1305 training [time: 0.29s, train loss: 0.2444, reconstruction loss: 0.0666]
2026-06-08 11:09:04,240 - INFO - epoch 1306 training [time: 0.29s, train loss: 0.2443, reconstruction loss: 0.0666]
2026-06-08 11:09:04,539 - INFO - epoch 1307 training [time: 0.30s, train loss: 0.2444, reconstruction loss: 0.0666]
2026-06-08 11:09:04,831 - INFO - epoch 1308 training [time: 0.29s, train loss: 0.2444, reconstruction loss: 0.0667]
2026-06-08 11:09:05,121 - INFO - epoch 1309 training [time: 0.29s, train loss: 0.2442, reconstruction loss: 0.0666]
2026-06-08 11:09:05,412 - INFO - epoch 1310 training [time: 0.29s, train loss: 0.2443, reconstruction loss: 0.0666]
2026-06-08 11:09:05,701 - INFO - epoch 1311 training [time: 0.29s, train loss: 0.2442, reconstruction loss: 0.0666]
2026-06-08 11:09:05,993 - INFO - epoch 1312 training [time: 0.29s, train loss: 0.2444, reconstruction loss: 0.0667]
2026-06-08 11:09:06,284 - INFO - epoch 1313 training [time: 0.29s, train loss: 0.2444, reconstruction loss: 0.0666]
2026-06-08 11:09:06,572 - INFO - epoch 1314 training [time: 0.29s, train loss: 0.2447, reconstruction loss: 0.0666]
2026-06-08 11:09:06,861 - INFO - epoch 1315 training [time: 0.29s, train loss: 0.2444, reconstruction loss: 0.0666]
2026-06-08 11:09:07,158 - INFO - epoch 1316 training [time: 0.30s, train loss: 0.2447, reconstruction loss: 0.0667]
2026-06-08 11:09:07,457 - INFO - epoch 1317 training [time: 0.30s, train loss: 0.2444, reconstruction loss: 0.0666]
2026-06-08 11:09:07,740 - INFO - epoch 1318 training [time: 0.28s, train loss: 0.2447, reconstruction loss: 0.0666]
2026-06-08 11:09:08,033 - INFO - epoch 1319 training [time: 0.29s, train loss: 0.2447, reconstruction loss: 0.0666]
2026-06-08 11:09:08,326 - INFO - epoch 1320 training [time: 0.29s, train loss: 0.2442, reconstruction loss: 0.0667]
2026-06-08 11:09:08,613 - INFO - epoch 1321 training [time: 0.29s, train loss: 0.2448, reconstruction loss: 0.0666]
2026-06-08 11:09:08,901 - INFO - epoch 1322 training [time: 0.29s, train loss: 0.2445, reconstruction loss: 0.0665]
2026-06-08 11:09:09,196 - INFO - epoch 1323 training [time: 0.29s, train loss: 0.2449, reconstruction loss: 0.0666]
2026-06-08 11:09:09,486 - INFO - epoch 1324 training [time: 0.29s, train loss: 0.2449, reconstruction loss: 0.0666]
2026-06-08 11:09:09,786 - INFO - epoch 1325 training [time: 0.30s, train loss: 0.2443, reconstruction loss: 0.0666]
2026-06-08 11:09:10,077 - INFO - epoch 1326 training [time: 0.29s, train loss: 0.2448, reconstruction loss: 0.0666]
2026-06-08 11:09:10,367 - INFO - epoch 1327 training [time: 0.29s, train loss: 0.2442, reconstruction loss: 0.0665]
2026-06-08 11:09:10,658 - INFO - epoch 1328 training [time: 0.29s, train loss: 0.2445, reconstruction loss: 0.0666]
2026-06-08 11:09:10,953 - INFO - epoch 1329 training [time: 0.29s, train loss: 0.2446, reconstruction loss: 0.0666]
2026-06-08 11:09:11,236 - INFO - epoch 1330 training [time: 0.28s, train loss: 0.2440, reconstruction loss: 0.0666]
2026-06-08 11:09:11,531 - INFO - epoch 1331 training [time: 0.30s, train loss: 0.2439, reconstruction loss: 0.0665]
2026-06-08 11:09:11,825 - INFO - epoch 1332 training [time: 0.29s, train loss: 0.2436, reconstruction loss: 0.0666]
2026-06-08 11:09:12,105 - INFO - epoch 1333 training [time: 0.28s, train loss: 0.2438, reconstruction loss: 0.0665]
2026-06-08 11:09:12,394 - INFO - epoch 1334 training [time: 0.29s, train loss: 0.2436, reconstruction loss: 0.0666]
2026-06-08 11:09:12,680 - INFO - epoch 1335 training [time: 0.29s, train loss: 0.2443, reconstruction loss: 0.0666]
2026-06-08 11:09:12,973 - INFO - epoch 1336 training [time: 0.29s, train loss: 0.2442, reconstruction loss: 0.0666]
2026-06-08 11:09:13,271 - INFO - epoch 1337 training [time: 0.30s, train loss: 0.2446, reconstruction loss: 0.0666]
2026-06-08 11:09:13,549 - INFO - epoch 1338 training [time: 0.28s, train loss: 0.2440, reconstruction loss: 0.0665]
2026-06-08 11:09:13,835 - INFO - epoch 1339 training [time: 0.29s, train loss: 0.2444, reconstruction loss: 0.0666]
2026-06-08 11:09:14,115 - INFO - epoch 1340 training [time: 0.28s, train loss: 0.2441, reconstruction loss: 0.0666]
2026-06-08 11:09:14,400 - INFO - epoch 1341 training [time: 0.28s, train loss: 0.2447, reconstruction loss: 0.0666]
2026-06-08 11:09:14,686 - INFO - epoch 1342 training [time: 0.29s, train loss: 0.2446, reconstruction loss: 0.0666]
2026-06-08 11:09:14,971 - INFO - epoch 1343 training [time: 0.28s, train loss: 0.2449, reconstruction loss: 0.0665]
2026-06-08 11:09:15,272 - INFO - epoch 1344 training [time: 0.30s, train loss: 0.2442, reconstruction loss: 0.0665]
2026-06-08 11:09:15,567 - INFO - epoch 1345 training [time: 0.30s, train loss: 0.2443, reconstruction loss: 0.0667]
2026-06-08 11:09:15,863 - INFO - epoch 1346 training [time: 0.30s, train loss: 0.2441, reconstruction loss: 0.0666]
2026-06-08 11:09:16,166 - INFO - epoch 1347 training [time: 0.30s, train loss: 0.2443, reconstruction loss: 0.0665]
2026-06-08 11:09:16,461 - INFO - epoch 1348 training [time: 0.29s, train loss: 0.2440, reconstruction loss: 0.0665]
2026-06-08 11:09:16,748 - INFO - epoch 1349 training [time: 0.29s, train loss: 0.2448, reconstruction loss: 0.0666]
2026-06-08 11:09:16,942 - INFO - epoch 1349 evaluating [time: 0.19s, collision_rate: 0.062342]
2026-06-08 11:09:16,948 - INFO - Saving current/home/mingyu/news_rec/Data/ckpt/Jun-08-2026_11-02-38/epoch_1349_collision_0.0623_model.pth
2026-06-08 11:09:17,248 - INFO - epoch 1350 training [time: 0.30s, train loss: 0.2448, reconstruction loss: 0.0666]
2026-06-08 11:09:17,542 - INFO - epoch 1351 training [time: 0.29s, train loss: 0.2445, reconstruction loss: 0.0666]
2026-06-08 11:09:17,824 - INFO - epoch 1352 training [time: 0.28s, train loss: 0.2447, reconstruction loss: 0.0666]
2026-06-08 11:09:18,103 - INFO - epoch 1353 training [time: 0.28s, train loss: 0.2446, reconstruction loss: 0.0665]
2026-06-08 11:09:18,379 - INFO - epoch 1354 training [time: 0.28s, train loss: 0.2447, reconstruction loss: 0.0666]
2026-06-08 11:09:18,671 - INFO - epoch 1355 training [time: 0.29s, train loss: 0.2451, reconstruction loss: 0.0666]
2026-06-08 11:09:18,957 - INFO - epoch 1356 training [time: 0.29s, train loss: 0.2447, reconstruction loss: 0.0665]
2026-06-08 11:09:19,251 - INFO - epoch 1357 training [time: 0.29s, train loss: 0.2443, reconstruction loss: 0.0666]
2026-06-08 11:09:19,545 - INFO - epoch 1358 training [time: 0.29s, train loss: 0.2450, reconstruction loss: 0.0666]
2026-06-08 11:09:19,832 - INFO - epoch 1359 training [time: 0.29s, train loss: 0.2446, reconstruction loss: 0.0666]
2026-06-08 11:09:20,120 - INFO - epoch 1360 training [time: 0.29s, train loss: 0.2453, reconstruction loss: 0.0666]
2026-06-08 11:09:20,419 - INFO - epoch 1361 training [time: 0.30s, train loss: 0.2448, reconstruction loss: 0.0666]
2026-06-08 11:09:20,709 - INFO - epoch 1362 training [time: 0.29s, train loss: 0.2448, reconstruction loss: 0.0666]
2026-06-08 11:09:21,016 - INFO - epoch 1363 training [time: 0.31s, train loss: 0.2449, reconstruction loss: 0.0665]
2026-06-08 11:09:21,321 - INFO - epoch 1364 training [time: 0.30s, train loss: 0.2450, reconstruction loss: 0.0665]
2026-06-08 11:09:21,622 - INFO - epoch 1365 training [time: 0.30s, train loss: 0.2451, reconstruction loss: 0.0666]
2026-06-08 11:09:21,908 - INFO - epoch 1366 training [time: 0.29s, train loss: 0.2447, reconstruction loss: 0.0666]
2026-06-08 11:09:22,194 - INFO - epoch 1367 training [time: 0.29s, train loss: 0.2448, reconstruction loss: 0.0666]
2026-06-08 11:09:22,488 - INFO - epoch 1368 training [time: 0.29s, train loss: 0.2448, reconstruction loss: 0.0665]
2026-06-08 11:09:22,785 - INFO - epoch 1369 training [time: 0.30s, train loss: 0.2446, reconstruction loss: 0.0666]
2026-06-08 11:09:23,073 - INFO - epoch 1370 training [time: 0.29s, train loss: 0.2450, reconstruction loss: 0.0665]
2026-06-08 11:09:23,370 - INFO - epoch 1371 training [time: 0.30s, train loss: 0.2445, reconstruction loss: 0.0665]
2026-06-08 11:09:23,665 - INFO - epoch 1372 training [time: 0.30s, train loss: 0.2447, reconstruction loss: 0.0665]
2026-06-08 11:09:23,965 - INFO - epoch 1373 training [time: 0.30s, train loss: 0.2449, reconstruction loss: 0.0666]
2026-06-08 11:09:24,262 - INFO - epoch 1374 training [time: 0.30s, train loss: 0.2450, reconstruction loss: 0.0666]
2026-06-08 11:09:24,550 - INFO - epoch 1375 training [time: 0.29s, train loss: 0.2449, reconstruction loss: 0.0666]
2026-06-08 11:09:24,842 - INFO - epoch 1376 training [time: 0.29s, train loss: 0.2449, reconstruction loss: 0.0665]
2026-06-08 11:09:25,121 - INFO - epoch 1377 training [time: 0.28s, train loss: 0.2445, reconstruction loss: 0.0666]
2026-06-08 11:09:25,408 - INFO - epoch 1378 training [time: 0.29s, train loss: 0.2453, reconstruction loss: 0.0666]
2026-06-08 11:09:25,698 - INFO - epoch 1379 training [time: 0.29s, train loss: 0.2449, reconstruction loss: 0.0666]
2026-06-08 11:09:25,985 - INFO - epoch 1380 training [time: 0.29s, train loss: 0.2449, reconstruction loss: 0.0665]
2026-06-08 11:09:26,288 - INFO - epoch 1381 training [time: 0.30s, train loss: 0.2446, reconstruction loss: 0.0665]
2026-06-08 11:09:26,590 - INFO - epoch 1382 training [time: 0.30s, train loss: 0.2446, reconstruction loss: 0.0666]
2026-06-08 11:09:26,871 - INFO - epoch 1383 training [time: 0.28s, train loss: 0.2455, reconstruction loss: 0.0665]
2026-06-08 11:09:27,160 - INFO - epoch 1384 training [time: 0.29s, train loss: 0.2455, reconstruction loss: 0.0665]
2026-06-08 11:09:27,451 - INFO - epoch 1385 training [time: 0.29s, train loss: 0.2445, reconstruction loss: 0.0665]
2026-06-08 11:09:27,733 - INFO - epoch 1386 training [time: 0.28s, train loss: 0.2448, reconstruction loss: 0.0665]
2026-06-08 11:09:28,010 - INFO - epoch 1387 training [time: 0.28s, train loss: 0.2446, reconstruction loss: 0.0665]
2026-06-08 11:09:28,309 - INFO - epoch 1388 training [time: 0.30s, train loss: 0.2451, reconstruction loss: 0.0665]
2026-06-08 11:09:28,596 - INFO - epoch 1389 training [time: 0.29s, train loss: 0.2450, reconstruction loss: 0.0665]
2026-06-08 11:09:28,889 - INFO - epoch 1390 training [time: 0.29s, train loss: 0.2446, reconstruction loss: 0.0665]
2026-06-08 11:09:29,180 - INFO - epoch 1391 training [time: 0.29s, train loss: 0.2450, reconstruction loss: 0.0665]
2026-06-08 11:09:29,474 - INFO - epoch 1392 training [time: 0.29s, train loss: 0.2448, reconstruction loss: 0.0665]
2026-06-08 11:09:29,760 - INFO - epoch 1393 training [time: 0.29s, train loss: 0.2446, reconstruction loss: 0.0665]
2026-06-08 11:09:30,054 - INFO - epoch 1394 training [time: 0.29s, train loss: 0.2448, reconstruction loss: 0.0665]
2026-06-08 11:09:30,350 - INFO - epoch 1395 training [time: 0.30s, train loss: 0.2448, reconstruction loss: 0.0666]
2026-06-08 11:09:30,641 - INFO - epoch 1396 training [time: 0.29s, train loss: 0.2446, reconstruction loss: 0.0665]
2026-06-08 11:09:30,937 - INFO - epoch 1397 training [time: 0.30s, train loss: 0.2450, reconstruction loss: 0.0665]
2026-06-08 11:09:31,227 - INFO - epoch 1398 training [time: 0.29s, train loss: 0.2449, reconstruction loss: 0.0665]
2026-06-08 11:09:31,523 - INFO - epoch 1399 training [time: 0.30s, train loss: 0.2453, reconstruction loss: 0.0665]
2026-06-08 11:09:31,707 - INFO - epoch 1399 evaluating [time: 0.18s, collision_rate: 0.064194]
2026-06-08 11:09:31,713 - INFO - Saving current/home/mingyu/news_rec/Data/ckpt/Jun-08-2026_11-02-38/epoch_1399_collision_0.0642_model.pth
2026-06-08 11:09:32,009 - INFO - epoch 1400 training [time: 0.30s, train loss: 0.2455, reconstruction loss: 0.0665]
2026-06-08 11:09:32,314 - INFO - epoch 1401 training [time: 0.30s, train loss: 0.2451, reconstruction loss: 0.0665]
2026-06-08 11:09:32,600 - INFO - epoch 1402 training [time: 0.29s, train loss: 0.2450, reconstruction loss: 0.0665]
2026-06-08 11:09:32,897 - INFO - epoch 1403 training [time: 0.30s, train loss: 0.2455, reconstruction loss: 0.0665]
2026-06-08 11:09:33,185 - INFO - epoch 1404 training [time: 0.29s, train loss: 0.2454, reconstruction loss: 0.0665]
2026-06-08 11:09:33,477 - INFO - epoch 1405 training [time: 0.29s, train loss: 0.2457, reconstruction loss: 0.0665]
2026-06-08 11:09:33,763 - INFO - epoch 1406 training [time: 0.29s, train loss: 0.2452, reconstruction loss: 0.0666]
2026-06-08 11:09:34,052 - INFO - epoch 1407 training [time: 0.29s, train loss: 0.2453, reconstruction loss: 0.0665]
2026-06-08 11:09:34,349 - INFO - epoch 1408 training [time: 0.30s, train loss: 0.2450, reconstruction loss: 0.0664]
2026-06-08 11:09:34,638 - INFO - epoch 1409 training [time: 0.29s, train loss: 0.2452, reconstruction loss: 0.0665]
2026-06-08 11:09:34,917 - INFO - epoch 1410 training [time: 0.28s, train loss: 0.2456, reconstruction loss: 0.0665]
2026-06-08 11:09:35,205 - INFO - epoch 1411 training [time: 0.29s, train loss: 0.2454, reconstruction loss: 0.0665]
2026-06-08 11:09:35,492 - INFO - epoch 1412 training [time: 0.29s, train loss: 0.2457, reconstruction loss: 0.0665]
2026-06-08 11:09:35,793 - INFO - epoch 1413 training [time: 0.30s, train loss: 0.2454, reconstruction loss: 0.0665]
2026-06-08 11:09:36,077 - INFO - epoch 1414 training [time: 0.28s, train loss: 0.2455, reconstruction loss: 0.0666]
2026-06-08 11:09:36,370 - INFO - epoch 1415 training [time: 0.29s, train loss: 0.2452, reconstruction loss: 0.0664]
2026-06-08 11:09:36,662 - INFO - epoch 1416 training [time: 0.29s, train loss: 0.2451, reconstruction loss: 0.0665]
2026-06-08 11:09:36,951 - INFO - epoch 1417 training [time: 0.29s, train loss: 0.2456, reconstruction loss: 0.0665]
2026-06-08 11:09:37,229 - INFO - epoch 1418 training [time: 0.28s, train loss: 0.2449, reconstruction loss: 0.0664]
2026-06-08 11:09:37,519 - INFO - epoch 1419 training [time: 0.29s, train loss: 0.2455, reconstruction loss: 0.0665]
2026-06-08 11:09:37,815 - INFO - epoch 1420 training [time: 0.30s, train loss: 0.2458, reconstruction loss: 0.0666]
2026-06-08 11:09:38,117 - INFO - epoch 1421 training [time: 0.30s, train loss: 0.2451, reconstruction loss: 0.0665]
2026-06-08 11:09:38,407 - INFO - epoch 1422 training [time: 0.29s, train loss: 0.2456, reconstruction loss: 0.0665]
2026-06-08 11:09:38,694 - INFO - epoch 1423 training [time: 0.29s, train loss: 0.2453, reconstruction loss: 0.0665]
2026-06-08 11:09:38,975 - INFO - epoch 1424 training [time: 0.28s, train loss: 0.2454, reconstruction loss: 0.0665]
2026-06-08 11:09:39,263 - INFO - epoch 1425 training [time: 0.29s, train loss: 0.2452, reconstruction loss: 0.0665]
2026-06-08 11:09:39,563 - INFO - epoch 1426 training [time: 0.30s, train loss: 0.2453, reconstruction loss: 0.0664]
2026-06-08 11:09:39,856 - INFO - epoch 1427 training [time: 0.29s, train loss: 0.2454, reconstruction loss: 0.0665]
2026-06-08 11:09:40,146 - INFO - epoch 1428 training [time: 0.29s, train loss: 0.2452, reconstruction loss: 0.0664]
2026-06-08 11:09:40,454 - INFO - epoch 1429 training [time: 0.31s, train loss: 0.2454, reconstruction loss: 0.0665]
2026-06-08 11:09:40,752 - INFO - epoch 1430 training [time: 0.30s, train loss: 0.2461, reconstruction loss: 0.0666]
2026-06-08 11:09:41,042 - INFO - epoch 1431 training [time: 0.29s, train loss: 0.2453, reconstruction loss: 0.0666]
2026-06-08 11:09:41,319 - INFO - epoch 1432 training [time: 0.28s, train loss: 0.2457, reconstruction loss: 0.0665]
2026-06-08 11:09:41,613 - INFO - epoch 1433 training [time: 0.29s, train loss: 0.2454, reconstruction loss: 0.0665]
2026-06-08 11:09:41,903 - INFO - epoch 1434 training [time: 0.29s, train loss: 0.2454, reconstruction loss: 0.0665]
2026-06-08 11:09:42,191 - INFO - epoch 1435 training [time: 0.29s, train loss: 0.2458, reconstruction loss: 0.0665]
2026-06-08 11:09:42,482 - INFO - epoch 1436 training [time: 0.29s, train loss: 0.2458, reconstruction loss: 0.0665]
2026-06-08 11:09:42,765 - INFO - epoch 1437 training [time: 0.28s, train loss: 0.2449, reconstruction loss: 0.0665]
2026-06-08 11:09:43,066 - INFO - epoch 1438 training [time: 0.30s, train loss: 0.2449, reconstruction loss: 0.0664]
2026-06-08 11:09:43,365 - INFO - epoch 1439 training [time: 0.30s, train loss: 0.2451, reconstruction loss: 0.0665]
2026-06-08 11:09:43,665 - INFO - epoch 1440 training [time: 0.30s, train loss: 0.2456, reconstruction loss: 0.0665]
2026-06-08 11:09:43,953 - INFO - epoch 1441 training [time: 0.29s, train loss: 0.2455, reconstruction loss: 0.0665]
2026-06-08 11:09:44,238 - INFO - epoch 1442 training [time: 0.28s, train loss: 0.2452, reconstruction loss: 0.0665]
2026-06-08 11:09:44,535 - INFO - epoch 1443 training [time: 0.30s, train loss: 0.2449, reconstruction loss: 0.0665]
2026-06-08 11:09:44,834 - INFO - epoch 1444 training [time: 0.30s, train loss: 0.2446, reconstruction loss: 0.0664]
2026-06-08 11:09:45,127 - INFO - epoch 1445 training [time: 0.29s, train loss: 0.2453, reconstruction loss: 0.0665]
2026-06-08 11:09:45,416 - INFO - epoch 1446 training [time: 0.29s, train loss: 0.2450, reconstruction loss: 0.0665]
2026-06-08 11:09:45,701 - INFO - epoch 1447 training [time: 0.29s, train loss: 0.2449, reconstruction loss: 0.0665]
2026-06-08 11:09:45,987 - INFO - epoch 1448 training [time: 0.29s, train loss: 0.2445, reconstruction loss: 0.0664]
2026-06-08 11:09:46,276 - INFO - epoch 1449 training [time: 0.29s, train loss: 0.2453, reconstruction loss: 0.0665]
2026-06-08 11:09:46,464 - INFO - epoch 1449 evaluating [time: 0.19s, collision_rate: 0.063297]
2026-06-08 11:09:46,470 - INFO - Saving current/home/mingyu/news_rec/Data/ckpt/Jun-08-2026_11-02-38/epoch_1449_collision_0.0633_model.pth
2026-06-08 11:09:46,768 - INFO - epoch 1450 training [time: 0.30s, train loss: 0.2451, reconstruction loss: 0.0664]
2026-06-08 11:09:47,071 - INFO - epoch 1451 training [time: 0.30s, train loss: 0.2447, reconstruction loss: 0.0665]
2026-06-08 11:09:47,358 - INFO - epoch 1452 training [time: 0.29s, train loss: 0.2450, reconstruction loss: 0.0665]
2026-06-08 11:09:47,653 - INFO - epoch 1453 training [time: 0.29s, train loss: 0.2456, reconstruction loss: 0.0665]
2026-06-08 11:09:47,944 - INFO - epoch 1454 training [time: 0.29s, train loss: 0.2452, reconstruction loss: 0.0664]
2026-06-08 11:09:48,233 - INFO - epoch 1455 training [time: 0.29s, train loss: 0.2453, reconstruction loss: 0.0665]
2026-06-08 11:09:48,516 - INFO - epoch 1456 training [time: 0.28s, train loss: 0.2456, reconstruction loss: 0.0665]
2026-06-08 11:09:48,813 - INFO - epoch 1457 training [time: 0.30s, train loss: 0.2455, reconstruction loss: 0.0664]
2026-06-08 11:09:49,111 - INFO - epoch 1458 training [time: 0.30s, train loss: 0.2455, reconstruction loss: 0.0665]
2026-06-08 11:09:49,397 - INFO - epoch 1459 training [time: 0.29s, train loss: 0.2455, reconstruction loss: 0.0665]
2026-06-08 11:09:49,688 - INFO - epoch 1460 training [time: 0.29s, train loss: 0.2460, reconstruction loss: 0.0666]
2026-06-08 11:09:49,982 - INFO - epoch 1461 training [time: 0.29s, train loss: 0.2456, reconstruction loss: 0.0664]
2026-06-08 11:09:50,274 - INFO - epoch 1462 training [time: 0.29s, train loss: 0.2455, reconstruction loss: 0.0664]
2026-06-08 11:09:50,559 - INFO - epoch 1463 training [time: 0.28s, train loss: 0.2459, reconstruction loss: 0.0665]
2026-06-08 11:09:50,846 - INFO - epoch 1464 training [time: 0.29s, train loss: 0.2462, reconstruction loss: 0.0666]
2026-06-08 11:09:51,129 - INFO - epoch 1465 training [time: 0.28s, train loss: 0.2459, reconstruction loss: 0.0666]
2026-06-08 11:09:51,422 - INFO - epoch 1466 training [time: 0.29s, train loss: 0.2457, reconstruction loss: 0.0665]
2026-06-08 11:09:51,718 - INFO - epoch 1467 training [time: 0.30s, train loss: 0.2455, reconstruction loss: 0.0665]
2026-06-08 11:09:52,015 - INFO - epoch 1468 training [time: 0.30s, train loss: 0.2455, reconstruction loss: 0.0665]
2026-06-08 11:09:52,304 - INFO - epoch 1469 training [time: 0.29s, train loss: 0.2457, reconstruction loss: 0.0665]
2026-06-08 11:09:52,590 - INFO - epoch 1470 training [time: 0.29s, train loss: 0.2457, reconstruction loss: 0.0665]
2026-06-08 11:09:52,882 - INFO - epoch 1471 training [time: 0.29s, train loss: 0.2453, reconstruction loss: 0.0664]
2026-06-08 11:09:53,167 - INFO - epoch 1472 training [time: 0.28s, train loss: 0.2455, reconstruction loss: 0.0664]
2026-06-08 11:09:53,460 - INFO - epoch 1473 training [time: 0.29s, train loss: 0.2456, reconstruction loss: 0.0665]
2026-06-08 11:09:53,751 - INFO - epoch 1474 training [time: 0.29s, train loss: 0.2460, reconstruction loss: 0.0664]
2026-06-08 11:09:54,053 - INFO - epoch 1475 training [time: 0.30s, train loss: 0.2455, reconstruction loss: 0.0664]
2026-06-08 11:09:54,338 - INFO - epoch 1476 training [time: 0.29s, train loss: 0.2454, reconstruction loss: 0.0664]
2026-06-08 11:09:54,629 - INFO - epoch 1477 training [time: 0.29s, train loss: 0.2457, reconstruction loss: 0.0664]
2026-06-08 11:09:54,915 - INFO - epoch 1478 training [time: 0.29s, train loss: 0.2456, reconstruction loss: 0.0665]
2026-06-08 11:09:55,198 - INFO - epoch 1479 training [time: 0.28s, train loss: 0.2457, reconstruction loss: 0.0665]
2026-06-08 11:09:55,494 - INFO - epoch 1480 training [time: 0.30s, train loss: 0.2460, reconstruction loss: 0.0665]
2026-06-08 11:09:55,794 - INFO - epoch 1481 training [time: 0.30s, train loss: 0.2458, reconstruction loss: 0.0664]
2026-06-08 11:09:56,086 - INFO - epoch 1482 training [time: 0.29s, train loss: 0.2458, reconstruction loss: 0.0665]
2026-06-08 11:09:56,375 - INFO - epoch 1483 training [time: 0.29s, train loss: 0.2458, reconstruction loss: 0.0664]
2026-06-08 11:09:56,664 - INFO - epoch 1484 training [time: 0.29s, train loss: 0.2452, reconstruction loss: 0.0664]
2026-06-08 11:09:56,944 - INFO - epoch 1485 training [time: 0.28s, train loss: 0.2456, reconstruction loss: 0.0665]
2026-06-08 11:09:57,230 - INFO - epoch 1486 training [time: 0.29s, train loss: 0.2456, reconstruction loss: 0.0664]
2026-06-08 11:09:57,523 - INFO - epoch 1487 training [time: 0.29s, train loss: 0.2458, reconstruction loss: 0.0664]
2026-06-08 11:09:57,805 - INFO - epoch 1488 training [time: 0.28s, train loss: 0.2459, reconstruction loss: 0.0665]
2026-06-08 11:09:58,084 - INFO - epoch 1489 training [time: 0.28s, train loss: 0.2456, reconstruction loss: 0.0664]
2026-06-08 11:09:58,360 - INFO - epoch 1490 training [time: 0.28s, train loss: 0.2456, reconstruction loss: 0.0664]
2026-06-08 11:09:58,658 - INFO - epoch 1491 training [time: 0.30s, train loss: 0.2457, reconstruction loss: 0.0665]
2026-06-08 11:09:58,951 - INFO - epoch 1492 training [time: 0.29s, train loss: 0.2454, reconstruction loss: 0.0664]
2026-06-08 11:09:59,245 - INFO - epoch 1493 training [time: 0.29s, train loss: 0.2455, reconstruction loss: 0.0664]
2026-06-08 11:09:59,542 - INFO - epoch 1494 training [time: 0.30s, train loss: 0.2452, reconstruction loss: 0.0664]
2026-06-08 11:09:59,827 - INFO - epoch 1495 training [time: 0.29s, train loss: 0.2455, reconstruction loss: 0.0665]
2026-06-08 11:10:00,109 - INFO - epoch 1496 training [time: 0.28s, train loss: 0.2457, reconstruction loss: 0.0664]
2026-06-08 11:10:00,401 - INFO - epoch 1497 training [time: 0.29s, train loss: 0.2453, reconstruction loss: 0.0664]
2026-06-08 11:10:00,689 - INFO - epoch 1498 training [time: 0.29s, train loss: 0.2451, reconstruction loss: 0.0664]
2026-06-08 11:10:00,976 - INFO - epoch 1499 training [time: 0.29s, train loss: 0.2453, reconstruction loss: 0.0664]
2026-06-08 11:10:01,161 - INFO - epoch 1499 evaluating [time: 0.18s, collision_rate: 0.064623]
2026-06-08 11:10:01,166 - INFO - Saving current/home/mingyu/news_rec/Data/ckpt/Jun-08-2026_11-02-38/epoch_1499_collision_0.0646_model.pth
2026-06-08 11:10:01,459 - INFO - epoch 1500 training [time: 0.29s, train loss: 0.2455, reconstruction loss: 0.0664]
2026-06-08 11:10:01,755 - INFO - epoch 1501 training [time: 0.30s, train loss: 0.2455, reconstruction loss: 0.0664]
2026-06-08 11:10:02,049 - INFO - epoch 1502 training [time: 0.29s, train loss: 0.2458, reconstruction loss: 0.0664]
2026-06-08 11:10:02,353 - INFO - epoch 1503 training [time: 0.30s, train loss: 0.2454, reconstruction loss: 0.0664]
2026-06-08 11:10:02,650 - INFO - epoch 1504 training [time: 0.30s, train loss: 0.2459, reconstruction loss: 0.0664]
2026-06-08 11:10:02,943 - INFO - epoch 1505 training [time: 0.29s, train loss: 0.2452, reconstruction loss: 0.0664]
2026-06-08 11:10:03,232 - INFO - epoch 1506 training [time: 0.29s, train loss: 0.2459, reconstruction loss: 0.0665]
2026-06-08 11:10:03,531 - INFO - epoch 1507 training [time: 0.30s, train loss: 0.2459, reconstruction loss: 0.0664]
2026-06-08 11:10:03,823 - INFO - epoch 1508 training [time: 0.29s, train loss: 0.2456, reconstruction loss: 0.0664]
2026-06-08 11:10:04,115 - INFO - epoch 1509 training [time: 0.29s, train loss: 0.2453, reconstruction loss: 0.0664]
2026-06-08 11:10:04,414 - INFO - epoch 1510 training [time: 0.30s, train loss: 0.2457, reconstruction loss: 0.0664]
2026-06-08 11:10:04,692 - INFO - epoch 1511 training [time: 0.28s, train loss: 0.2459, reconstruction loss: 0.0664]
2026-06-08 11:10:04,977 - INFO - epoch 1512 training [time: 0.28s, train loss: 0.2455, reconstruction loss: 0.0665]
2026-06-08 11:10:05,277 - INFO - epoch 1513 training [time: 0.30s, train loss: 0.2459, reconstruction loss: 0.0665]
2026-06-08 11:10:05,570 - INFO - epoch 1514 training [time: 0.29s, train loss: 0.2457, reconstruction loss: 0.0665]
2026-06-08 11:10:05,871 - INFO - epoch 1515 training [time: 0.30s, train loss: 0.2459, reconstruction loss: 0.0665]
2026-06-08 11:10:06,163 - INFO - epoch 1516 training [time: 0.29s, train loss: 0.2461, reconstruction loss: 0.0664]
2026-06-08 11:10:06,456 - INFO - epoch 1517 training [time: 0.29s, train loss: 0.2456, reconstruction loss: 0.0664]
2026-06-08 11:10:06,753 - INFO - epoch 1518 training [time: 0.30s, train loss: 0.2458, reconstruction loss: 0.0664]
2026-06-08 11:10:07,043 - INFO - epoch 1519 training [time: 0.29s, train loss: 0.2459, reconstruction loss: 0.0664]
2026-06-08 11:10:07,330 - INFO - epoch 1520 training [time: 0.29s, train loss: 0.2460, reconstruction loss: 0.0663]
2026-06-08 11:10:07,625 - INFO - epoch 1521 training [time: 0.29s, train loss: 0.2454, reconstruction loss: 0.0665]
2026-06-08 11:10:07,913 - INFO - epoch 1522 training [time: 0.29s, train loss: 0.2459, reconstruction loss: 0.0664]
2026-06-08 11:10:08,213 - INFO - epoch 1523 training [time: 0.30s, train loss: 0.2458, reconstruction loss: 0.0664]
2026-06-08 11:10:08,508 - INFO - epoch 1524 training [time: 0.29s, train loss: 0.2461, reconstruction loss: 0.0665]
2026-06-08 11:10:08,799 - INFO - epoch 1525 training [time: 0.29s, train loss: 0.2457, reconstruction loss: 0.0664]
2026-06-08 11:10:09,087 - INFO - epoch 1526 training [time: 0.29s, train loss: 0.2457, reconstruction loss: 0.0664]
2026-06-08 11:10:09,373 - INFO - epoch 1527 training [time: 0.29s, train loss: 0.2456, reconstruction loss: 0.0664]
2026-06-08 11:10:09,657 - INFO - epoch 1528 training [time: 0.28s, train loss: 0.2452, reconstruction loss: 0.0663]
2026-06-08 11:10:09,945 - INFO - epoch 1529 training [time: 0.29s, train loss: 0.2460, reconstruction loss: 0.0664]
2026-06-08 11:10:10,242 - INFO - epoch 1530 training [time: 0.30s, train loss: 0.2456, reconstruction loss: 0.0664]
2026-06-08 11:10:10,536 - INFO - epoch 1531 training [time: 0.29s, train loss: 0.2456, reconstruction loss: 0.0664]
2026-06-08 11:10:10,834 - INFO - epoch 1532 training [time: 0.30s, train loss: 0.2457, reconstruction loss: 0.0664]
2026-06-08 11:10:11,129 - INFO - epoch 1533 training [time: 0.30s, train loss: 0.2457, reconstruction loss: 0.0664]
2026-06-08 11:10:11,423 - INFO - epoch 1534 training [time: 0.29s, train loss: 0.2455, reconstruction loss: 0.0663]
2026-06-08 11:10:11,715 - INFO - epoch 1535 training [time: 0.29s, train loss: 0.2454, reconstruction loss: 0.0665]
2026-06-08 11:10:12,002 - INFO - epoch 1536 training [time: 0.29s, train loss: 0.2454, reconstruction loss: 0.0664]
2026-06-08 11:10:12,295 - INFO - epoch 1537 training [time: 0.29s, train loss: 0.2458, reconstruction loss: 0.0663]
2026-06-08 11:10:12,592 - INFO - epoch 1538 training [time: 0.30s, train loss: 0.2455, reconstruction loss: 0.0663]
2026-06-08 11:10:12,885 - INFO - epoch 1539 training [time: 0.29s, train loss: 0.2462, reconstruction loss: 0.0664]
2026-06-08 11:10:13,172 - INFO - epoch 1540 training [time: 0.29s, train loss: 0.2459, reconstruction loss: 0.0663]
2026-06-08 11:10:13,451 - INFO - epoch 1541 training [time: 0.28s, train loss: 0.2464, reconstruction loss: 0.0664]
2026-06-08 11:10:13,753 - INFO - epoch 1542 training [time: 0.30s, train loss: 0.2462, reconstruction loss: 0.0664]
2026-06-08 11:10:14,046 - INFO - epoch 1543 training [time: 0.29s, train loss: 0.2463, reconstruction loss: 0.0665]
2026-06-08 11:10:14,337 - INFO - epoch 1544 training [time: 0.29s, train loss: 0.2460, reconstruction loss: 0.0664]
2026-06-08 11:10:14,626 - INFO - epoch 1545 training [time: 0.29s, train loss: 0.2454, reconstruction loss: 0.0663]
2026-06-08 11:10:14,912 - INFO - epoch 1546 training [time: 0.29s, train loss: 0.2460, reconstruction loss: 0.0664]
2026-06-08 11:10:15,198 - INFO - epoch 1547 training [time: 0.29s, train loss: 0.2457, reconstruction loss: 0.0663]
2026-06-08 11:10:15,488 - INFO - epoch 1548 training [time: 0.29s, train loss: 0.2456, reconstruction loss: 0.0664]
2026-06-08 11:10:15,785 - INFO - epoch 1549 training [time: 0.30s, train loss: 0.2461, reconstruction loss: 0.0664]
2026-06-08 11:10:15,966 - INFO - epoch 1549 evaluating [time: 0.18s, collision_rate: 0.063239]
2026-06-08 11:10:15,971 - INFO - Saving current/home/mingyu/news_rec/Data/ckpt/Jun-08-2026_11-02-38/epoch_1549_collision_0.0632_model.pth
2026-06-08 11:10:16,263 - INFO - epoch 1550 training [time: 0.29s, train loss: 0.2455, reconstruction loss: 0.0663]
2026-06-08 11:10:16,564 - INFO - epoch 1551 training [time: 0.30s, train loss: 0.2452, reconstruction loss: 0.0663]
2026-06-08 11:10:16,857 - INFO - epoch 1552 training [time: 0.29s, train loss: 0.2460, reconstruction loss: 0.0664]
2026-06-08 11:10:17,151 - INFO - epoch 1553 training [time: 0.29s, train loss: 0.2456, reconstruction loss: 0.0663]
2026-06-08 11:10:17,451 - INFO - epoch 1554 training [time: 0.30s, train loss: 0.2459, reconstruction loss: 0.0664]
2026-06-08 11:10:17,754 - INFO - epoch 1555 training [time: 0.30s, train loss: 0.2461, reconstruction loss: 0.0664]
2026-06-08 11:10:18,036 - INFO - epoch 1556 training [time: 0.28s, train loss: 0.2460, reconstruction loss: 0.0664]
2026-06-08 11:10:18,335 - INFO - epoch 1557 training [time: 0.30s, train loss: 0.2461, reconstruction loss: 0.0664]
2026-06-08 11:10:18,624 - INFO - epoch 1558 training [time: 0.29s, train loss: 0.2459, reconstruction loss: 0.0664]
2026-06-08 11:10:18,923 - INFO - epoch 1559 training [time: 0.30s, train loss: 0.2455, reconstruction loss: 0.0663]
2026-06-08 11:10:19,220 - INFO - epoch 1560 training [time: 0.30s, train loss: 0.2461, reconstruction loss: 0.0664]
2026-06-08 11:10:19,517 - INFO - epoch 1561 training [time: 0.30s, train loss: 0.2457, reconstruction loss: 0.0663]
2026-06-08 11:10:19,813 - INFO - epoch 1562 training [time: 0.30s, train loss: 0.2459, reconstruction loss: 0.0664]
2026-06-08 11:10:20,105 - INFO - epoch 1563 training [time: 0.29s, train loss: 0.2461, reconstruction loss: 0.0663]
2026-06-08 11:10:20,385 - INFO - epoch 1564 training [time: 0.28s, train loss: 0.2461, reconstruction loss: 0.0664]
2026-06-08 11:10:20,671 - INFO - epoch 1565 training [time: 0.29s, train loss: 0.2460, reconstruction loss: 0.0664]
2026-06-08 11:10:20,952 - INFO - epoch 1566 training [time: 0.28s, train loss: 0.2456, reconstruction loss: 0.0664]
2026-06-08 11:10:21,242 - INFO - epoch 1567 training [time: 0.29s, train loss: 0.2455, reconstruction loss: 0.0664]
2026-06-08 11:10:21,528 - INFO - epoch 1568 training [time: 0.29s, train loss: 0.2458, reconstruction loss: 0.0664]
2026-06-08 11:10:21,816 - INFO - epoch 1569 training [time: 0.29s, train loss: 0.2459, reconstruction loss: 0.0664]
2026-06-08 11:10:22,111 - INFO - epoch 1570 training [time: 0.29s, train loss: 0.2460, reconstruction loss: 0.0664]
2026-06-08 11:10:22,405 - INFO - epoch 1571 training [time: 0.29s, train loss: 0.2459, reconstruction loss: 0.0663]
2026-06-08 11:10:22,708 - INFO - epoch 1572 training [time: 0.30s, train loss: 0.2455, reconstruction loss: 0.0663]
2026-06-08 11:10:23,001 - INFO - epoch 1573 training [time: 0.29s, train loss: 0.2458, reconstruction loss: 0.0664]
2026-06-08 11:10:23,296 - INFO - epoch 1574 training [time: 0.29s, train loss: 0.2462, reconstruction loss: 0.0665]
2026-06-08 11:10:23,592 - INFO - epoch 1575 training [time: 0.30s, train loss: 0.2462, reconstruction loss: 0.0663]
2026-06-08 11:10:23,882 - INFO - epoch 1576 training [time: 0.29s, train loss: 0.2461, reconstruction loss: 0.0664]
2026-06-08 11:10:24,178 - INFO - epoch 1577 training [time: 0.30s, train loss: 0.2458, reconstruction loss: 0.0664]
2026-06-08 11:10:24,468 - INFO - epoch 1578 training [time: 0.29s, train loss: 0.2456, reconstruction loss: 0.0663]
2026-06-08 11:10:24,761 - INFO - epoch 1579 training [time: 0.29s, train loss: 0.2458, reconstruction loss: 0.0663]
2026-06-08 11:10:25,046 - INFO - epoch 1580 training [time: 0.28s, train loss: 0.2455, reconstruction loss: 0.0663]
2026-06-08 11:10:25,329 - INFO - epoch 1581 training [time: 0.28s, train loss: 0.2456, reconstruction loss: 0.0664]
2026-06-08 11:10:25,624 - INFO - epoch 1582 training [time: 0.29s, train loss: 0.2458, reconstruction loss: 0.0664]
2026-06-08 11:10:25,913 - INFO - epoch 1583 training [time: 0.29s, train loss: 0.2457, reconstruction loss: 0.0663]
2026-06-08 11:10:26,201 - INFO - epoch 1584 training [time: 0.29s, train loss: 0.2461, reconstruction loss: 0.0664]
2026-06-08 11:10:26,491 - INFO - epoch 1585 training [time: 0.29s, train loss: 0.2456, reconstruction loss: 0.0663]
2026-06-08 11:10:26,787 - INFO - epoch 1586 training [time: 0.30s, train loss: 0.2462, reconstruction loss: 0.0664]
2026-06-08 11:10:27,069 - INFO - epoch 1587 training [time: 0.28s, train loss: 0.2461, reconstruction loss: 0.0664]
2026-06-08 11:10:27,354 - INFO - epoch 1588 training [time: 0.28s, train loss: 0.2467, reconstruction loss: 0.0664]
2026-06-08 11:10:27,636 - INFO - epoch 1589 training [time: 0.28s, train loss: 0.2458, reconstruction loss: 0.0664]
2026-06-08 11:10:27,929 - INFO - epoch 1590 training [time: 0.29s, train loss: 0.2467, reconstruction loss: 0.0664]
2026-06-08 11:10:28,223 - INFO - epoch 1591 training [time: 0.29s, train loss: 0.2461, reconstruction loss: 0.0663]
2026-06-08 11:10:28,515 - INFO - epoch 1592 training [time: 0.29s, train loss: 0.2465, reconstruction loss: 0.0664]
2026-06-08 11:10:28,816 - INFO - epoch 1593 training [time: 0.30s, train loss: 0.2461, reconstruction loss: 0.0663]
2026-06-08 11:10:29,111 - INFO - epoch 1594 training [time: 0.29s, train loss: 0.2463, reconstruction loss: 0.0663]
2026-06-08 11:10:29,387 - INFO - epoch 1595 training [time: 0.28s, train loss: 0.2468, reconstruction loss: 0.0664]
2026-06-08 11:10:29,680 - INFO - epoch 1596 training [time: 0.29s, train loss: 0.2465, reconstruction loss: 0.0664]
2026-06-08 11:10:29,980 - INFO - epoch 1597 training [time: 0.30s, train loss: 0.2462, reconstruction loss: 0.0663]
2026-06-08 11:10:30,273 - INFO - epoch 1598 training [time: 0.29s, train loss: 0.2460, reconstruction loss: 0.0663]
2026-06-08 11:10:30,568 - INFO - epoch 1599 training [time: 0.30s, train loss: 0.2464, reconstruction loss: 0.0663]
2026-06-08 11:10:30,748 - INFO - epoch 1599 evaluating [time: 0.18s, collision_rate: 0.064370]
2026-06-08 11:10:30,754 - INFO - Saving current/home/mingyu/news_rec/Data/ckpt/Jun-08-2026_11-02-38/epoch_1599_collision_0.0644_model.pth
2026-06-08 11:10:31,048 - INFO - epoch 1600 training [time: 0.29s, train loss: 0.2466, reconstruction loss: 0.0664]
2026-06-08 11:10:31,331 - INFO - epoch 1601 training [time: 0.28s, train loss: 0.2468, reconstruction loss: 0.0664]
2026-06-08 11:10:31,619 - INFO - epoch 1602 training [time: 0.29s, train loss: 0.2462, reconstruction loss: 0.0663]
2026-06-08 11:10:31,910 - INFO - epoch 1603 training [time: 0.29s, train loss: 0.2462, reconstruction loss: 0.0663]
2026-06-08 11:10:32,198 - INFO - epoch 1604 training [time: 0.29s, train loss: 0.2467, reconstruction loss: 0.0663]
2026-06-08 11:10:32,485 - INFO - epoch 1605 training [time: 0.29s, train loss: 0.2461, reconstruction loss: 0.0664]
2026-06-08 11:10:32,781 - INFO - epoch 1606 training [time: 0.30s, train loss: 0.2464, reconstruction loss: 0.0663]
2026-06-08 11:10:33,061 - INFO - epoch 1607 training [time: 0.28s, train loss: 0.2465, reconstruction loss: 0.0663]
2026-06-08 11:10:33,356 - INFO - epoch 1608 training [time: 0.30s, train loss: 0.2462, reconstruction loss: 0.0663]
2026-06-08 11:10:33,644 - INFO - epoch 1609 training [time: 0.29s, train loss: 0.2462, reconstruction loss: 0.0663]
2026-06-08 11:10:33,923 - INFO - epoch 1610 training [time: 0.28s, train loss: 0.2458, reconstruction loss: 0.0663]
2026-06-08 11:10:34,214 - INFO - epoch 1611 training [time: 0.29s, train loss: 0.2458, reconstruction loss: 0.0663]
2026-06-08 11:10:34,507 - INFO - epoch 1612 training [time: 0.29s, train loss: 0.2463, reconstruction loss: 0.0664]
2026-06-08 11:10:34,797 - INFO - epoch 1613 training [time: 0.29s, train loss: 0.2461, reconstruction loss: 0.0663]
2026-06-08 11:10:35,086 - INFO - epoch 1614 training [time: 0.29s, train loss: 0.2459, reconstruction loss: 0.0663]
2026-06-08 11:10:35,377 - INFO - epoch 1615 training [time: 0.29s, train loss: 0.2461, reconstruction loss: 0.0663]
2026-06-08 11:10:35,666 - INFO - epoch 1616 training [time: 0.29s, train loss: 0.2463, reconstruction loss: 0.0664]
2026-06-08 11:10:35,946 - INFO - epoch 1617 training [time: 0.28s, train loss: 0.2458, reconstruction loss: 0.0663]
2026-06-08 11:10:36,231 - INFO - epoch 1618 training [time: 0.29s, train loss: 0.2462, reconstruction loss: 0.0663]
2026-06-08 11:10:36,523 - INFO - epoch 1619 training [time: 0.29s, train loss: 0.2463, reconstruction loss: 0.0664]
2026-06-08 11:10:36,815 - INFO - epoch 1620 training [time: 0.29s, train loss: 0.2460, reconstruction loss: 0.0662]
2026-06-08 11:10:37,103 - INFO - epoch 1621 training [time: 0.29s, train loss: 0.2463, reconstruction loss: 0.0663]
2026-06-08 11:10:37,404 - INFO - epoch 1622 training [time: 0.30s, train loss: 0.2466, reconstruction loss: 0.0663]
2026-06-08 11:10:37,701 - INFO - epoch 1623 training [time: 0.30s, train loss: 0.2463, reconstruction loss: 0.0663]
2026-06-08 11:10:37,984 - INFO - epoch 1624 training [time: 0.28s, train loss: 0.2464, reconstruction loss: 0.0663]
2026-06-08 11:10:38,278 - INFO - epoch 1625 training [time: 0.29s, train loss: 0.2461, reconstruction loss: 0.0663]
2026-06-08 11:10:38,575 - INFO - epoch 1626 training [time: 0.30s, train loss: 0.2460, reconstruction loss: 0.0663]
2026-06-08 11:10:38,864 - INFO - epoch 1627 training [time: 0.29s, train loss: 0.2461, reconstruction loss: 0.0663]
2026-06-08 11:10:39,150 - INFO - epoch 1628 training [time: 0.29s, train loss: 0.2463, reconstruction loss: 0.0663]
2026-06-08 11:10:39,441 - INFO - epoch 1629 training [time: 0.29s, train loss: 0.2460, reconstruction loss: 0.0663]
2026-06-08 11:10:39,734 - INFO - epoch 1630 training [time: 0.29s, train loss: 0.2459, reconstruction loss: 0.0663]
2026-06-08 11:10:40,031 - INFO - epoch 1631 training [time: 0.30s, train loss: 0.2464, reconstruction loss: 0.0663]
2026-06-08 11:10:40,322 - INFO - epoch 1632 training [time: 0.29s, train loss: 0.2463, reconstruction loss: 0.0663]
2026-06-08 11:10:40,610 - INFO - epoch 1633 training [time: 0.29s, train loss: 0.2463, reconstruction loss: 0.0663]
2026-06-08 11:10:40,899 - INFO - epoch 1634 training [time: 0.29s, train loss: 0.2465, reconstruction loss: 0.0663]
2026-06-08 11:10:41,185 - INFO - epoch 1635 training [time: 0.29s, train loss: 0.2463, reconstruction loss: 0.0663]
2026-06-08 11:10:41,482 - INFO - epoch 1636 training [time: 0.30s, train loss: 0.2468, reconstruction loss: 0.0662]
2026-06-08 11:10:41,778 - INFO - epoch 1637 training [time: 0.30s, train loss: 0.2467, reconstruction loss: 0.0662]
2026-06-08 11:10:42,061 - INFO - epoch 1638 training [time: 0.28s, train loss: 0.2466, reconstruction loss: 0.0663]
2026-06-08 11:10:42,342 - INFO - epoch 1639 training [time: 0.28s, train loss: 0.2459, reconstruction loss: 0.0662]
2026-06-08 11:10:42,621 - INFO - epoch 1640 training [time: 0.28s, train loss: 0.2466, reconstruction loss: 0.0662]
2026-06-08 11:10:42,915 - INFO - epoch 1641 training [time: 0.29s, train loss: 0.2460, reconstruction loss: 0.0662]
2026-06-08 11:10:43,192 - INFO - epoch 1642 training [time: 0.28s, train loss: 0.2469, reconstruction loss: 0.0663]
2026-06-08 11:10:43,489 - INFO - epoch 1643 training [time: 0.30s, train loss: 0.2462, reconstruction loss: 0.0663]
2026-06-08 11:10:43,781 - INFO - epoch 1644 training [time: 0.29s, train loss: 0.2462, reconstruction loss: 0.0663]
2026-06-08 11:10:44,070 - INFO - epoch 1645 training [time: 0.29s, train loss: 0.2467, reconstruction loss: 0.0663]
2026-06-08 11:10:44,357 - INFO - epoch 1646 training [time: 0.29s, train loss: 0.2467, reconstruction loss: 0.0663]
2026-06-08 11:10:44,652 - INFO - epoch 1647 training [time: 0.29s, train loss: 0.2466, reconstruction loss: 0.0663]
2026-06-08 11:10:44,955 - INFO - epoch 1648 training [time: 0.30s, train loss: 0.2467, reconstruction loss: 0.0663]
2026-06-08 11:10:45,257 - INFO - epoch 1649 training [time: 0.30s, train loss: 0.2468, reconstruction loss: 0.0662]
2026-06-08 11:10:45,447 - INFO - epoch 1649 evaluating [time: 0.19s, collision_rate: 0.063921]
2026-06-08 11:10:45,452 - INFO - Saving current/home/mingyu/news_rec/Data/ckpt/Jun-08-2026_11-02-38/epoch_1649_collision_0.0639_model.pth
2026-06-08 11:10:45,738 - INFO - epoch 1650 training [time: 0.29s, train loss: 0.2464, reconstruction loss: 0.0663]
2026-06-08 11:10:46,033 - INFO - epoch 1651 training [time: 0.30s, train loss: 0.2467, reconstruction loss: 0.0662]
2026-06-08 11:10:46,337 - INFO - epoch 1652 training [time: 0.30s, train loss: 0.2470, reconstruction loss: 0.0662]
2026-06-08 11:10:46,623 - INFO - epoch 1653 training [time: 0.29s, train loss: 0.2468, reconstruction loss: 0.0663]
2026-06-08 11:10:46,916 - INFO - epoch 1654 training [time: 0.29s, train loss: 0.2467, reconstruction loss: 0.0663]
2026-06-08 11:10:47,208 - INFO - epoch 1655 training [time: 0.29s, train loss: 0.2466, reconstruction loss: 0.0663]
2026-06-08 11:10:47,505 - INFO - epoch 1656 training [time: 0.30s, train loss: 0.2461, reconstruction loss: 0.0663]
2026-06-08 11:10:47,795 - INFO - epoch 1657 training [time: 0.29s, train loss: 0.2463, reconstruction loss: 0.0663]
2026-06-08 11:10:48,095 - INFO - epoch 1658 training [time: 0.30s, train loss: 0.2466, reconstruction loss: 0.0663]
2026-06-08 11:10:48,384 - INFO - epoch 1659 training [time: 0.29s, train loss: 0.2462, reconstruction loss: 0.0662]
2026-06-08 11:10:48,672 - INFO - epoch 1660 training [time: 0.29s, train loss: 0.2466, reconstruction loss: 0.0663]
2026-06-08 11:10:48,976 - INFO - epoch 1661 training [time: 0.30s, train loss: 0.2463, reconstruction loss: 0.0663]
2026-06-08 11:10:49,268 - INFO - epoch 1662 training [time: 0.29s, train loss: 0.2466, reconstruction loss: 0.0663]
2026-06-08 11:10:49,572 - INFO - epoch 1663 training [time: 0.30s, train loss: 0.2472, reconstruction loss: 0.0663]
2026-06-08 11:10:49,866 - INFO - epoch 1664 training [time: 0.29s, train loss: 0.2463, reconstruction loss: 0.0663]
2026-06-08 11:10:50,157 - INFO - epoch 1665 training [time: 0.29s, train loss: 0.2467, reconstruction loss: 0.0663]
2026-06-08 11:10:50,441 - INFO - epoch 1666 training [time: 0.28s, train loss: 0.2464, reconstruction loss: 0.0662]
2026-06-08 11:10:50,735 - INFO - epoch 1667 training [time: 0.29s, train loss: 0.2467, reconstruction loss: 0.0663]
2026-06-08 11:10:51,027 - INFO - epoch 1668 training [time: 0.29s, train loss: 0.2468, reconstruction loss: 0.0663]
2026-06-08 11:10:51,334 - INFO - epoch 1669 training [time: 0.31s, train loss: 0.2465, reconstruction loss: 0.0663]
2026-06-08 11:10:51,636 - INFO - epoch 1670 training [time: 0.30s, train loss: 0.2466, reconstruction loss: 0.0663]
2026-06-08 11:10:51,926 - INFO - epoch 1671 training [time: 0.29s, train loss: 0.2464, reconstruction loss: 0.0662]
2026-06-08 11:10:52,217 - INFO - epoch 1672 training [time: 0.29s, train loss: 0.2462, reconstruction loss: 0.0662]
2026-06-08 11:10:52,493 - INFO - epoch 1673 training [time: 0.28s, train loss: 0.2464, reconstruction loss: 0.0663]
2026-06-08 11:10:52,773 - INFO - epoch 1674 training [time: 0.28s, train loss: 0.2462, reconstruction loss: 0.0662]
2026-06-08 11:10:53,064 - INFO - epoch 1675 training [time: 0.29s, train loss: 0.2464, reconstruction loss: 0.0663]
2026-06-08 11:10:53,360 - INFO - epoch 1676 training [time: 0.30s, train loss: 0.2467, reconstruction loss: 0.0662]
2026-06-08 11:10:53,657 - INFO - epoch 1677 training [time: 0.30s, train loss: 0.2466, reconstruction loss: 0.0662]
2026-06-08 11:10:53,955 - INFO - epoch 1678 training [time: 0.30s, train loss: 0.2460, reconstruction loss: 0.0662]
2026-06-08 11:10:54,253 - INFO - epoch 1679 training [time: 0.30s, train loss: 0.2464, reconstruction loss: 0.0663]
2026-06-08 11:10:54,547 - INFO - epoch 1680 training [time: 0.29s, train loss: 0.2461, reconstruction loss: 0.0663]
2026-06-08 11:10:54,845 - INFO - epoch 1681 training [time: 0.30s, train loss: 0.2464, reconstruction loss: 0.0663]
2026-06-08 11:10:55,128 - INFO - epoch 1682 training [time: 0.28s, train loss: 0.2466, reconstruction loss: 0.0662]
2026-06-08 11:10:55,422 - INFO - epoch 1683 training [time: 0.29s, train loss: 0.2464, reconstruction loss: 0.0662]
2026-06-08 11:10:55,717 - INFO - epoch 1684 training [time: 0.29s, train loss: 0.2469, reconstruction loss: 0.0662]
2026-06-08 11:10:56,005 - INFO - epoch 1685 training [time: 0.29s, train loss: 0.2465, reconstruction loss: 0.0662]
2026-06-08 11:10:56,300 - INFO - epoch 1686 training [time: 0.29s, train loss: 0.2466, reconstruction loss: 0.0663]
2026-06-08 11:10:56,589 - INFO - epoch 1687 training [time: 0.29s, train loss: 0.2469, reconstruction loss: 0.0662]
2026-06-08 11:10:56,877 - INFO - epoch 1688 training [time: 0.29s, train loss: 0.2467, reconstruction loss: 0.0662]
2026-06-08 11:10:57,171 - INFO - epoch 1689 training [time: 0.29s, train loss: 0.2464, reconstruction loss: 0.0663]
2026-06-08 11:10:57,457 - INFO - epoch 1690 training [time: 0.29s, train loss: 0.2468, reconstruction loss: 0.0663]
2026-06-08 11:10:57,748 - INFO - epoch 1691 training [time: 0.29s, train loss: 0.2466, reconstruction loss: 0.0662]
2026-06-08 11:10:58,034 - INFO - epoch 1692 training [time: 0.29s, train loss: 0.2463, reconstruction loss: 0.0662]
2026-06-08 11:10:58,334 - INFO - epoch 1693 training [time: 0.30s, train loss: 0.2462, reconstruction loss: 0.0662]
2026-06-08 11:10:58,629 - INFO - epoch 1694 training [time: 0.29s, train loss: 0.2465, reconstruction loss: 0.0662]
2026-06-08 11:10:58,931 - INFO - epoch 1695 training [time: 0.30s, train loss: 0.2466, reconstruction loss: 0.0663]
2026-06-08 11:10:59,223 - INFO - epoch 1696 training [time: 0.29s, train loss: 0.2466, reconstruction loss: 0.0662]
2026-06-08 11:10:59,511 - INFO - epoch 1697 training [time: 0.29s, train loss: 0.2471, reconstruction loss: 0.0663]
2026-06-08 11:10:59,808 - INFO - epoch 1698 training [time: 0.30s, train loss: 0.2466, reconstruction loss: 0.0662]
2026-06-08 11:11:00,109 - INFO - epoch 1699 training [time: 0.30s, train loss: 0.2470, reconstruction loss: 0.0662]
2026-06-08 11:11:00,304 - INFO - epoch 1699 evaluating [time: 0.20s, collision_rate: 0.064565]
2026-06-08 11:11:00,309 - INFO - Saving current/home/mingyu/news_rec/Data/ckpt/Jun-08-2026_11-02-38/epoch_1699_collision_0.0646_model.pth
2026-06-08 11:11:00,611 - INFO - epoch 1700 training [time: 0.30s, train loss: 0.2464, reconstruction loss: 0.0662]
2026-06-08 11:11:00,907 - INFO - epoch 1701 training [time: 0.30s, train loss: 0.2469, reconstruction loss: 0.0663]
2026-06-08 11:11:01,202 - INFO - epoch 1702 training [time: 0.29s, train loss: 0.2463, reconstruction loss: 0.0662]
2026-06-08 11:11:01,499 - INFO - epoch 1703 training [time: 0.30s, train loss: 0.2465, reconstruction loss: 0.0662]
2026-06-08 11:11:01,785 - INFO - epoch 1704 training [time: 0.29s, train loss: 0.2466, reconstruction loss: 0.0662]
2026-06-08 11:11:02,074 - INFO - epoch 1705 training [time: 0.29s, train loss: 0.2471, reconstruction loss: 0.0663]
2026-06-08 11:11:02,371 - INFO - epoch 1706 training [time: 0.30s, train loss: 0.2464, reconstruction loss: 0.0662]
2026-06-08 11:11:02,657 - INFO - epoch 1707 training [time: 0.29s, train loss: 0.2463, reconstruction loss: 0.0662]
2026-06-08 11:11:02,944 - INFO - epoch 1708 training [time: 0.29s, train loss: 0.2462, reconstruction loss: 0.0662]
2026-06-08 11:11:03,237 - INFO - epoch 1709 training [time: 0.29s, train loss: 0.2463, reconstruction loss: 0.0662]
2026-06-08 11:11:03,527 - INFO - epoch 1710 training [time: 0.29s, train loss: 0.2460, reconstruction loss: 0.0662]
2026-06-08 11:11:03,821 - INFO - epoch 1711 training [time: 0.29s, train loss: 0.2462, reconstruction loss: 0.0662]
2026-06-08 11:11:04,101 - INFO - epoch 1712 training [time: 0.28s, train loss: 0.2459, reconstruction loss: 0.0662]
2026-06-08 11:11:04,395 - INFO - epoch 1713 training [time: 0.29s, train loss: 0.2461, reconstruction loss: 0.0662]
2026-06-08 11:11:04,673 - INFO - epoch 1714 training [time: 0.28s, train loss: 0.2467, reconstruction loss: 0.0662]
2026-06-08 11:11:04,964 - INFO - epoch 1715 training [time: 0.29s, train loss: 0.2466, reconstruction loss: 0.0662]
2026-06-08 11:11:05,253 - INFO - epoch 1716 training [time: 0.29s, train loss: 0.2462, reconstruction loss: 0.0662]
2026-06-08 11:11:05,543 - INFO - epoch 1717 training [time: 0.29s, train loss: 0.2460, reconstruction loss: 0.0662]
2026-06-08 11:11:05,834 - INFO - epoch 1718 training [time: 0.29s, train loss: 0.2469, reconstruction loss: 0.0662]
2026-06-08 11:11:06,132 - INFO - epoch 1719 training [time: 0.30s, train loss: 0.2464, reconstruction loss: 0.0662]
2026-06-08 11:11:06,430 - INFO - epoch 1720 training [time: 0.30s, train loss: 0.2471, reconstruction loss: 0.0663]
2026-06-08 11:11:06,728 - INFO - epoch 1721 training [time: 0.30s, train loss: 0.2467, reconstruction loss: 0.0662]
2026-06-08 11:11:07,034 - INFO - epoch 1722 training [time: 0.31s, train loss: 0.2467, reconstruction loss: 0.0662]
2026-06-08 11:11:07,335 - INFO - epoch 1723 training [time: 0.30s, train loss: 0.2463, reconstruction loss: 0.0662]
2026-06-08 11:11:07,634 - INFO - epoch 1724 training [time: 0.30s, train loss: 0.2464, reconstruction loss: 0.0662]
2026-06-08 11:11:07,928 - INFO - epoch 1725 training [time: 0.29s, train loss: 0.2465, reconstruction loss: 0.0662]
2026-06-08 11:11:08,204 - INFO - epoch 1726 training [time: 0.28s, train loss: 0.2466, reconstruction loss: 0.0662]
2026-06-08 11:11:08,479 - INFO - epoch 1727 training [time: 0.27s, train loss: 0.2462, reconstruction loss: 0.0662]
2026-06-08 11:11:08,774 - INFO - epoch 1728 training [time: 0.30s, train loss: 0.2461, reconstruction loss: 0.0661]
2026-06-08 11:11:09,068 - INFO - epoch 1729 training [time: 0.29s, train loss: 0.2471, reconstruction loss: 0.0662]
2026-06-08 11:11:09,363 - INFO - epoch 1730 training [time: 0.29s, train loss: 0.2468, reconstruction loss: 0.0662]
2026-06-08 11:11:09,657 - INFO - epoch 1731 training [time: 0.29s, train loss: 0.2462, reconstruction loss: 0.0662]
2026-06-08 11:11:09,950 - INFO - epoch 1732 training [time: 0.29s, train loss: 0.2468, reconstruction loss: 0.0662]
2026-06-08 11:11:10,249 - INFO - epoch 1733 training [time: 0.30s, train loss: 0.2469, reconstruction loss: 0.0663]
2026-06-08 11:11:10,548 - INFO - epoch 1734 training [time: 0.30s, train loss: 0.2466, reconstruction loss: 0.0662]
2026-06-08 11:11:10,837 - INFO - epoch 1735 training [time: 0.29s, train loss: 0.2463, reconstruction loss: 0.0662]
2026-06-08 11:11:11,128 - INFO - epoch 1736 training [time: 0.29s, train loss: 0.2465, reconstruction loss: 0.0662]
2026-06-08 11:11:11,416 - INFO - epoch 1737 training [time: 0.29s, train loss: 0.2466, reconstruction loss: 0.0662]
2026-06-08 11:11:11,706 - INFO - epoch 1738 training [time: 0.29s, train loss: 0.2467, reconstruction loss: 0.0663]
2026-06-08 11:11:12,005 - INFO - epoch 1739 training [time: 0.30s, train loss: 0.2467, reconstruction loss: 0.0662]
2026-06-08 11:11:12,299 - INFO - epoch 1740 training [time: 0.29s, train loss: 0.2467, reconstruction loss: 0.0662]
2026-06-08 11:11:12,589 - INFO - epoch 1741 training [time: 0.29s, train loss: 0.2468, reconstruction loss: 0.0662]
2026-06-08 11:11:12,866 - INFO - epoch 1742 training [time: 0.28s, train loss: 0.2467, reconstruction loss: 0.0662]
2026-06-08 11:11:13,150 - INFO - epoch 1743 training [time: 0.28s, train loss: 0.2470, reconstruction loss: 0.0662]
2026-06-08 11:11:13,445 - INFO - epoch 1744 training [time: 0.30s, train loss: 0.2470, reconstruction loss: 0.0662]
2026-06-08 11:11:13,727 - INFO - epoch 1745 training [time: 0.28s, train loss: 0.2467, reconstruction loss: 0.0662]
2026-06-08 11:11:14,021 - INFO - epoch 1746 training [time: 0.29s, train loss: 0.2468, reconstruction loss: 0.0661]
2026-06-08 11:11:14,321 - INFO - epoch 1747 training [time: 0.30s, train loss: 0.2466, reconstruction loss: 0.0662]
2026-06-08 11:11:14,611 - INFO - epoch 1748 training [time: 0.29s, train loss: 0.2465, reconstruction loss: 0.0662]
2026-06-08 11:11:14,903 - INFO - epoch 1749 training [time: 0.29s, train loss: 0.2469, reconstruction loss: 0.0662]
2026-06-08 11:11:15,095 - INFO - epoch 1749 evaluating [time: 0.19s, collision_rate: 0.065111]
2026-06-08 11:11:15,101 - INFO - Saving current/home/mingyu/news_rec/Data/ckpt/Jun-08-2026_11-02-38/epoch_1749_collision_0.0651_model.pth
2026-06-08 11:11:15,390 - INFO - epoch 1750 training [time: 0.29s, train loss: 0.2469, reconstruction loss: 0.0662]
2026-06-08 11:11:15,672 - INFO - epoch 1751 training [time: 0.28s, train loss: 0.2468, reconstruction loss: 0.0662]
2026-06-08 11:11:15,969 - INFO - epoch 1752 training [time: 0.30s, train loss: 0.2465, reconstruction loss: 0.0661]
2026-06-08 11:11:16,265 - INFO - epoch 1753 training [time: 0.30s, train loss: 0.2468, reconstruction loss: 0.0662]
2026-06-08 11:11:16,561 - INFO - epoch 1754 training [time: 0.30s, train loss: 0.2466, reconstruction loss: 0.0662]
2026-06-08 11:11:16,855 - INFO - epoch 1755 training [time: 0.29s, train loss: 0.2473, reconstruction loss: 0.0663]
2026-06-08 11:11:17,138 - INFO - epoch 1756 training [time: 0.28s, train loss: 0.2465, reconstruction loss: 0.0662]
2026-06-08 11:11:17,430 - INFO - epoch 1757 training [time: 0.29s, train loss: 0.2460, reconstruction loss: 0.0661]
2026-06-08 11:11:17,721 - INFO - epoch 1758 training [time: 0.29s, train loss: 0.2467, reconstruction loss: 0.0662]
2026-06-08 11:11:18,015 - INFO - epoch 1759 training [time: 0.29s, train loss: 0.2465, reconstruction loss: 0.0662]
2026-06-08 11:11:18,299 - INFO - epoch 1760 training [time: 0.28s, train loss: 0.2469, reconstruction loss: 0.0662]
2026-06-08 11:11:18,596 - INFO - epoch 1761 training [time: 0.30s, train loss: 0.2466, reconstruction loss: 0.0662]
2026-06-08 11:11:18,898 - INFO - epoch 1762 training [time: 0.30s, train loss: 0.2466, reconstruction loss: 0.0662]
2026-06-08 11:11:19,192 - INFO - epoch 1763 training [time: 0.29s, train loss: 0.2466, reconstruction loss: 0.0662]
2026-06-08 11:11:19,491 - INFO - epoch 1764 training [time: 0.30s, train loss: 0.2469, reconstruction loss: 0.0661]
2026-06-08 11:11:19,792 - INFO - epoch 1765 training [time: 0.30s, train loss: 0.2463, reconstruction loss: 0.0662]
2026-06-08 11:11:20,083 - INFO - epoch 1766 training [time: 0.29s, train loss: 0.2460, reconstruction loss: 0.0661]
2026-06-08 11:11:20,377 - INFO - epoch 1767 training [time: 0.29s, train loss: 0.2462, reconstruction loss: 0.0661]
2026-06-08 11:11:20,679 - INFO - epoch 1768 training [time: 0.30s, train loss: 0.2463, reconstruction loss: 0.0662]
2026-06-08 11:11:20,972 - INFO - epoch 1769 training [time: 0.29s, train loss: 0.2465, reconstruction loss: 0.0661]
2026-06-08 11:11:21,261 - INFO - epoch 1770 training [time: 0.29s, train loss: 0.2464, reconstruction loss: 0.0662]
2026-06-08 11:11:21,561 - INFO - epoch 1771 training [time: 0.30s, train loss: 0.2461, reconstruction loss: 0.0661]
2026-06-08 11:11:21,859 - INFO - epoch 1772 training [time: 0.30s, train loss: 0.2466, reconstruction loss: 0.0662]
2026-06-08 11:11:22,142 - INFO - epoch 1773 training [time: 0.28s, train loss: 0.2464, reconstruction loss: 0.0661]
2026-06-08 11:11:22,439 - INFO - epoch 1774 training [time: 0.30s, train loss: 0.2464, reconstruction loss: 0.0662]
2026-06-08 11:11:22,721 - INFO - epoch 1775 training [time: 0.28s, train loss: 0.2467, reconstruction loss: 0.0662]
2026-06-08 11:11:23,018 - INFO - epoch 1776 training [time: 0.30s, train loss: 0.2465, reconstruction loss: 0.0661]
2026-06-08 11:11:23,312 - INFO - epoch 1777 training [time: 0.29s, train loss: 0.2463, reconstruction loss: 0.0661]
2026-06-08 11:11:23,593 - INFO - epoch 1778 training [time: 0.28s, train loss: 0.2466, reconstruction loss: 0.0662]
2026-06-08 11:11:23,878 - INFO - epoch 1779 training [time: 0.28s, train loss: 0.2464, reconstruction loss: 0.0661]
2026-06-08 11:11:24,159 - INFO - epoch 1780 training [time: 0.28s, train loss: 0.2464, reconstruction loss: 0.0661]
2026-06-08 11:11:24,447 - INFO - epoch 1781 training [time: 0.29s, train loss: 0.2464, reconstruction loss: 0.0661]
2026-06-08 11:11:24,733 - INFO - epoch 1782 training [time: 0.29s, train loss: 0.2462, reconstruction loss: 0.0661]
2026-06-08 11:11:25,020 - INFO - epoch 1783 training [time: 0.29s, train loss: 0.2467, reconstruction loss: 0.0662]
2026-06-08 11:11:25,311 - INFO - epoch 1784 training [time: 0.29s, train loss: 0.2466, reconstruction loss: 0.0662]
2026-06-08 11:11:25,589 - INFO - epoch 1785 training [time: 0.28s, train loss: 0.2465, reconstruction loss: 0.0662]
2026-06-08 11:11:25,882 - INFO - epoch 1786 training [time: 0.29s, train loss: 0.2463, reconstruction loss: 0.0661]
2026-06-08 11:11:26,168 - INFO - epoch 1787 training [time: 0.29s, train loss: 0.2466, reconstruction loss: 0.0662]
2026-06-08 11:11:26,468 - INFO - epoch 1788 training [time: 0.30s, train loss: 0.2469, reconstruction loss: 0.0661]
2026-06-08 11:11:26,753 - INFO - epoch 1789 training [time: 0.28s, train loss: 0.2466, reconstruction loss: 0.0662]
2026-06-08 11:11:27,032 - INFO - epoch 1790 training [time: 0.28s, train loss: 0.2467, reconstruction loss: 0.0662]
2026-06-08 11:11:27,317 - INFO - epoch 1791 training [time: 0.29s, train loss: 0.2471, reconstruction loss: 0.0662]
2026-06-08 11:11:27,611 - INFO - epoch 1792 training [time: 0.29s, train loss: 0.2466, reconstruction loss: 0.0661]
2026-06-08 11:11:27,910 - INFO - epoch 1793 training [time: 0.30s, train loss: 0.2468, reconstruction loss: 0.0661]
2026-06-08 11:11:28,201 - INFO - epoch 1794 training [time: 0.29s, train loss: 0.2470, reconstruction loss: 0.0661]
2026-06-08 11:11:28,481 - INFO - epoch 1795 training [time: 0.28s, train loss: 0.2468, reconstruction loss: 0.0661]
2026-06-08 11:11:28,772 - INFO - epoch 1796 training [time: 0.29s, train loss: 0.2471, reconstruction loss: 0.0660]
2026-06-08 11:11:29,074 - INFO - epoch 1797 training [time: 0.30s, train loss: 0.2468, reconstruction loss: 0.0661]
2026-06-08 11:11:29,371 - INFO - epoch 1798 training [time: 0.30s, train loss: 0.2471, reconstruction loss: 0.0661]
2026-06-08 11:11:29,656 - INFO - epoch 1799 training [time: 0.28s, train loss: 0.2471, reconstruction loss: 0.0660]
2026-06-08 11:11:29,849 - INFO - epoch 1799 evaluating [time: 0.19s, collision_rate: 0.064799]
2026-06-08 11:11:29,854 - INFO - Saving current/home/mingyu/news_rec/Data/ckpt/Jun-08-2026_11-02-38/epoch_1799_collision_0.0648_model.pth
2026-06-08 11:11:30,152 - INFO - epoch 1800 training [time: 0.30s, train loss: 0.2473, reconstruction loss: 0.0661]
2026-06-08 11:11:30,447 - INFO - epoch 1801 training [time: 0.30s, train loss: 0.2471, reconstruction loss: 0.0661]
2026-06-08 11:11:30,737 - INFO - epoch 1802 training [time: 0.29s, train loss: 0.2471, reconstruction loss: 0.0661]
2026-06-08 11:11:31,028 - INFO - epoch 1803 training [time: 0.29s, train loss: 0.2476, reconstruction loss: 0.0662]
2026-06-08 11:11:31,307 - INFO - epoch 1804 training [time: 0.28s, train loss: 0.2471, reconstruction loss: 0.0661]
2026-06-08 11:11:31,607 - INFO - epoch 1805 training [time: 0.30s, train loss: 0.2469, reconstruction loss: 0.0661]
2026-06-08 11:11:31,894 - INFO - epoch 1806 training [time: 0.29s, train loss: 0.2469, reconstruction loss: 0.0661]
2026-06-08 11:11:32,187 - INFO - epoch 1807 training [time: 0.29s, train loss: 0.2471, reconstruction loss: 0.0661]
2026-06-08 11:11:32,470 - INFO - epoch 1808 training [time: 0.28s, train loss: 0.2471, reconstruction loss: 0.0661]
2026-06-08 11:11:32,763 - INFO - epoch 1809 training [time: 0.29s, train loss: 0.2469, reconstruction loss: 0.0661]
2026-06-08 11:11:33,053 - INFO - epoch 1810 training [time: 0.29s, train loss: 0.2472, reconstruction loss: 0.0661]
2026-06-08 11:11:33,349 - INFO - epoch 1811 training [time: 0.30s, train loss: 0.2467, reconstruction loss: 0.0661]
2026-06-08 11:11:33,648 - INFO - epoch 1812 training [time: 0.30s, train loss: 0.2465, reconstruction loss: 0.0661]
2026-06-08 11:11:33,939 - INFO - epoch 1813 training [time: 0.29s, train loss: 0.2472, reconstruction loss: 0.0661]
2026-06-08 11:11:34,231 - INFO - epoch 1814 training [time: 0.29s, train loss: 0.2470, reconstruction loss: 0.0661]
2026-06-08 11:11:34,510 - INFO - epoch 1815 training [time: 0.28s, train loss: 0.2469, reconstruction loss: 0.0661]
2026-06-08 11:11:34,796 - INFO - epoch 1816 training [time: 0.29s, train loss: 0.2469, reconstruction loss: 0.0661]
2026-06-08 11:11:35,094 - INFO - epoch 1817 training [time: 0.30s, train loss: 0.2472, reconstruction loss: 0.0662]
2026-06-08 11:11:35,386 - INFO - epoch 1818 training [time: 0.29s, train loss: 0.2471, reconstruction loss: 0.0660]
2026-06-08 11:11:35,678 - INFO - epoch 1819 training [time: 0.29s, train loss: 0.2468, reconstruction loss: 0.0661]
2026-06-08 11:11:35,969 - INFO - epoch 1820 training [time: 0.29s, train loss: 0.2470, reconstruction loss: 0.0661]
2026-06-08 11:11:36,266 - INFO - epoch 1821 training [time: 0.30s, train loss: 0.2470, reconstruction loss: 0.0661]
2026-06-08 11:11:36,566 - INFO - epoch 1822 training [time: 0.30s, train loss: 0.2473, reconstruction loss: 0.0661]
2026-06-08 11:11:36,864 - INFO - epoch 1823 training [time: 0.30s, train loss: 0.2475, reconstruction loss: 0.0661]
2026-06-08 11:11:37,154 - INFO - epoch 1824 training [time: 0.29s, train loss: 0.2473, reconstruction loss: 0.0661]
2026-06-08 11:11:37,451 - INFO - epoch 1825 training [time: 0.30s, train loss: 0.2475, reconstruction loss: 0.0662]
2026-06-08 11:11:37,747 - INFO - epoch 1826 training [time: 0.30s, train loss: 0.2468, reconstruction loss: 0.0661]
2026-06-08 11:11:38,046 - INFO - epoch 1827 training [time: 0.30s, train loss: 0.2472, reconstruction loss: 0.0661]
2026-06-08 11:11:38,335 - INFO - epoch 1828 training [time: 0.29s, train loss: 0.2475, reconstruction loss: 0.0662]
2026-06-08 11:11:38,628 - INFO - epoch 1829 training [time: 0.29s, train loss: 0.2466, reconstruction loss: 0.0660]
2026-06-08 11:11:38,911 - INFO - epoch 1830 training [time: 0.28s, train loss: 0.2470, reconstruction loss: 0.0661]
2026-06-08 11:11:39,194 - INFO - epoch 1831 training [time: 0.28s, train loss: 0.2470, reconstruction loss: 0.0661]
2026-06-08 11:11:39,478 - INFO - epoch 1832 training [time: 0.28s, train loss: 0.2471, reconstruction loss: 0.0661]
2026-06-08 11:11:39,773 - INFO - epoch 1833 training [time: 0.30s, train loss: 0.2469, reconstruction loss: 0.0661]
2026-06-08 11:11:40,056 - INFO - epoch 1834 training [time: 0.28s, train loss: 0.2470, reconstruction loss: 0.0662]
2026-06-08 11:11:40,343 - INFO - epoch 1835 training [time: 0.29s, train loss: 0.2468, reconstruction loss: 0.0661]
2026-06-08 11:11:40,633 - INFO - epoch 1836 training [time: 0.29s, train loss: 0.2472, reconstruction loss: 0.0661]
2026-06-08 11:11:40,923 - INFO - epoch 1837 training [time: 0.29s, train loss: 0.2471, reconstruction loss: 0.0661]
2026-06-08 11:11:41,212 - INFO - epoch 1838 training [time: 0.29s, train loss: 0.2469, reconstruction loss: 0.0661]
2026-06-08 11:11:41,504 - INFO - epoch 1839 training [time: 0.29s, train loss: 0.2466, reconstruction loss: 0.0660]
2026-06-08 11:11:41,795 - INFO - epoch 1840 training [time: 0.29s, train loss: 0.2472, reconstruction loss: 0.0661]
2026-06-08 11:11:42,091 - INFO - epoch 1841 training [time: 0.30s, train loss: 0.2468, reconstruction loss: 0.0661]
2026-06-08 11:11:42,384 - INFO - epoch 1842 training [time: 0.29s, train loss: 0.2472, reconstruction loss: 0.0661]
2026-06-08 11:11:42,678 - INFO - epoch 1843 training [time: 0.29s, train loss: 0.2474, reconstruction loss: 0.0661]
2026-06-08 11:11:42,958 - INFO - epoch 1844 training [time: 0.28s, train loss: 0.2468, reconstruction loss: 0.0661]
2026-06-08 11:11:43,241 - INFO - epoch 1845 training [time: 0.28s, train loss: 0.2472, reconstruction loss: 0.0661]
2026-06-08 11:11:43,539 - INFO - epoch 1846 training [time: 0.30s, train loss: 0.2476, reconstruction loss: 0.0661]
2026-06-08 11:11:43,825 - INFO - epoch 1847 training [time: 0.29s, train loss: 0.2473, reconstruction loss: 0.0661]
2026-06-08 11:11:44,109 - INFO - epoch 1848 training [time: 0.28s, train loss: 0.2469, reconstruction loss: 0.0660]
2026-06-08 11:11:44,401 - INFO - epoch 1849 training [time: 0.29s, train loss: 0.2474, reconstruction loss: 0.0660]
2026-06-08 11:11:44,591 - INFO - epoch 1849 evaluating [time: 0.19s, collision_rate: 0.063668]
2026-06-08 11:11:44,596 - INFO - Saving current/home/mingyu/news_rec/Data/ckpt/Jun-08-2026_11-02-38/epoch_1849_collision_0.0637_model.pth
2026-06-08 11:11:44,888 - INFO - epoch 1850 training [time: 0.29s, train loss: 0.2471, reconstruction loss: 0.0661]
2026-06-08 11:11:45,183 - INFO - epoch 1851 training [time: 0.30s, train loss: 0.2472, reconstruction loss: 0.0661]
2026-06-08 11:11:45,482 - INFO - epoch 1852 training [time: 0.30s, train loss: 0.2475, reconstruction loss: 0.0661]
2026-06-08 11:11:45,763 - INFO - epoch 1853 training [time: 0.28s, train loss: 0.2472, reconstruction loss: 0.0661]
2026-06-08 11:11:46,056 - INFO - epoch 1854 training [time: 0.29s, train loss: 0.2474, reconstruction loss: 0.0661]
2026-06-08 11:11:46,345 - INFO - epoch 1855 training [time: 0.29s, train loss: 0.2478, reconstruction loss: 0.0662]
2026-06-08 11:11:46,639 - INFO - epoch 1856 training [time: 0.29s, train loss: 0.2472, reconstruction loss: 0.0661]
2026-06-08 11:11:46,939 - INFO - epoch 1857 training [time: 0.30s, train loss: 0.2478, reconstruction loss: 0.0661]
2026-06-08 11:11:47,234 - INFO - epoch 1858 training [time: 0.29s, train loss: 0.2478, reconstruction loss: 0.0662]
2026-06-08 11:11:47,529 - INFO - epoch 1859 training [time: 0.30s, train loss: 0.2470, reconstruction loss: 0.0660]
2026-06-08 11:11:47,824 - INFO - epoch 1860 training [time: 0.30s, train loss: 0.2473, reconstruction loss: 0.0661]
2026-06-08 11:11:48,114 - INFO - epoch 1861 training [time: 0.29s, train loss: 0.2475, reconstruction loss: 0.0660]
2026-06-08 11:11:48,406 - INFO - epoch 1862 training [time: 0.29s, train loss: 0.2477, reconstruction loss: 0.0660]
2026-06-08 11:11:48,700 - INFO - epoch 1863 training [time: 0.29s, train loss: 0.2474, reconstruction loss: 0.0661]
2026-06-08 11:11:48,997 - INFO - epoch 1864 training [time: 0.30s, train loss: 0.2468, reconstruction loss: 0.0660]
2026-06-08 11:11:49,283 - INFO - epoch 1865 training [time: 0.29s, train loss: 0.2473, reconstruction loss: 0.0661]
2026-06-08 11:11:49,577 - INFO - epoch 1866 training [time: 0.29s, train loss: 0.2472, reconstruction loss: 0.0661]
2026-06-08 11:11:49,872 - INFO - epoch 1867 training [time: 0.30s, train loss: 0.2476, reconstruction loss: 0.0661]
2026-06-08 11:11:50,164 - INFO - epoch 1868 training [time: 0.29s, train loss: 0.2472, reconstruction loss: 0.0661]
2026-06-08 11:11:50,453 - INFO - epoch 1869 training [time: 0.29s, train loss: 0.2470, reconstruction loss: 0.0660]
2026-06-08 11:11:50,745 - INFO - epoch 1870 training [time: 0.29s, train loss: 0.2471, reconstruction loss: 0.0661]
2026-06-08 11:11:51,042 - INFO - epoch 1871 training [time: 0.30s, train loss: 0.2474, reconstruction loss: 0.0660]
2026-06-08 11:11:51,326 - INFO - epoch 1872 training [time: 0.28s, train loss: 0.2475, reconstruction loss: 0.0661]
2026-06-08 11:11:51,616 - INFO - epoch 1873 training [time: 0.29s, train loss: 0.2472, reconstruction loss: 0.0661]
2026-06-08 11:11:51,911 - INFO - epoch 1874 training [time: 0.29s, train loss: 0.2474, reconstruction loss: 0.0661]
2026-06-08 11:11:52,204 - INFO - epoch 1875 training [time: 0.29s, train loss: 0.2476, reconstruction loss: 0.0661]
2026-06-08 11:11:52,497 - INFO - epoch 1876 training [time: 0.29s, train loss: 0.2477, reconstruction loss: 0.0661]
2026-06-08 11:11:52,789 - INFO - epoch 1877 training [time: 0.29s, train loss: 0.2471, reconstruction loss: 0.0661]
2026-06-08 11:11:53,080 - INFO - epoch 1878 training [time: 0.29s, train loss: 0.2476, reconstruction loss: 0.0661]
2026-06-08 11:11:53,376 - INFO - epoch 1879 training [time: 0.30s, train loss: 0.2479, reconstruction loss: 0.0661]
2026-06-08 11:11:53,682 - INFO - epoch 1880 training [time: 0.31s, train loss: 0.2474, reconstruction loss: 0.0661]
2026-06-08 11:11:53,964 - INFO - epoch 1881 training [time: 0.28s, train loss: 0.2474, reconstruction loss: 0.0661]
2026-06-08 11:11:54,262 - INFO - epoch 1882 training [time: 0.30s, train loss: 0.2475, reconstruction loss: 0.0660]
2026-06-08 11:11:54,567 - INFO - epoch 1883 training [time: 0.30s, train loss: 0.2481, reconstruction loss: 0.0661]
2026-06-08 11:11:54,854 - INFO - epoch 1884 training [time: 0.29s, train loss: 0.2472, reconstruction loss: 0.0660]
2026-06-08 11:11:55,130 - INFO - epoch 1885 training [time: 0.28s, train loss: 0.2475, reconstruction loss: 0.0661]
2026-06-08 11:11:55,410 - INFO - epoch 1886 training [time: 0.28s, train loss: 0.2478, reconstruction loss: 0.0661]
2026-06-08 11:11:55,713 - INFO - epoch 1887 training [time: 0.30s, train loss: 0.2479, reconstruction loss: 0.0660]
2026-06-08 11:11:56,003 - INFO - epoch 1888 training [time: 0.29s, train loss: 0.2483, reconstruction loss: 0.0661]
2026-06-08 11:11:56,284 - INFO - epoch 1889 training [time: 0.28s, train loss: 0.2478, reconstruction loss: 0.0661]
2026-06-08 11:11:56,570 - INFO - epoch 1890 training [time: 0.29s, train loss: 0.2475, reconstruction loss: 0.0660]
2026-06-08 11:11:56,850 - INFO - epoch 1891 training [time: 0.28s, train loss: 0.2478, reconstruction loss: 0.0661]
2026-06-08 11:11:57,145 - INFO - epoch 1892 training [time: 0.29s, train loss: 0.2479, reconstruction loss: 0.0661]
2026-06-08 11:11:57,435 - INFO - epoch 1893 training [time: 0.29s, train loss: 0.2478, reconstruction loss: 0.0661]
2026-06-08 11:11:57,732 - INFO - epoch 1894 training [time: 0.30s, train loss: 0.2476, reconstruction loss: 0.0660]
2026-06-08 11:11:58,031 - INFO - epoch 1895 training [time: 0.30s, train loss: 0.2477, reconstruction loss: 0.0661]
2026-06-08 11:11:58,314 - INFO - epoch 1896 training [time: 0.28s, train loss: 0.2481, reconstruction loss: 0.0661]
2026-06-08 11:11:58,610 - INFO - epoch 1897 training [time: 0.30s, train loss: 0.2474, reconstruction loss: 0.0660]
2026-06-08 11:11:58,899 - INFO - epoch 1898 training [time: 0.29s, train loss: 0.2481, reconstruction loss: 0.0661]
2026-06-08 11:11:59,183 - INFO - epoch 1899 training [time: 0.28s, train loss: 0.2482, reconstruction loss: 0.0661]
2026-06-08 11:11:59,369 - INFO - epoch 1899 evaluating [time: 0.19s, collision_rate: 0.064857]
2026-06-08 11:11:59,374 - INFO - Saving current/home/mingyu/news_rec/Data/ckpt/Jun-08-2026_11-02-38/epoch_1899_collision_0.0649_model.pth
2026-06-08 11:11:59,657 - INFO - epoch 1900 training [time: 0.28s, train loss: 0.2481, reconstruction loss: 0.0661]
2026-06-08 11:11:59,952 - INFO - epoch 1901 training [time: 0.29s, train loss: 0.2480, reconstruction loss: 0.0661]
2026-06-08 11:12:00,249 - INFO - epoch 1902 training [time: 0.30s, train loss: 0.2477, reconstruction loss: 0.0661]
2026-06-08 11:12:00,543 - INFO - epoch 1903 training [time: 0.29s, train loss: 0.2474, reconstruction loss: 0.0661]
2026-06-08 11:12:00,840 - INFO - epoch 1904 training [time: 0.30s, train loss: 0.2482, reconstruction loss: 0.0661]
2026-06-08 11:12:01,126 - INFO - epoch 1905 training [time: 0.29s, train loss: 0.2481, reconstruction loss: 0.0661]
2026-06-08 11:12:01,421 - INFO - epoch 1906 training [time: 0.29s, train loss: 0.2480, reconstruction loss: 0.0661]
2026-06-08 11:12:01,714 - INFO - epoch 1907 training [time: 0.29s, train loss: 0.2473, reconstruction loss: 0.0660]
2026-06-08 11:12:02,005 - INFO - epoch 1908 training [time: 0.29s, train loss: 0.2477, reconstruction loss: 0.0661]
2026-06-08 11:12:02,298 - INFO - epoch 1909 training [time: 0.29s, train loss: 0.2472, reconstruction loss: 0.0660]
2026-06-08 11:12:02,597 - INFO - epoch 1910 training [time: 0.30s, train loss: 0.2478, reconstruction loss: 0.0661]
2026-06-08 11:12:02,879 - INFO - epoch 1911 training [time: 0.28s, train loss: 0.2476, reconstruction loss: 0.0661]
2026-06-08 11:12:03,162 - INFO - epoch 1912 training [time: 0.28s, train loss: 0.2472, reconstruction loss: 0.0660]
2026-06-08 11:12:03,449 - INFO - epoch 1913 training [time: 0.29s, train loss: 0.2473, reconstruction loss: 0.0661]
2026-06-08 11:12:03,729 - INFO - epoch 1914 training [time: 0.28s, train loss: 0.2473, reconstruction loss: 0.0660]
2026-06-08 11:12:04,026 - INFO - epoch 1915 training [time: 0.30s, train loss: 0.2469, reconstruction loss: 0.0661]
2026-06-08 11:12:04,320 - INFO - epoch 1916 training [time: 0.29s, train loss: 0.2471, reconstruction loss: 0.0660]
2026-06-08 11:12:04,617 - INFO - epoch 1917 training [time: 0.30s, train loss: 0.2476, reconstruction loss: 0.0660]
2026-06-08 11:12:04,899 - INFO - epoch 1918 training [time: 0.28s, train loss: 0.2472, reconstruction loss: 0.0661]
2026-06-08 11:12:05,180 - INFO - epoch 1919 training [time: 0.28s, train loss: 0.2472, reconstruction loss: 0.0660]
2026-06-08 11:12:05,470 - INFO - epoch 1920 training [time: 0.29s, train loss: 0.2469, reconstruction loss: 0.0661]
2026-06-08 11:12:05,761 - INFO - epoch 1921 training [time: 0.29s, train loss: 0.2471, reconstruction loss: 0.0660]
2026-06-08 11:12:06,060 - INFO - epoch 1922 training [time: 0.30s, train loss: 0.2468, reconstruction loss: 0.0660]
2026-06-08 11:12:06,353 - INFO - epoch 1923 training [time: 0.29s, train loss: 0.2475, reconstruction loss: 0.0661]
2026-06-08 11:12:06,652 - INFO - epoch 1924 training [time: 0.30s, train loss: 0.2470, reconstruction loss: 0.0661]
2026-06-08 11:12:06,950 - INFO - epoch 1925 training [time: 0.30s, train loss: 0.2475, reconstruction loss: 0.0660]
2026-06-08 11:12:07,251 - INFO - epoch 1926 training [time: 0.30s, train loss: 0.2470, reconstruction loss: 0.0660]
2026-06-08 11:12:07,558 - INFO - epoch 1927 training [time: 0.31s, train loss: 0.2471, reconstruction loss: 0.0660]
2026-06-08 11:12:07,853 - INFO - epoch 1928 training [time: 0.30s, train loss: 0.2472, reconstruction loss: 0.0660]
2026-06-08 11:12:08,146 - INFO - epoch 1929 training [time: 0.29s, train loss: 0.2478, reconstruction loss: 0.0660]
2026-06-08 11:12:08,434 - INFO - epoch 1930 training [time: 0.29s, train loss: 0.2479, reconstruction loss: 0.0661]
2026-06-08 11:12:08,731 - INFO - epoch 1931 training [time: 0.30s, train loss: 0.2476, reconstruction loss: 0.0661]
2026-06-08 11:12:09,024 - INFO - epoch 1932 training [time: 0.29s, train loss: 0.2477, reconstruction loss: 0.0661]
2026-06-08 11:12:09,319 - INFO - epoch 1933 training [time: 0.29s, train loss: 0.2478, reconstruction loss: 0.0660]
2026-06-08 11:12:09,620 - INFO - epoch 1934 training [time: 0.30s, train loss: 0.2474, reconstruction loss: 0.0661]
2026-06-08 11:12:09,914 - INFO - epoch 1935 training [time: 0.29s, train loss: 0.2474, reconstruction loss: 0.0660]
2026-06-08 11:12:10,207 - INFO - epoch 1936 training [time: 0.29s, train loss: 0.2472, reconstruction loss: 0.0661]
2026-06-08 11:12:10,506 - INFO - epoch 1937 training [time: 0.30s, train loss: 0.2471, reconstruction loss: 0.0660]
2026-06-08 11:12:10,794 - INFO - epoch 1938 training [time: 0.29s, train loss: 0.2475, reconstruction loss: 0.0660]
2026-06-08 11:12:11,088 - INFO - epoch 1939 training [time: 0.29s, train loss: 0.2474, reconstruction loss: 0.0661]
2026-06-08 11:12:11,378 - INFO - epoch 1940 training [time: 0.29s, train loss: 0.2478, reconstruction loss: 0.0661]
2026-06-08 11:12:11,675 - INFO - epoch 1941 training [time: 0.30s, train loss: 0.2470, reconstruction loss: 0.0660]
2026-06-08 11:12:11,965 - INFO - epoch 1942 training [time: 0.29s, train loss: 0.2476, reconstruction loss: 0.0660]
2026-06-08 11:12:12,253 - INFO - epoch 1943 training [time: 0.29s, train loss: 0.2473, reconstruction loss: 0.0660]
2026-06-08 11:12:12,540 - INFO - epoch 1944 training [time: 0.29s, train loss: 0.2474, reconstruction loss: 0.0660]
2026-06-08 11:12:12,839 - INFO - epoch 1945 training [time: 0.30s, train loss: 0.2475, reconstruction loss: 0.0660]
2026-06-08 11:12:13,122 - INFO - epoch 1946 training [time: 0.28s, train loss: 0.2474, reconstruction loss: 0.0661]
2026-06-08 11:12:13,413 - INFO - epoch 1947 training [time: 0.29s, train loss: 0.2475, reconstruction loss: 0.0660]
2026-06-08 11:12:13,703 - INFO - epoch 1948 training [time: 0.29s, train loss: 0.2474, reconstruction loss: 0.0660]
2026-06-08 11:12:13,988 - INFO - epoch 1949 training [time: 0.28s, train loss: 0.2475, reconstruction loss: 0.0660]
2026-06-08 11:12:14,185 - INFO - epoch 1949 evaluating [time: 0.20s, collision_rate: 0.063785]
2026-06-08 11:12:14,191 - INFO - Saving current/home/mingyu/news_rec/Data/ckpt/Jun-08-2026_11-02-38/epoch_1949_collision_0.0638_model.pth
2026-06-08 11:12:14,487 - INFO - epoch 1950 training [time: 0.30s, train loss: 0.2476, reconstruction loss: 0.0661]
2026-06-08 11:12:14,773 - INFO - epoch 1951 training [time: 0.29s, train loss: 0.2479, reconstruction loss: 0.0660]
2026-06-08 11:12:15,067 - INFO - epoch 1952 training [time: 0.29s, train loss: 0.2476, reconstruction loss: 0.0660]
2026-06-08 11:12:15,361 - INFO - epoch 1953 training [time: 0.29s, train loss: 0.2475, reconstruction loss: 0.0660]
2026-06-08 11:12:15,657 - INFO - epoch 1954 training [time: 0.30s, train loss: 0.2478, reconstruction loss: 0.0660]
2026-06-08 11:12:15,942 - INFO - epoch 1955 training [time: 0.29s, train loss: 0.2482, reconstruction loss: 0.0660]
2026-06-08 11:12:16,236 - INFO - epoch 1956 training [time: 0.29s, train loss: 0.2475, reconstruction loss: 0.0659]
2026-06-08 11:12:16,520 - INFO - epoch 1957 training [time: 0.28s, train loss: 0.2478, reconstruction loss: 0.0660]
2026-06-08 11:12:16,805 - INFO - epoch 1958 training [time: 0.29s, train loss: 0.2477, reconstruction loss: 0.0660]
2026-06-08 11:12:17,095 - INFO - epoch 1959 training [time: 0.29s, train loss: 0.2475, reconstruction loss: 0.0660]
2026-06-08 11:12:17,383 - INFO - epoch 1960 training [time: 0.29s, train loss: 0.2480, reconstruction loss: 0.0660]
2026-06-08 11:12:17,675 - INFO - epoch 1961 training [time: 0.29s, train loss: 0.2480, reconstruction loss: 0.0660]
2026-06-08 11:12:17,964 - INFO - epoch 1962 training [time: 0.29s, train loss: 0.2478, reconstruction loss: 0.0660]
2026-06-08 11:12:18,250 - INFO - epoch 1963 training [time: 0.29s, train loss: 0.2487, reconstruction loss: 0.0661]
2026-06-08 11:12:18,547 - INFO - epoch 1964 training [time: 0.30s, train loss: 0.2483, reconstruction loss: 0.0660]
2026-06-08 11:12:18,838 - INFO - epoch 1965 training [time: 0.29s, train loss: 0.2476, reconstruction loss: 0.0660]
2026-06-08 11:12:19,136 - INFO - epoch 1966 training [time: 0.30s, train loss: 0.2478, reconstruction loss: 0.0661]
2026-06-08 11:12:19,426 - INFO - epoch 1967 training [time: 0.29s, train loss: 0.2483, reconstruction loss: 0.0660]
2026-06-08 11:12:19,718 - INFO - epoch 1968 training [time: 0.29s, train loss: 0.2481, reconstruction loss: 0.0660]
2026-06-08 11:12:20,018 - INFO - epoch 1969 training [time: 0.30s, train loss: 0.2479, reconstruction loss: 0.0660]
2026-06-08 11:12:20,309 - INFO - epoch 1970 training [time: 0.29s, train loss: 0.2480, reconstruction loss: 0.0660]
2026-06-08 11:12:20,610 - INFO - epoch 1971 training [time: 0.30s, train loss: 0.2480, reconstruction loss: 0.0661]
2026-06-08 11:12:20,908 - INFO - epoch 1972 training [time: 0.30s, train loss: 0.2479, reconstruction loss: 0.0660]
2026-06-08 11:12:21,207 - INFO - epoch 1973 training [time: 0.30s, train loss: 0.2479, reconstruction loss: 0.0660]
2026-06-08 11:12:21,498 - INFO - epoch 1974 training [time: 0.29s, train loss: 0.2477, reconstruction loss: 0.0660]
2026-06-08 11:12:21,789 - INFO - epoch 1975 training [time: 0.29s, train loss: 0.2478, reconstruction loss: 0.0660]
2026-06-08 11:12:22,092 - INFO - epoch 1976 training [time: 0.30s, train loss: 0.2482, reconstruction loss: 0.0659]
2026-06-08 11:12:22,387 - INFO - epoch 1977 training [time: 0.30s, train loss: 0.2476, reconstruction loss: 0.0659]
2026-06-08 11:12:22,686 - INFO - epoch 1978 training [time: 0.30s, train loss: 0.2478, reconstruction loss: 0.0660]
2026-06-08 11:12:22,980 - INFO - epoch 1979 training [time: 0.29s, train loss: 0.2475, reconstruction loss: 0.0660]
2026-06-08 11:12:23,273 - INFO - epoch 1980 training [time: 0.29s, train loss: 0.2477, reconstruction loss: 0.0660]
2026-06-08 11:12:23,566 - INFO - epoch 1981 training [time: 0.29s, train loss: 0.2478, reconstruction loss: 0.0660]
2026-06-08 11:12:23,857 - INFO - epoch 1982 training [time: 0.29s, train loss: 0.2474, reconstruction loss: 0.0659]
2026-06-08 11:12:24,143 - INFO - epoch 1983 training [time: 0.29s, train loss: 0.2475, reconstruction loss: 0.0659]
2026-06-08 11:12:24,440 - INFO - epoch 1984 training [time: 0.30s, train loss: 0.2472, reconstruction loss: 0.0660]
2026-06-08 11:12:24,738 - INFO - epoch 1985 training [time: 0.30s, train loss: 0.2478, reconstruction loss: 0.0659]
2026-06-08 11:12:25,024 - INFO - epoch 1986 training [time: 0.29s, train loss: 0.2480, reconstruction loss: 0.0660]
2026-06-08 11:12:25,323 - INFO - epoch 1987 training [time: 0.30s, train loss: 0.2477, reconstruction loss: 0.0659]
2026-06-08 11:12:25,616 - INFO - epoch 1988 training [time: 0.29s, train loss: 0.2477, reconstruction loss: 0.0660]
2026-06-08 11:12:25,901 - INFO - epoch 1989 training [time: 0.29s, train loss: 0.2480, reconstruction loss: 0.0660]
2026-06-08 11:12:26,192 - INFO - epoch 1990 training [time: 0.29s, train loss: 0.2476, reconstruction loss: 0.0660]
2026-06-08 11:12:26,490 - INFO - epoch 1991 training [time: 0.30s, train loss: 0.2476, reconstruction loss: 0.0660]
2026-06-08 11:12:26,782 - INFO - epoch 1992 training [time: 0.29s, train loss: 0.2479, reconstruction loss: 0.0660]
2026-06-08 11:12:27,063 - INFO - epoch 1993 training [time: 0.28s, train loss: 0.2479, reconstruction loss: 0.0660]
2026-06-08 11:12:27,346 - INFO - epoch 1994 training [time: 0.28s, train loss: 0.2476, reconstruction loss: 0.0660]
2026-06-08 11:12:27,638 - INFO - epoch 1995 training [time: 0.29s, train loss: 0.2480, reconstruction loss: 0.0659]
2026-06-08 11:12:27,930 - INFO - epoch 1996 training [time: 0.29s, train loss: 0.2476, reconstruction loss: 0.0659]
2026-06-08 11:12:28,218 - INFO - epoch 1997 training [time: 0.29s, train loss: 0.2476, reconstruction loss: 0.0660]
2026-06-08 11:12:28,511 - INFO - epoch 1998 training [time: 0.29s, train loss: 0.2479, reconstruction loss: 0.0660]
2026-06-08 11:12:28,813 - INFO - epoch 1999 training [time: 0.30s, train loss: 0.2476, reconstruction loss: 0.0659]
2026-06-08 11:12:29,022 - INFO - epoch 1999 evaluating [time: 0.21s, collision_rate: 0.064097]
2026-06-08 11:12:29,027 - INFO - Saving current/home/mingyu/news_rec/Data/ckpt/Jun-08-2026_11-02-38/epoch_1999_collision_0.0641_model.pth
2026-06-08 11:12:29,310 - INFO - epoch 2000 training [time: 0.28s, train loss: 0.2479, reconstruction loss: 0.0660]
2026-06-08 11:12:29,606 - INFO - epoch 2001 training [time: 0.30s, train loss: 0.2474, reconstruction loss: 0.0660]
2026-06-08 11:12:29,908 - INFO - epoch 2002 training [time: 0.30s, train loss: 0.2475, reconstruction loss: 0.0659]
2026-06-08 11:12:30,195 - INFO - epoch 2003 training [time: 0.29s, train loss: 0.2479, reconstruction loss: 0.0660]
2026-06-08 11:12:30,490 - INFO - epoch 2004 training [time: 0.30s, train loss: 0.2477, reconstruction loss: 0.0660]
2026-06-08 11:12:30,776 - INFO - epoch 2005 training [time: 0.29s, train loss: 0.2476, reconstruction loss: 0.0659]
2026-06-08 11:12:31,073 - INFO - epoch 2006 training [time: 0.30s, train loss: 0.2483, reconstruction loss: 0.0660]
2026-06-08 11:12:31,360 - INFO - epoch 2007 training [time: 0.29s, train loss: 0.2477, reconstruction loss: 0.0659]
2026-06-08 11:12:31,645 - INFO - epoch 2008 training [time: 0.28s, train loss: 0.2476, reconstruction loss: 0.0659]
2026-06-08 11:12:31,941 - INFO - epoch 2009 training [time: 0.30s, train loss: 0.2476, reconstruction loss: 0.0660]
2026-06-08 11:12:32,236 - INFO - epoch 2010 training [time: 0.29s, train loss: 0.2476, reconstruction loss: 0.0660]
2026-06-08 11:12:32,518 - INFO - epoch 2011 training [time: 0.28s, train loss: 0.2475, reconstruction loss: 0.0660]
2026-06-08 11:12:32,814 - INFO - epoch 2012 training [time: 0.30s, train loss: 0.2478, reconstruction loss: 0.0659]
2026-06-08 11:12:33,104 - INFO - epoch 2013 training [time: 0.29s, train loss: 0.2474, reconstruction loss: 0.0659]
2026-06-08 11:12:33,398 - INFO - epoch 2014 training [time: 0.29s, train loss: 0.2474, reconstruction loss: 0.0659]
2026-06-08 11:12:33,689 - INFO - epoch 2015 training [time: 0.29s, train loss: 0.2480, reconstruction loss: 0.0660]
2026-06-08 11:12:33,982 - INFO - epoch 2016 training [time: 0.29s, train loss: 0.2476, reconstruction loss: 0.0660]
2026-06-08 11:12:34,277 - INFO - epoch 2017 training [time: 0.29s, train loss: 0.2478, reconstruction loss: 0.0660]
2026-06-08 11:12:34,576 - INFO - epoch 2018 training [time: 0.30s, train loss: 0.2481, reconstruction loss: 0.0660]
2026-06-08 11:12:34,878 - INFO - epoch 2019 training [time: 0.30s, train loss: 0.2472, reconstruction loss: 0.0659]
2026-06-08 11:12:35,176 - INFO - epoch 2020 training [time: 0.30s, train loss: 0.2476, reconstruction loss: 0.0659]
2026-06-08 11:12:35,471 - INFO - epoch 2021 training [time: 0.30s, train loss: 0.2477, reconstruction loss: 0.0660]
2026-06-08 11:12:35,757 - INFO - epoch 2022 training [time: 0.29s, train loss: 0.2475, reconstruction loss: 0.0659]
2026-06-08 11:12:36,044 - INFO - epoch 2023 training [time: 0.29s, train loss: 0.2479, reconstruction loss: 0.0659]
2026-06-08 11:12:36,329 - INFO - epoch 2024 training [time: 0.29s, train loss: 0.2479, reconstruction loss: 0.0660]
2026-06-08 11:12:36,621 - INFO - epoch 2025 training [time: 0.29s, train loss: 0.2476, reconstruction loss: 0.0659]
2026-06-08 11:12:36,923 - INFO - epoch 2026 training [time: 0.30s, train loss: 0.2471, reconstruction loss: 0.0659]
2026-06-08 11:12:37,220 - INFO - epoch 2027 training [time: 0.30s, train loss: 0.2476, reconstruction loss: 0.0659]
2026-06-08 11:12:37,522 - INFO - epoch 2028 training [time: 0.30s, train loss: 0.2479, reconstruction loss: 0.0660]
2026-06-08 11:12:37,810 - INFO - epoch 2029 training [time: 0.29s, train loss: 0.2478, reconstruction loss: 0.0659]
2026-06-08 11:12:38,104 - INFO - epoch 2030 training [time: 0.29s, train loss: 0.2477, reconstruction loss: 0.0660]
2026-06-08 11:12:38,402 - INFO - epoch 2031 training [time: 0.30s, train loss: 0.2481, reconstruction loss: 0.0660]
2026-06-08 11:12:38,684 - INFO - epoch 2032 training [time: 0.28s, train loss: 0.2484, reconstruction loss: 0.0660]
2026-06-08 11:12:38,978 - INFO - epoch 2033 training [time: 0.29s, train loss: 0.2478, reconstruction loss: 0.0659]
2026-06-08 11:12:39,266 - INFO - epoch 2034 training [time: 0.29s, train loss: 0.2477, reconstruction loss: 0.0659]
2026-06-08 11:12:39,556 - INFO - epoch 2035 training [time: 0.29s, train loss: 0.2478, reconstruction loss: 0.0659]
2026-06-08 11:12:39,839 - INFO - epoch 2036 training [time: 0.28s, train loss: 0.2480, reconstruction loss: 0.0659]
2026-06-08 11:12:40,117 - INFO - epoch 2037 training [time: 0.28s, train loss: 0.2483, reconstruction loss: 0.0659]
2026-06-08 11:12:40,406 - INFO - epoch 2038 training [time: 0.29s, train loss: 0.2484, reconstruction loss: 0.0660]
2026-06-08 11:12:40,689 - INFO - epoch 2039 training [time: 0.28s, train loss: 0.2479, reconstruction loss: 0.0660]
2026-06-08 11:12:40,985 - INFO - epoch 2040 training [time: 0.30s, train loss: 0.2477, reconstruction loss: 0.0660]
2026-06-08 11:12:41,276 - INFO - epoch 2041 training [time: 0.29s, train loss: 0.2475, reconstruction loss: 0.0659]
2026-06-08 11:12:41,568 - INFO - epoch 2042 training [time: 0.29s, train loss: 0.2480, reconstruction loss: 0.0659]
2026-06-08 11:12:41,850 - INFO - epoch 2043 training [time: 0.28s, train loss: 0.2480, reconstruction loss: 0.0659]
2026-06-08 11:12:42,146 - INFO - epoch 2044 training [time: 0.30s, train loss: 0.2483, reconstruction loss: 0.0660]
2026-06-08 11:12:42,437 - INFO - epoch 2045 training [time: 0.29s, train loss: 0.2482, reconstruction loss: 0.0660]
2026-06-08 11:12:42,733 - INFO - epoch 2046 training [time: 0.30s, train loss: 0.2484, reconstruction loss: 0.0660]
2026-06-08 11:12:43,031 - INFO - epoch 2047 training [time: 0.30s, train loss: 0.2478, reconstruction loss: 0.0659]
2026-06-08 11:12:43,322 - INFO - epoch 2048 training [time: 0.29s, train loss: 0.2477, reconstruction loss: 0.0659]
2026-06-08 11:12:43,604 - INFO - epoch 2049 training [time: 0.28s, train loss: 0.2479, reconstruction loss: 0.0659]
2026-06-08 11:12:43,794 - INFO - epoch 2049 evaluating [time: 0.19s, collision_rate: 0.064623]
2026-06-08 11:12:43,799 - INFO - Saving current/home/mingyu/news_rec/Data/ckpt/Jun-08-2026_11-02-38/epoch_2049_collision_0.0646_model.pth
2026-06-08 11:12:44,084 - INFO - epoch 2050 training [time: 0.28s, train loss: 0.2483, reconstruction loss: 0.0660]
2026-06-08 11:12:44,375 - INFO - epoch 2051 training [time: 0.29s, train loss: 0.2478, reconstruction loss: 0.0659]
2026-06-08 11:12:44,671 - INFO - epoch 2052 training [time: 0.30s, train loss: 0.2483, reconstruction loss: 0.0659]
2026-06-08 11:12:44,963 - INFO - epoch 2053 training [time: 0.29s, train loss: 0.2480, reconstruction loss: 0.0659]
2026-06-08 11:12:45,260 - INFO - epoch 2054 training [time: 0.30s, train loss: 0.2486, reconstruction loss: 0.0660]
2026-06-08 11:12:45,559 - INFO - epoch 2055 training [time: 0.30s, train loss: 0.2479, reconstruction loss: 0.0659]
2026-06-08 11:12:45,846 - INFO - epoch 2056 training [time: 0.29s, train loss: 0.2484, reconstruction loss: 0.0659]
2026-06-08 11:12:46,130 - INFO - epoch 2057 training [time: 0.28s, train loss: 0.2479, reconstruction loss: 0.0659]
2026-06-08 11:12:46,421 - INFO - epoch 2058 training [time: 0.29s, train loss: 0.2476, reconstruction loss: 0.0659]
2026-06-08 11:12:46,710 - INFO - epoch 2059 training [time: 0.29s, train loss: 0.2485, reconstruction loss: 0.0659]
2026-06-08 11:12:47,018 - INFO - epoch 2060 training [time: 0.31s, train loss: 0.2487, reconstruction loss: 0.0659]
2026-06-08 11:12:47,305 - INFO - epoch 2061 training [time: 0.29s, train loss: 0.2483, reconstruction loss: 0.0659]
2026-06-08 11:12:47,603 - INFO - epoch 2062 training [time: 0.30s, train loss: 0.2485, reconstruction loss: 0.0659]
2026-06-08 11:12:47,904 - INFO - epoch 2063 training [time: 0.30s, train loss: 0.2484, reconstruction loss: 0.0659]
2026-06-08 11:12:48,196 - INFO - epoch 2064 training [time: 0.29s, train loss: 0.2486, reconstruction loss: 0.0659]
2026-06-08 11:12:48,494 - INFO - epoch 2065 training [time: 0.30s, train loss: 0.2489, reconstruction loss: 0.0659]
2026-06-08 11:12:48,788 - INFO - epoch 2066 training [time: 0.29s, train loss: 0.2484, reconstruction loss: 0.0659]
2026-06-08 11:12:49,076 - INFO - epoch 2067 training [time: 0.29s, train loss: 0.2486, reconstruction loss: 0.0659]
2026-06-08 11:12:49,379 - INFO - epoch 2068 training [time: 0.30s, train loss: 0.2487, reconstruction loss: 0.0659]
2026-06-08 11:12:49,675 - INFO - epoch 2069 training [time: 0.30s, train loss: 0.2481, reconstruction loss: 0.0659]
2026-06-08 11:12:49,970 - INFO - epoch 2070 training [time: 0.29s, train loss: 0.2486, reconstruction loss: 0.0659]
2026-06-08 11:12:50,261 - INFO - epoch 2071 training [time: 0.29s, train loss: 0.2485, reconstruction loss: 0.0659]
2026-06-08 11:12:50,545 - INFO - epoch 2072 training [time: 0.28s, train loss: 0.2485, reconstruction loss: 0.0659]
2026-06-08 11:12:50,839 - INFO - epoch 2073 training [time: 0.29s, train loss: 0.2484, reconstruction loss: 0.0660]
2026-06-08 11:12:51,127 - INFO - epoch 2074 training [time: 0.29s, train loss: 0.2488, reconstruction loss: 0.0659]
2026-06-08 11:12:51,410 - INFO - epoch 2075 training [time: 0.28s, train loss: 0.2486, reconstruction loss: 0.0659]
2026-06-08 11:12:51,699 - INFO - epoch 2076 training [time: 0.29s, train loss: 0.2489, reconstruction loss: 0.0660]
2026-06-08 11:12:51,994 - INFO - epoch 2077 training [time: 0.29s, train loss: 0.2488, reconstruction loss: 0.0659]
2026-06-08 11:12:52,297 - INFO - epoch 2078 training [time: 0.30s, train loss: 0.2487, reconstruction loss: 0.0659]
2026-06-08 11:12:52,590 - INFO - epoch 2079 training [time: 0.29s, train loss: 0.2485, reconstruction loss: 0.0659]
2026-06-08 11:12:52,880 - INFO - epoch 2080 training [time: 0.29s, train loss: 0.2481, reconstruction loss: 0.0659]
2026-06-08 11:12:53,165 - INFO - epoch 2081 training [time: 0.28s, train loss: 0.2481, reconstruction loss: 0.0659]
2026-06-08 11:12:53,467 - INFO - epoch 2082 training [time: 0.30s, train loss: 0.2481, reconstruction loss: 0.0659]
2026-06-08 11:12:53,762 - INFO - epoch 2083 training [time: 0.30s, train loss: 0.2484, reconstruction loss: 0.0659]
2026-06-08 11:12:54,060 - INFO - epoch 2084 training [time: 0.30s, train loss: 0.2487, reconstruction loss: 0.0659]
2026-06-08 11:12:54,351 - INFO - epoch 2085 training [time: 0.29s, train loss: 0.2487, reconstruction loss: 0.0659]
2026-06-08 11:12:54,639 - INFO - epoch 2086 training [time: 0.29s, train loss: 0.2486, reconstruction loss: 0.0659]
2026-06-08 11:12:54,923 - INFO - epoch 2087 training [time: 0.28s, train loss: 0.2483, reconstruction loss: 0.0659]
2026-06-08 11:12:55,227 - INFO - epoch 2088 training [time: 0.30s, train loss: 0.2487, reconstruction loss: 0.0660]
2026-06-08 11:12:55,518 - INFO - epoch 2089 training [time: 0.29s, train loss: 0.2484, reconstruction loss: 0.0659]
2026-06-08 11:12:55,813 - INFO - epoch 2090 training [time: 0.30s, train loss: 0.2493, reconstruction loss: 0.0660]
2026-06-08 11:12:56,106 - INFO - epoch 2091 training [time: 0.29s, train loss: 0.2483, reconstruction loss: 0.0660]
2026-06-08 11:12:56,398 - INFO - epoch 2092 training [time: 0.29s, train loss: 0.2483, reconstruction loss: 0.0659]
2026-06-08 11:12:56,681 - INFO - epoch 2093 training [time: 0.28s, train loss: 0.2486, reconstruction loss: 0.0659]
2026-06-08 11:12:56,961 - INFO - epoch 2094 training [time: 0.28s, train loss: 0.2487, reconstruction loss: 0.0659]
2026-06-08 11:12:57,249 - INFO - epoch 2095 training [time: 0.29s, train loss: 0.2483, reconstruction loss: 0.0658]
2026-06-08 11:12:57,540 - INFO - epoch 2096 training [time: 0.29s, train loss: 0.2489, reconstruction loss: 0.0659]
2026-06-08 11:12:57,831 - INFO - epoch 2097 training [time: 0.29s, train loss: 0.2485, reconstruction loss: 0.0658]
2026-06-08 11:12:58,115 - INFO - epoch 2098 training [time: 0.28s, train loss: 0.2489, reconstruction loss: 0.0659]
2026-06-08 11:12:58,407 - INFO - epoch 2099 training [time: 0.29s, train loss: 0.2487, reconstruction loss: 0.0659]
2026-06-08 11:12:58,600 - INFO - epoch 2099 evaluating [time: 0.19s, collision_rate: 0.064545]
2026-06-08 11:12:58,605 - INFO - Saving current/home/mingyu/news_rec/Data/ckpt/Jun-08-2026_11-02-38/epoch_2099_collision_0.0645_model.pth
2026-06-08 11:12:58,903 - INFO - epoch 2100 training [time: 0.30s, train loss: 0.2490, reconstruction loss: 0.0659]
2026-06-08 11:12:59,183 - INFO - epoch 2101 training [time: 0.28s, train loss: 0.2488, reconstruction loss: 0.0659]
2026-06-08 11:12:59,473 - INFO - epoch 2102 training [time: 0.29s, train loss: 0.2487, reconstruction loss: 0.0659]
2026-06-08 11:12:59,769 - INFO - epoch 2103 training [time: 0.30s, train loss: 0.2492, reconstruction loss: 0.0660]
2026-06-08 11:13:00,052 - INFO - epoch 2104 training [time: 0.28s, train loss: 0.2489, reconstruction loss: 0.0659]
2026-06-08 11:13:00,340 - INFO - epoch 2105 training [time: 0.29s, train loss: 0.2486, reconstruction loss: 0.0659]
2026-06-08 11:13:00,634 - INFO - epoch 2106 training [time: 0.29s, train loss: 0.2492, reconstruction loss: 0.0659]
2026-06-08 11:13:00,924 - INFO - epoch 2107 training [time: 0.29s, train loss: 0.2486, reconstruction loss: 0.0658]
2026-06-08 11:13:01,208 - INFO - epoch 2108 training [time: 0.28s, train loss: 0.2488, reconstruction loss: 0.0659]
2026-06-08 11:13:01,510 - INFO - epoch 2109 training [time: 0.30s, train loss: 0.2488, reconstruction loss: 0.0658]
2026-06-08 11:13:01,805 - INFO - epoch 2110 training [time: 0.30s, train loss: 0.2490, reconstruction loss: 0.0659]
2026-06-08 11:13:02,098 - INFO - epoch 2111 training [time: 0.29s, train loss: 0.2489, reconstruction loss: 0.0658]
2026-06-08 11:13:02,391 - INFO - epoch 2112 training [time: 0.29s, train loss: 0.2484, reconstruction loss: 0.0658]
2026-06-08 11:13:02,688 - INFO - epoch 2113 training [time: 0.30s, train loss: 0.2487, reconstruction loss: 0.0658]
2026-06-08 11:13:02,992 - INFO - epoch 2114 training [time: 0.30s, train loss: 0.2494, reconstruction loss: 0.0659]
2026-06-08 11:13:03,288 - INFO - epoch 2115 training [time: 0.30s, train loss: 0.2490, reconstruction loss: 0.0659]
2026-06-08 11:13:03,571 - INFO - epoch 2116 training [time: 0.28s, train loss: 0.2488, reconstruction loss: 0.0659]
2026-06-08 11:13:03,873 - INFO - epoch 2117 training [time: 0.30s, train loss: 0.2488, reconstruction loss: 0.0658]
2026-06-08 11:13:04,170 - INFO - epoch 2118 training [time: 0.30s, train loss: 0.2485, reconstruction loss: 0.0659]
2026-06-08 11:13:04,460 - INFO - epoch 2119 training [time: 0.29s, train loss: 0.2486, reconstruction loss: 0.0658]
2026-06-08 11:13:04,751 - INFO - epoch 2120 training [time: 0.29s, train loss: 0.2485, reconstruction loss: 0.0658]
2026-06-08 11:13:05,039 - INFO - epoch 2121 training [time: 0.29s, train loss: 0.2489, reconstruction loss: 0.0659]
2026-06-08 11:13:05,327 - INFO - epoch 2122 training [time: 0.29s, train loss: 0.2486, reconstruction loss: 0.0658]
2026-06-08 11:13:05,615 - INFO - epoch 2123 training [time: 0.29s, train loss: 0.2493, reconstruction loss: 0.0660]
2026-06-08 11:13:05,906 - INFO - epoch 2124 training [time: 0.29s, train loss: 0.2491, reconstruction loss: 0.0659]
2026-06-08 11:13:06,206 - INFO - epoch 2125 training [time: 0.30s, train loss: 0.2487, reconstruction loss: 0.0659]
2026-06-08 11:13:06,496 - INFO - epoch 2126 training [time: 0.29s, train loss: 0.2488, reconstruction loss: 0.0659]
2026-06-08 11:13:06,783 - INFO - epoch 2127 training [time: 0.29s, train loss: 0.2488, reconstruction loss: 0.0659]
2026-06-08 11:13:07,061 - INFO - epoch 2128 training [time: 0.28s, train loss: 0.2488, reconstruction loss: 0.0659]
2026-06-08 11:13:07,350 - INFO - epoch 2129 training [time: 0.29s, train loss: 0.2490, reconstruction loss: 0.0658]
2026-06-08 11:13:07,634 - INFO - epoch 2130 training [time: 0.28s, train loss: 0.2488, reconstruction loss: 0.0658]
2026-06-08 11:13:07,925 - INFO - epoch 2131 training [time: 0.29s, train loss: 0.2484, reconstruction loss: 0.0659]
2026-06-08 11:13:08,209 - INFO - epoch 2132 training [time: 0.28s, train loss: 0.2490, reconstruction loss: 0.0659]
2026-06-08 11:13:08,497 - INFO - epoch 2133 training [time: 0.29s, train loss: 0.2488, reconstruction loss: 0.0659]
2026-06-08 11:13:08,783 - INFO - epoch 2134 training [time: 0.29s, train loss: 0.2489, reconstruction loss: 0.0659]
2026-06-08 11:13:09,077 - INFO - epoch 2135 training [time: 0.29s, train loss: 0.2488, reconstruction loss: 0.0658]
2026-06-08 11:13:09,361 - INFO - epoch 2136 training [time: 0.28s, train loss: 0.2485, reconstruction loss: 0.0659]
2026-06-08 11:13:09,643 - INFO - epoch 2137 training [time: 0.28s, train loss: 0.2485, reconstruction loss: 0.0659]
2026-06-08 11:13:09,930 - INFO - epoch 2138 training [time: 0.29s, train loss: 0.2484, reconstruction loss: 0.0658]
2026-06-08 11:13:10,219 - INFO - epoch 2139 training [time: 0.29s, train loss: 0.2487, reconstruction loss: 0.0659]
2026-06-08 11:13:10,516 - INFO - epoch 2140 training [time: 0.30s, train loss: 0.2487, reconstruction loss: 0.0658]
2026-06-08 11:13:10,812 - INFO - epoch 2141 training [time: 0.30s, train loss: 0.2483, reconstruction loss: 0.0659]
2026-06-08 11:13:11,114 - INFO - epoch 2142 training [time: 0.30s, train loss: 0.2484, reconstruction loss: 0.0658]
2026-06-08 11:13:11,403 - INFO - epoch 2143 training [time: 0.29s, train loss: 0.2488, reconstruction loss: 0.0658]
2026-06-08 11:13:11,695 - INFO - epoch 2144 training [time: 0.29s, train loss: 0.2488, reconstruction loss: 0.0658]
2026-06-08 11:13:11,985 - INFO - epoch 2145 training [time: 0.29s, train loss: 0.2481, reconstruction loss: 0.0659]
2026-06-08 11:13:12,273 - INFO - epoch 2146 training [time: 0.29s, train loss: 0.2484, reconstruction loss: 0.0658]
2026-06-08 11:13:12,570 - INFO - epoch 2147 training [time: 0.30s, train loss: 0.2483, reconstruction loss: 0.0658]
2026-06-08 11:13:12,860 - INFO - epoch 2148 training [time: 0.29s, train loss: 0.2491, reconstruction loss: 0.0659]
2026-06-08 11:13:13,156 - INFO - epoch 2149 training [time: 0.30s, train loss: 0.2485, reconstruction loss: 0.0659]
2026-06-08 11:13:13,347 - INFO - epoch 2149 evaluating [time: 0.19s, collision_rate: 0.064994]
2026-06-08 11:13:13,352 - INFO - Saving current/home/mingyu/news_rec/Data/ckpt/Jun-08-2026_11-02-38/epoch_2149_collision_0.0650_model.pth
2026-06-08 11:13:13,642 - INFO - epoch 2150 training [time: 0.29s, train loss: 0.2487, reconstruction loss: 0.0659]
2026-06-08 11:13:13,944 - INFO - epoch 2151 training [time: 0.30s, train loss: 0.2486, reconstruction loss: 0.0658]
2026-06-08 11:13:14,236 - INFO - epoch 2152 training [time: 0.29s, train loss: 0.2484, reconstruction loss: 0.0659]
2026-06-08 11:13:14,533 - INFO - epoch 2153 training [time: 0.30s, train loss: 0.2484, reconstruction loss: 0.0658]
2026-06-08 11:13:14,823 - INFO - epoch 2154 training [time: 0.29s, train loss: 0.2486, reconstruction loss: 0.0659]
2026-06-08 11:13:15,102 - INFO - epoch 2155 training [time: 0.28s, train loss: 0.2483, reconstruction loss: 0.0658]
2026-06-08 11:13:15,388 - INFO - epoch 2156 training [time: 0.29s, train loss: 0.2486, reconstruction loss: 0.0659]
2026-06-08 11:13:15,686 - INFO - epoch 2157 training [time: 0.30s, train loss: 0.2483, reconstruction loss: 0.0659]
2026-06-08 11:13:15,969 - INFO - epoch 2158 training [time: 0.28s, train loss: 0.2484, reconstruction loss: 0.0659]
2026-06-08 11:13:16,267 - INFO - epoch 2159 training [time: 0.30s, train loss: 0.2483, reconstruction loss: 0.0659]
2026-06-08 11:13:16,568 - INFO - epoch 2160 training [time: 0.30s, train loss: 0.2486, reconstruction loss: 0.0658]
2026-06-08 11:13:16,856 - INFO - epoch 2161 training [time: 0.29s, train loss: 0.2485, reconstruction loss: 0.0659]
2026-06-08 11:13:17,136 - INFO - epoch 2162 training [time: 0.28s, train loss: 0.2478, reconstruction loss: 0.0658]
2026-06-08 11:13:17,429 - INFO - epoch 2163 training [time: 0.29s, train loss: 0.2487, reconstruction loss: 0.0660]
2026-06-08 11:13:17,723 - INFO - epoch 2164 training [time: 0.29s, train loss: 0.2487, reconstruction loss: 0.0659]
2026-06-08 11:13:18,015 - INFO - epoch 2165 training [time: 0.29s, train loss: 0.2486, reconstruction loss: 0.0659]
2026-06-08 11:13:18,308 - INFO - epoch 2166 training [time: 0.29s, train loss: 0.2484, reconstruction loss: 0.0658]
2026-06-08 11:13:18,606 - INFO - epoch 2167 training [time: 0.30s, train loss: 0.2483, reconstruction loss: 0.0658]
2026-06-08 11:13:18,894 - INFO - epoch 2168 training [time: 0.29s, train loss: 0.2486, reconstruction loss: 0.0658]
2026-06-08 11:13:19,186 - INFO - epoch 2169 training [time: 0.29s, train loss: 0.2485, reconstruction loss: 0.0659]
2026-06-08 11:13:19,478 - INFO - epoch 2170 training [time: 0.29s, train loss: 0.2485, reconstruction loss: 0.0658]
2026-06-08 11:13:19,781 - INFO - epoch 2171 training [time: 0.30s, train loss: 0.2481, reconstruction loss: 0.0659]
2026-06-08 11:13:20,065 - INFO - epoch 2172 training [time: 0.28s, train loss: 0.2483, reconstruction loss: 0.0659]
2026-06-08 11:13:20,353 - INFO - epoch 2173 training [time: 0.29s, train loss: 0.2484, reconstruction loss: 0.0659]
2026-06-08 11:13:20,646 - INFO - epoch 2174 training [time: 0.29s, train loss: 0.2482, reconstruction loss: 0.0658]
2026-06-08 11:13:20,938 - INFO - epoch 2175 training [time: 0.29s, train loss: 0.2483, reconstruction loss: 0.0658]
2026-06-08 11:13:21,224 - INFO - epoch 2176 training [time: 0.29s, train loss: 0.2484, reconstruction loss: 0.0658]
2026-06-08 11:13:21,515 - INFO - epoch 2177 training [time: 0.29s, train loss: 0.2480, reconstruction loss: 0.0658]
2026-06-08 11:13:21,810 - INFO - epoch 2178 training [time: 0.29s, train loss: 0.2485, reconstruction loss: 0.0658]
2026-06-08 11:13:22,092 - INFO - epoch 2179 training [time: 0.28s, train loss: 0.2485, reconstruction loss: 0.0659]
2026-06-08 11:13:22,383 - INFO - epoch 2180 training [time: 0.29s, train loss: 0.2491, reconstruction loss: 0.0658]
2026-06-08 11:13:22,676 - INFO - epoch 2181 training [time: 0.29s, train loss: 0.2485, reconstruction loss: 0.0658]
2026-06-08 11:13:22,970 - INFO - epoch 2182 training [time: 0.29s, train loss: 0.2488, reconstruction loss: 0.0658]
2026-06-08 11:13:23,263 - INFO - epoch 2183 training [time: 0.29s, train loss: 0.2487, reconstruction loss: 0.0659]
2026-06-08 11:13:23,562 - INFO - epoch 2184 training [time: 0.30s, train loss: 0.2487, reconstruction loss: 0.0659]
2026-06-08 11:13:23,845 - INFO - epoch 2185 training [time: 0.28s, train loss: 0.2484, reconstruction loss: 0.0658]
2026-06-08 11:13:24,138 - INFO - epoch 2186 training [time: 0.29s, train loss: 0.2483, reconstruction loss: 0.0657]
2026-06-08 11:13:24,438 - INFO - epoch 2187 training [time: 0.30s, train loss: 0.2484, reconstruction loss: 0.0658]
2026-06-08 11:13:24,732 - INFO - epoch 2188 training [time: 0.29s, train loss: 0.2481, reconstruction loss: 0.0658]
2026-06-08 11:13:25,025 - INFO - epoch 2189 training [time: 0.29s, train loss: 0.2485, reconstruction loss: 0.0658]
2026-06-08 11:13:25,312 - INFO - epoch 2190 training [time: 0.29s, train loss: 0.2485, reconstruction loss: 0.0658]
2026-06-08 11:13:25,608 - INFO - epoch 2191 training [time: 0.30s, train loss: 0.2485, reconstruction loss: 0.0658]
2026-06-08 11:13:25,905 - INFO - epoch 2192 training [time: 0.30s, train loss: 0.2486, reconstruction loss: 0.0658]
2026-06-08 11:13:26,195 - INFO - epoch 2193 training [time: 0.29s, train loss: 0.2488, reconstruction loss: 0.0658]
2026-06-08 11:13:26,481 - INFO - epoch 2194 training [time: 0.29s, train loss: 0.2489, reconstruction loss: 0.0659]
2026-06-08 11:13:26,774 - INFO - epoch 2195 training [time: 0.29s, train loss: 0.2487, reconstruction loss: 0.0658]
2026-06-08 11:13:27,064 - INFO - epoch 2196 training [time: 0.29s, train loss: 0.2485, reconstruction loss: 0.0657]
2026-06-08 11:13:27,357 - INFO - epoch 2197 training [time: 0.29s, train loss: 0.2487, reconstruction loss: 0.0658]
2026-06-08 11:13:27,649 - INFO - epoch 2198 training [time: 0.29s, train loss: 0.2486, reconstruction loss: 0.0658]
2026-06-08 11:13:27,938 - INFO - epoch 2199 training [time: 0.29s, train loss: 0.2489, reconstruction loss: 0.0657]
2026-06-08 11:13:28,111 - INFO - epoch 2199 evaluating [time: 0.17s, collision_rate: 0.066222]
2026-06-08 11:13:28,116 - INFO - Saving current/home/mingyu/news_rec/Data/ckpt/Jun-08-2026_11-02-38/epoch_2199_collision_0.0662_model.pth
2026-06-08 11:13:28,408 - INFO - epoch 2200 training [time: 0.29s, train loss: 0.2485, reconstruction loss: 0.0658]
2026-06-08 11:13:28,710 - INFO - epoch 2201 training [time: 0.30s, train loss: 0.2489, reconstruction loss: 0.0657]
2026-06-08 11:13:29,002 - INFO - epoch 2202 training [time: 0.29s, train loss: 0.2488, reconstruction loss: 0.0658]
2026-06-08 11:13:29,306 - INFO - epoch 2203 training [time: 0.30s, train loss: 0.2483, reconstruction loss: 0.0657]
2026-06-08 11:13:29,601 - INFO - epoch 2204 training [time: 0.29s, train loss: 0.2488, reconstruction loss: 0.0658]
2026-06-08 11:13:29,889 - INFO - epoch 2205 training [time: 0.29s, train loss: 0.2489, reconstruction loss: 0.0657]
2026-06-08 11:13:30,175 - INFO - epoch 2206 training [time: 0.29s, train loss: 0.2486, reconstruction loss: 0.0658]
2026-06-08 11:13:30,474 - INFO - epoch 2207 training [time: 0.30s, train loss: 0.2488, reconstruction loss: 0.0658]
2026-06-08 11:13:30,764 - INFO - epoch 2208 training [time: 0.29s, train loss: 0.2484, reconstruction loss: 0.0658]
2026-06-08 11:13:31,052 - INFO - epoch 2209 training [time: 0.29s, train loss: 0.2485, reconstruction loss: 0.0658]
2026-06-08 11:13:31,331 - INFO - epoch 2210 training [time: 0.28s, train loss: 0.2486, reconstruction loss: 0.0658]
2026-06-08 11:13:31,631 - INFO - epoch 2211 training [time: 0.30s, train loss: 0.2485, reconstruction loss: 0.0658]
2026-06-08 11:13:31,929 - INFO - epoch 2212 training [time: 0.30s, train loss: 0.2484, reconstruction loss: 0.0657]
2026-06-08 11:13:32,228 - INFO - epoch 2213 training [time: 0.30s, train loss: 0.2486, reconstruction loss: 0.0658]
2026-06-08 11:13:32,511 - INFO - epoch 2214 training [time: 0.28s, train loss: 0.2486, reconstruction loss: 0.0657]
2026-06-08 11:13:32,805 - INFO - epoch 2215 training [time: 0.29s, train loss: 0.2486, reconstruction loss: 0.0659]
2026-06-08 11:13:33,102 - INFO - epoch 2216 training [time: 0.30s, train loss: 0.2488, reconstruction loss: 0.0658]
2026-06-08 11:13:33,393 - INFO - epoch 2217 training [time: 0.29s, train loss: 0.2493, reconstruction loss: 0.0658]
2026-06-08 11:13:33,690 - INFO - epoch 2218 training [time: 0.30s, train loss: 0.2489, reconstruction loss: 0.0658]
2026-06-08 11:13:33,985 - INFO - epoch 2219 training [time: 0.29s, train loss: 0.2486, reconstruction loss: 0.0658]
2026-06-08 11:13:34,277 - INFO - epoch 2220 training [time: 0.29s, train loss: 0.2488, reconstruction loss: 0.0658]
2026-06-08 11:13:34,565 - INFO - epoch 2221 training [time: 0.29s, train loss: 0.2488, reconstruction loss: 0.0658]
2026-06-08 11:13:34,854 - INFO - epoch 2222 training [time: 0.29s, train loss: 0.2489, reconstruction loss: 0.0658]
2026-06-08 11:13:35,150 - INFO - epoch 2223 training [time: 0.30s, train loss: 0.2493, reconstruction loss: 0.0658]
2026-06-08 11:13:35,439 - INFO - epoch 2224 training [time: 0.29s, train loss: 0.2489, reconstruction loss: 0.0659]
2026-06-08 11:13:35,739 - INFO - epoch 2225 training [time: 0.30s, train loss: 0.2495, reconstruction loss: 0.0658]
2026-06-08 11:13:36,039 - INFO - epoch 2226 training [time: 0.30s, train loss: 0.2492, reconstruction loss: 0.0658]
2026-06-08 11:13:36,344 - INFO - epoch 2227 training [time: 0.30s, train loss: 0.2493, reconstruction loss: 0.0658]
2026-06-08 11:13:36,649 - INFO - epoch 2228 training [time: 0.30s, train loss: 0.2494, reconstruction loss: 0.0658]
2026-06-08 11:13:36,948 - INFO - epoch 2229 training [time: 0.30s, train loss: 0.2495, reconstruction loss: 0.0659]
2026-06-08 11:13:37,243 - INFO - epoch 2230 training [time: 0.29s, train loss: 0.2493, reconstruction loss: 0.0658]
2026-06-08 11:13:37,538 - INFO - epoch 2231 training [time: 0.30s, train loss: 0.2494, reconstruction loss: 0.0658]
2026-06-08 11:13:37,821 - INFO - epoch 2232 training [time: 0.28s, train loss: 0.2496, reconstruction loss: 0.0658]
2026-06-08 11:13:38,116 - INFO - epoch 2233 training [time: 0.29s, train loss: 0.2496, reconstruction loss: 0.0657]
2026-06-08 11:13:38,404 - INFO - epoch 2234 training [time: 0.29s, train loss: 0.2494, reconstruction loss: 0.0658]
2026-06-08 11:13:38,696 - INFO - epoch 2235 training [time: 0.29s, train loss: 0.2496, reconstruction loss: 0.0658]
2026-06-08 11:13:38,989 - INFO - epoch 2236 training [time: 0.29s, train loss: 0.2494, reconstruction loss: 0.0657]
2026-06-08 11:13:39,281 - INFO - epoch 2237 training [time: 0.29s, train loss: 0.2493, reconstruction loss: 0.0658]
2026-06-08 11:13:39,575 - INFO - epoch 2238 training [time: 0.29s, train loss: 0.2497, reconstruction loss: 0.0658]
2026-06-08 11:13:39,876 - INFO - epoch 2239 training [time: 0.30s, train loss: 0.2489, reconstruction loss: 0.0658]
2026-06-08 11:13:40,174 - INFO - epoch 2240 training [time: 0.30s, train loss: 0.2493, reconstruction loss: 0.0657]
2026-06-08 11:13:40,456 - INFO - epoch 2241 training [time: 0.28s, train loss: 0.2493, reconstruction loss: 0.0657]
2026-06-08 11:13:40,742 - INFO - epoch 2242 training [time: 0.29s, train loss: 0.2492, reconstruction loss: 0.0657]
2026-06-08 11:13:41,038 - INFO - epoch 2243 training [time: 0.30s, train loss: 0.2494, reconstruction loss: 0.0658]
2026-06-08 11:13:41,340 - INFO - epoch 2244 training [time: 0.30s, train loss: 0.2493, reconstruction loss: 0.0658]
2026-06-08 11:13:41,632 - INFO - epoch 2245 training [time: 0.29s, train loss: 0.2492, reconstruction loss: 0.0658]
2026-06-08 11:13:41,928 - INFO - epoch 2246 training [time: 0.30s, train loss: 0.2496, reconstruction loss: 0.0658]
2026-06-08 11:13:42,219 - INFO - epoch 2247 training [time: 0.29s, train loss: 0.2495, reconstruction loss: 0.0658]
2026-06-08 11:13:42,508 - INFO - epoch 2248 training [time: 0.29s, train loss: 0.2495, reconstruction loss: 0.0658]
2026-06-08 11:13:42,793 - INFO - epoch 2249 training [time: 0.28s, train loss: 0.2493, reconstruction loss: 0.0657]
2026-06-08 11:13:42,984 - INFO - epoch 2249 evaluating [time: 0.19s, collision_rate: 0.064155]
2026-06-08 11:13:42,989 - INFO - Saving current/home/mingyu/news_rec/Data/ckpt/Jun-08-2026_11-02-38/epoch_2249_collision_0.0642_model.pth
2026-06-08 11:13:43,273 - INFO - epoch 2250 training [time: 0.28s, train loss: 0.2494, reconstruction loss: 0.0657]
2026-06-08 11:13:43,564 - INFO - epoch 2251 training [time: 0.29s, train loss: 0.2495, reconstruction loss: 0.0658]
2026-06-08 11:13:43,854 - INFO - epoch 2252 training [time: 0.29s, train loss: 0.2497, reconstruction loss: 0.0658]
2026-06-08 11:13:44,147 - INFO - epoch 2253 training [time: 0.29s, train loss: 0.2499, reconstruction loss: 0.0658]
2026-06-08 11:13:44,440 - INFO - epoch 2254 training [time: 0.29s, train loss: 0.2496, reconstruction loss: 0.0658]
2026-06-08 11:13:44,736 - INFO - epoch 2255 training [time: 0.30s, train loss: 0.2495, reconstruction loss: 0.0658]
2026-06-08 11:13:45,029 - INFO - epoch 2256 training [time: 0.29s, train loss: 0.2495, reconstruction loss: 0.0658]
2026-06-08 11:13:45,318 - INFO - epoch 2257 training [time: 0.29s, train loss: 0.2496, reconstruction loss: 0.0658]
2026-06-08 11:13:45,604 - INFO - epoch 2258 training [time: 0.29s, train loss: 0.2493, reconstruction loss: 0.0658]
2026-06-08 11:13:45,882 - INFO - epoch 2259 training [time: 0.28s, train loss: 0.2499, reconstruction loss: 0.0658]
2026-06-08 11:13:46,177 - INFO - epoch 2260 training [time: 0.29s, train loss: 0.2498, reconstruction loss: 0.0658]
2026-06-08 11:13:46,467 - INFO - epoch 2261 training [time: 0.29s, train loss: 0.2493, reconstruction loss: 0.0658]
2026-06-08 11:13:46,743 - INFO - epoch 2262 training [time: 0.28s, train loss: 0.2496, reconstruction loss: 0.0658]
2026-06-08 11:13:47,045 - INFO - epoch 2263 training [time: 0.30s, train loss: 0.2493, reconstruction loss: 0.0658]
2026-06-08 11:13:47,342 - INFO - epoch 2264 training [time: 0.30s, train loss: 0.2495, reconstruction loss: 0.0659]
2026-06-08 11:13:47,637 - INFO - epoch 2265 training [time: 0.30s, train loss: 0.2498, reconstruction loss: 0.0657]
2026-06-08 11:13:47,939 - INFO - epoch 2266 training [time: 0.30s, train loss: 0.2492, reconstruction loss: 0.0657]
2026-06-08 11:13:48,239 - INFO - epoch 2267 training [time: 0.30s, train loss: 0.2492, reconstruction loss: 0.0658]
2026-06-08 11:13:48,529 - INFO - epoch 2268 training [time: 0.29s, train loss: 0.2492, reconstruction loss: 0.0658]
2026-06-08 11:13:48,805 - INFO - epoch 2269 training [time: 0.28s, train loss: 0.2491, reconstruction loss: 0.0657]
2026-06-08 11:13:49,094 - INFO - epoch 2270 training [time: 0.29s, train loss: 0.2494, reconstruction loss: 0.0658]
2026-06-08 11:13:49,371 - INFO - epoch 2271 training [time: 0.28s, train loss: 0.2493, reconstruction loss: 0.0657]
2026-06-08 11:13:49,665 - INFO - epoch 2272 training [time: 0.29s, train loss: 0.2492, reconstruction loss: 0.0657]
2026-06-08 11:13:49,949 - INFO - epoch 2273 training [time: 0.28s, train loss: 0.2493, reconstruction loss: 0.0658]
2026-06-08 11:13:50,242 - INFO - epoch 2274 training [time: 0.29s, train loss: 0.2490, reconstruction loss: 0.0657]
2026-06-08 11:13:50,534 - INFO - epoch 2275 training [time: 0.29s, train loss: 0.2495, reconstruction loss: 0.0658]
2026-06-08 11:13:50,825 - INFO - epoch 2276 training [time: 0.29s, train loss: 0.2491, reconstruction loss: 0.0657]
2026-06-08 11:13:51,102 - INFO - epoch 2277 training [time: 0.28s, train loss: 0.2492, reconstruction loss: 0.0658]
2026-06-08 11:13:51,413 - INFO - epoch 2278 training [time: 0.31s, train loss: 0.2488, reconstruction loss: 0.0657]
2026-06-08 11:13:51,767 - INFO - epoch 2279 training [time: 0.35s, train loss: 0.2489, reconstruction loss: 0.0657]
2026-06-08 11:13:52,053 - INFO - epoch 2280 training [time: 0.29s, train loss: 0.2491, reconstruction loss: 0.0658]
2026-06-08 11:13:52,344 - INFO - epoch 2281 training [time: 0.29s, train loss: 0.2494, reconstruction loss: 0.0658]
2026-06-08 11:13:52,643 - INFO - epoch 2282 training [time: 0.30s, train loss: 0.2493, reconstruction loss: 0.0658]
2026-06-08 11:13:52,943 - INFO - epoch 2283 training [time: 0.30s, train loss: 0.2489, reconstruction loss: 0.0658]
2026-06-08 11:13:53,234 - INFO - epoch 2284 training [time: 0.29s, train loss: 0.2488, reconstruction loss: 0.0657]
2026-06-08 11:13:53,531 - INFO - epoch 2285 training [time: 0.30s, train loss: 0.2494, reconstruction loss: 0.0657]
2026-06-08 11:13:53,824 - INFO - epoch 2286 training [time: 0.29s, train loss: 0.2494, reconstruction loss: 0.0659]
2026-06-08 11:13:54,114 - INFO - epoch 2287 training [time: 0.29s, train loss: 0.2490, reconstruction loss: 0.0657]
2026-06-08 11:13:54,411 - INFO - epoch 2288 training [time: 0.30s, train loss: 0.2493, reconstruction loss: 0.0658]
2026-06-08 11:13:54,695 - INFO - epoch 2289 training [time: 0.28s, train loss: 0.2496, reconstruction loss: 0.0657]
2026-06-08 11:13:54,977 - INFO - epoch 2290 training [time: 0.28s, train loss: 0.2496, reconstruction loss: 0.0658]
2026-06-08 11:13:55,265 - INFO - epoch 2291 training [time: 0.29s, train loss: 0.2499, reconstruction loss: 0.0658]
2026-06-08 11:13:55,553 - INFO - epoch 2292 training [time: 0.29s, train loss: 0.2492, reconstruction loss: 0.0658]
2026-06-08 11:13:55,850 - INFO - epoch 2293 training [time: 0.30s, train loss: 0.2494, reconstruction loss: 0.0658]
2026-06-08 11:13:56,132 - INFO - epoch 2294 training [time: 0.28s, train loss: 0.2489, reconstruction loss: 0.0657]
2026-06-08 11:13:56,421 - INFO - epoch 2295 training [time: 0.29s, train loss: 0.2494, reconstruction loss: 0.0657]
2026-06-08 11:13:56,712 - INFO - epoch 2296 training [time: 0.29s, train loss: 0.2489, reconstruction loss: 0.0657]
2026-06-08 11:13:56,988 - INFO - epoch 2297 training [time: 0.28s, train loss: 0.2490, reconstruction loss: 0.0657]
2026-06-08 11:13:57,275 - INFO - epoch 2298 training [time: 0.29s, train loss: 0.2487, reconstruction loss: 0.0657]
2026-06-08 11:13:57,573 - INFO - epoch 2299 training [time: 0.30s, train loss: 0.2489, reconstruction loss: 0.0657]
2026-06-08 11:13:57,758 - INFO - epoch 2299 evaluating [time: 0.18s, collision_rate: 0.064545]
2026-06-08 11:13:57,763 - INFO - Saving current/home/mingyu/news_rec/Data/ckpt/Jun-08-2026_11-02-38/epoch_2299_collision_0.0645_model.pth
2026-06-08 11:13:58,053 - INFO - epoch 2300 training [time: 0.29s, train loss: 0.2488, reconstruction loss: 0.0657]
2026-06-08 11:13:58,338 - INFO - epoch 2301 training [time: 0.28s, train loss: 0.2497, reconstruction loss: 0.0657]
2026-06-08 11:13:58,631 - INFO - epoch 2302 training [time: 0.29s, train loss: 0.2490, reconstruction loss: 0.0657]
2026-06-08 11:13:58,917 - INFO - epoch 2303 training [time: 0.29s, train loss: 0.2485, reconstruction loss: 0.0657]
2026-06-08 11:13:59,218 - INFO - epoch 2304 training [time: 0.30s, train loss: 0.2489, reconstruction loss: 0.0657]
2026-06-08 11:13:59,509 - INFO - epoch 2305 training [time: 0.29s, train loss: 0.2489, reconstruction loss: 0.0657]
2026-06-08 11:13:59,799 - INFO - epoch 2306 training [time: 0.29s, train loss: 0.2489, reconstruction loss: 0.0657]
2026-06-08 11:14:00,094 - INFO - epoch 2307 training [time: 0.30s, train loss: 0.2491, reconstruction loss: 0.0657]
2026-06-08 11:14:00,383 - INFO - epoch 2308 training [time: 0.29s, train loss: 0.2488, reconstruction loss: 0.0657]
2026-06-08 11:14:00,672 - INFO - epoch 2309 training [time: 0.29s, train loss: 0.2496, reconstruction loss: 0.0658]
2026-06-08 11:14:00,966 - INFO - epoch 2310 training [time: 0.29s, train loss: 0.2493, reconstruction loss: 0.0657]
2026-06-08 11:14:01,254 - INFO - epoch 2311 training [time: 0.29s, train loss: 0.2487, reconstruction loss: 0.0657]
2026-06-08 11:14:01,545 - INFO - epoch 2312 training [time: 0.29s, train loss: 0.2490, reconstruction loss: 0.0658]
2026-06-08 11:14:01,836 - INFO - epoch 2313 training [time: 0.29s, train loss: 0.2488, reconstruction loss: 0.0657]
2026-06-08 11:14:02,132 - INFO - epoch 2314 training [time: 0.30s, train loss: 0.2489, reconstruction loss: 0.0658]
2026-06-08 11:14:02,411 - INFO - epoch 2315 training [time: 0.28s, train loss: 0.2488, reconstruction loss: 0.0657]
2026-06-08 11:14:02,705 - INFO - epoch 2316 training [time: 0.29s, train loss: 0.2487, reconstruction loss: 0.0657]
2026-06-08 11:14:02,998 - INFO - epoch 2317 training [time: 0.29s, train loss: 0.2490, reconstruction loss: 0.0657]
2026-06-08 11:14:03,293 - INFO - epoch 2318 training [time: 0.30s, train loss: 0.2491, reconstruction loss: 0.0658]
2026-06-08 11:14:03,592 - INFO - epoch 2319 training [time: 0.30s, train loss: 0.2490, reconstruction loss: 0.0657]
2026-06-08 11:14:03,883 - INFO - epoch 2320 training [time: 0.29s, train loss: 0.2486, reconstruction loss: 0.0657]
2026-06-08 11:14:04,184 - INFO - epoch 2321 training [time: 0.30s, train loss: 0.2487, reconstruction loss: 0.0657]
2026-06-08 11:14:04,476 - INFO - epoch 2322 training [time: 0.29s, train loss: 0.2490, reconstruction loss: 0.0658]
2026-06-08 11:14:04,780 - INFO - epoch 2323 training [time: 0.30s, train loss: 0.2493, reconstruction loss: 0.0657]
2026-06-08 11:14:05,071 - INFO - epoch 2324 training [time: 0.29s, train loss: 0.2494, reconstruction loss: 0.0657]
2026-06-08 11:14:05,360 - INFO - epoch 2325 training [time: 0.29s, train loss: 0.2491, reconstruction loss: 0.0657]
2026-06-08 11:14:05,656 - INFO - epoch 2326 training [time: 0.30s, train loss: 0.2486, reconstruction loss: 0.0658]
2026-06-08 11:14:05,954 - INFO - epoch 2327 training [time: 0.30s, train loss: 0.2492, reconstruction loss: 0.0656]
2026-06-08 11:14:06,253 - INFO - epoch 2328 training [time: 0.30s, train loss: 0.2488, reconstruction loss: 0.0657]
2026-06-08 11:14:06,546 - INFO - epoch 2329 training [time: 0.29s, train loss: 0.2492, reconstruction loss: 0.0657]
2026-06-08 11:14:06,837 - INFO - epoch 2330 training [time: 0.29s, train loss: 0.2491, reconstruction loss: 0.0657]
2026-06-08 11:14:07,127 - INFO - epoch 2331 training [time: 0.29s, train loss: 0.2494, reconstruction loss: 0.0657]
2026-06-08 11:14:07,423 - INFO - epoch 2332 training [time: 0.30s, train loss: 0.2491, reconstruction loss: 0.0657]
2026-06-08 11:14:07,710 - INFO - epoch 2333 training [time: 0.29s, train loss: 0.2495, reconstruction loss: 0.0657]
2026-06-08 11:14:08,006 - INFO - epoch 2334 training [time: 0.30s, train loss: 0.2491, reconstruction loss: 0.0657]
2026-06-08 11:14:08,310 - INFO - epoch 2335 training [time: 0.30s, train loss: 0.2494, reconstruction loss: 0.0657]
2026-06-08 11:14:08,603 - INFO - epoch 2336 training [time: 0.29s, train loss: 0.2497, reconstruction loss: 0.0658]
2026-06-08 11:14:08,888 - INFO - epoch 2337 training [time: 0.28s, train loss: 0.2493, reconstruction loss: 0.0657]
2026-06-08 11:14:09,168 - INFO - epoch 2338 training [time: 0.28s, train loss: 0.2490, reconstruction loss: 0.0657]
2026-06-08 11:14:09,459 - INFO - epoch 2339 training [time: 0.29s, train loss: 0.2495, reconstruction loss: 0.0658]
2026-06-08 11:14:09,749 - INFO - epoch 2340 training [time: 0.29s, train loss: 0.2492, reconstruction loss: 0.0657]
2026-06-08 11:14:10,047 - INFO - epoch 2341 training [time: 0.30s, train loss: 0.2492, reconstruction loss: 0.0657]
2026-06-08 11:14:10,334 - INFO - epoch 2342 training [time: 0.29s, train loss: 0.2493, reconstruction loss: 0.0657]
2026-06-08 11:14:10,631 - INFO - epoch 2343 training [time: 0.30s, train loss: 0.2494, reconstruction loss: 0.0657]
2026-06-08 11:14:10,928 - INFO - epoch 2344 training [time: 0.30s, train loss: 0.2496, reconstruction loss: 0.0657]
2026-06-08 11:14:11,231 - INFO - epoch 2345 training [time: 0.30s, train loss: 0.2492, reconstruction loss: 0.0657]
2026-06-08 11:14:11,533 - INFO - epoch 2346 training [time: 0.30s, train loss: 0.2493, reconstruction loss: 0.0656]
2026-06-08 11:14:11,821 - INFO - epoch 2347 training [time: 0.29s, train loss: 0.2494, reconstruction loss: 0.0657]
2026-06-08 11:14:12,117 - INFO - epoch 2348 training [time: 0.30s, train loss: 0.2497, reconstruction loss: 0.0657]
2026-06-08 11:14:12,418 - INFO - epoch 2349 training [time: 0.30s, train loss: 0.2491, reconstruction loss: 0.0657]
2026-06-08 11:14:12,617 - INFO - epoch 2349 evaluating [time: 0.20s, collision_rate: 0.066047]
2026-06-08 11:14:12,622 - INFO - Saving current/home/mingyu/news_rec/Data/ckpt/Jun-08-2026_11-02-38/epoch_2349_collision_0.0660_model.pth
2026-06-08 11:14:12,912 - INFO - epoch 2350 training [time: 0.29s, train loss: 0.2495, reconstruction loss: 0.0657]
2026-06-08 11:14:13,197 - INFO - epoch 2351 training [time: 0.28s, train loss: 0.2493, reconstruction loss: 0.0657]
2026-06-08 11:14:13,487 - INFO - epoch 2352 training [time: 0.29s, train loss: 0.2493, reconstruction loss: 0.0657]
2026-06-08 11:14:13,777 - INFO - epoch 2353 training [time: 0.29s, train loss: 0.2494, reconstruction loss: 0.0657]
2026-06-08 11:14:14,057 - INFO - epoch 2354 training [time: 0.28s, train loss: 0.2496, reconstruction loss: 0.0657]
2026-06-08 11:14:14,353 - INFO - epoch 2355 training [time: 0.30s, train loss: 0.2494, reconstruction loss: 0.0657]
2026-06-08 11:14:14,653 - INFO - epoch 2356 training [time: 0.30s, train loss: 0.2492, reconstruction loss: 0.0656]
2026-06-08 11:14:14,961 - INFO - epoch 2357 training [time: 0.31s, train loss: 0.2496, reconstruction loss: 0.0657]
2026-06-08 11:14:15,252 - INFO - epoch 2358 training [time: 0.29s, train loss: 0.2495, reconstruction loss: 0.0657]
2026-06-08 11:14:15,554 - INFO - epoch 2359 training [time: 0.30s, train loss: 0.2494, reconstruction loss: 0.0657]
2026-06-08 11:14:15,850 - INFO - epoch 2360 training [time: 0.30s, train loss: 0.2494, reconstruction loss: 0.0657]
2026-06-08 11:14:16,133 - INFO - epoch 2361 training [time: 0.28s, train loss: 0.2493, reconstruction loss: 0.0657]
2026-06-08 11:14:16,423 - INFO - epoch 2362 training [time: 0.29s, train loss: 0.2492, reconstruction loss: 0.0656]
2026-06-08 11:14:16,722 - INFO - epoch 2363 training [time: 0.30s, train loss: 0.2494, reconstruction loss: 0.0656]
2026-06-08 11:14:17,012 - INFO - epoch 2364 training [time: 0.29s, train loss: 0.2494, reconstruction loss: 0.0656]
2026-06-08 11:14:17,298 - INFO - epoch 2365 training [time: 0.29s, train loss: 0.2495, reconstruction loss: 0.0657]
2026-06-08 11:14:17,600 - INFO - epoch 2366 training [time: 0.30s, train loss: 0.2494, reconstruction loss: 0.0656]
2026-06-08 11:14:17,905 - INFO - epoch 2367 training [time: 0.30s, train loss: 0.2497, reconstruction loss: 0.0657]
2026-06-08 11:14:18,200 - INFO - epoch 2368 training [time: 0.29s, train loss: 0.2494, reconstruction loss: 0.0656]
2026-06-08 11:14:18,493 - INFO - epoch 2369 training [time: 0.29s, train loss: 0.2495, reconstruction loss: 0.0657]
2026-06-08 11:14:18,781 - INFO - epoch 2370 training [time: 0.29s, train loss: 0.2498, reconstruction loss: 0.0656]
2026-06-08 11:14:19,075 - INFO - epoch 2371 training [time: 0.29s, train loss: 0.2493, reconstruction loss: 0.0656]
2026-06-08 11:14:19,371 - INFO - epoch 2372 training [time: 0.30s, train loss: 0.2495, reconstruction loss: 0.0658]
2026-06-08 11:14:19,653 - INFO - epoch 2373 training [time: 0.28s, train loss: 0.2495, reconstruction loss: 0.0656]
2026-06-08 11:14:19,938 - INFO - epoch 2374 training [time: 0.29s, train loss: 0.2492, reconstruction loss: 0.0656]
2026-06-08 11:14:20,228 - INFO - epoch 2375 training [time: 0.29s, train loss: 0.2492, reconstruction loss: 0.0656]
2026-06-08 11:14:20,515 - INFO - epoch 2376 training [time: 0.29s, train loss: 0.2495, reconstruction loss: 0.0656]
2026-06-08 11:14:20,801 - INFO - epoch 2377 training [time: 0.29s, train loss: 0.2492, reconstruction loss: 0.0656]
2026-06-08 11:14:21,082 - INFO - epoch 2378 training [time: 0.28s, train loss: 0.2492, reconstruction loss: 0.0656]
2026-06-08 11:14:21,372 - INFO - epoch 2379 training [time: 0.29s, train loss: 0.2489, reconstruction loss: 0.0656]
2026-06-08 11:14:21,658 - INFO - epoch 2380 training [time: 0.29s, train loss: 0.2488, reconstruction loss: 0.0656]
2026-06-08 11:14:21,948 - INFO - epoch 2381 training [time: 0.29s, train loss: 0.2495, reconstruction loss: 0.0657]
2026-06-08 11:14:22,232 - INFO - epoch 2382 training [time: 0.28s, train loss: 0.2494, reconstruction loss: 0.0656]
2026-06-08 11:14:22,524 - INFO - epoch 2383 training [time: 0.29s, train loss: 0.2494, reconstruction loss: 0.0657]
2026-06-08 11:14:22,826 - INFO - epoch 2384 training [time: 0.30s, train loss: 0.2488, reconstruction loss: 0.0656]
2026-06-08 11:14:23,117 - INFO - epoch 2385 training [time: 0.29s, train loss: 0.2494, reconstruction loss: 0.0657]
2026-06-08 11:14:23,402 - INFO - epoch 2386 training [time: 0.29s, train loss: 0.2489, reconstruction loss: 0.0656]
2026-06-08 11:14:23,697 - INFO - epoch 2387 training [time: 0.29s, train loss: 0.2496, reconstruction loss: 0.0657]
2026-06-08 11:14:23,985 - INFO - epoch 2388 training [time: 0.29s, train loss: 0.2492, reconstruction loss: 0.0656]
2026-06-08 11:14:24,285 - INFO - epoch 2389 training [time: 0.30s, train loss: 0.2492, reconstruction loss: 0.0657]
2026-06-08 11:14:24,578 - INFO - epoch 2390 training [time: 0.29s, train loss: 0.2493, reconstruction loss: 0.0657]
2026-06-08 11:14:24,863 - INFO - epoch 2391 training [time: 0.28s, train loss: 0.2495, reconstruction loss: 0.0657]
2026-06-08 11:14:25,161 - INFO - epoch 2392 training [time: 0.30s, train loss: 0.2494, reconstruction loss: 0.0657]
2026-06-08 11:14:25,477 - INFO - epoch 2393 training [time: 0.32s, train loss: 0.2485, reconstruction loss: 0.0656]
2026-06-08 11:14:25,758 - INFO - epoch 2394 training [time: 0.28s, train loss: 0.2494, reconstruction loss: 0.0656]
2026-06-08 11:14:26,055 - INFO - epoch 2395 training [time: 0.30s, train loss: 0.2497, reconstruction loss: 0.0656]
2026-06-08 11:14:26,342 - INFO - epoch 2396 training [time: 0.29s, train loss: 0.2497, reconstruction loss: 0.0657]
2026-06-08 11:14:26,635 - INFO - epoch 2397 training [time: 0.29s, train loss: 0.2496, reconstruction loss: 0.0656]
2026-06-08 11:14:26,931 - INFO - epoch 2398 training [time: 0.30s, train loss: 0.2493, reconstruction loss: 0.0656]
2026-06-08 11:14:27,216 - INFO - epoch 2399 training [time: 0.29s, train loss: 0.2497, reconstruction loss: 0.0657]
2026-06-08 11:14:27,391 - INFO - epoch 2399 evaluating [time: 0.17s, collision_rate: 0.065774]
2026-06-08 11:14:27,396 - INFO - Saving current/home/mingyu/news_rec/Data/ckpt/Jun-08-2026_11-02-38/epoch_2399_collision_0.0658_model.pth
2026-06-08 11:14:27,689 - INFO - epoch 2400 training [time: 0.29s, train loss: 0.2497, reconstruction loss: 0.0657]
2026-06-08 11:14:27,980 - INFO - epoch 2401 training [time: 0.29s, train loss: 0.2495, reconstruction loss: 0.0656]
2026-06-08 11:14:28,274 - INFO - epoch 2402 training [time: 0.29s, train loss: 0.2496, reconstruction loss: 0.0656]
2026-06-08 11:14:28,563 - INFO - epoch 2403 training [time: 0.29s, train loss: 0.2494, reconstruction loss: 0.0656]
2026-06-08 11:14:28,861 - INFO - epoch 2404 training [time: 0.30s, train loss: 0.2491, reconstruction loss: 0.0656]
2026-06-08 11:14:29,157 - INFO - epoch 2405 training [time: 0.30s, train loss: 0.2492, reconstruction loss: 0.0656]
2026-06-08 11:14:29,455 - INFO - epoch 2406 training [time: 0.30s, train loss: 0.2494, reconstruction loss: 0.0656]
2026-06-08 11:14:29,750 - INFO - epoch 2407 training [time: 0.29s, train loss: 0.2493, reconstruction loss: 0.0656]
2026-06-08 11:14:30,046 - INFO - epoch 2408 training [time: 0.30s, train loss: 0.2492, reconstruction loss: 0.0656]
2026-06-08 11:14:30,336 - INFO - epoch 2409 training [time: 0.29s, train loss: 0.2495, reconstruction loss: 0.0656]
2026-06-08 11:14:30,613 - INFO - epoch 2410 training [time: 0.28s, train loss: 0.2495, reconstruction loss: 0.0657]
2026-06-08 11:14:30,921 - INFO - epoch 2411 training [time: 0.31s, train loss: 0.2495, reconstruction loss: 0.0656]
2026-06-08 11:14:31,210 - INFO - epoch 2412 training [time: 0.29s, train loss: 0.2496, reconstruction loss: 0.0656]
2026-06-08 11:14:31,501 - INFO - epoch 2413 training [time: 0.29s, train loss: 0.2491, reconstruction loss: 0.0655]
2026-06-08 11:14:31,795 - INFO - epoch 2414 training [time: 0.29s, train loss: 0.2492, reconstruction loss: 0.0655]
2026-06-08 11:14:32,097 - INFO - epoch 2415 training [time: 0.30s, train loss: 0.2494, reconstruction loss: 0.0657]
2026-06-08 11:14:32,396 - INFO - epoch 2416 training [time: 0.30s, train loss: 0.2496, reconstruction loss: 0.0656]
2026-06-08 11:14:32,682 - INFO - epoch 2417 training [time: 0.29s, train loss: 0.2496, reconstruction loss: 0.0656]
2026-06-08 11:14:32,977 - INFO - epoch 2418 training [time: 0.30s, train loss: 0.2496, reconstruction loss: 0.0656]
2026-06-08 11:14:33,266 - INFO - epoch 2419 training [time: 0.29s, train loss: 0.2492, reconstruction loss: 0.0655]
2026-06-08 11:14:33,564 - INFO - epoch 2420 training [time: 0.30s, train loss: 0.2492, reconstruction loss: 0.0656]
2026-06-08 11:14:33,859 - INFO - epoch 2421 training [time: 0.29s, train loss: 0.2495, reconstruction loss: 0.0656]
2026-06-08 11:14:34,160 - INFO - epoch 2422 training [time: 0.30s, train loss: 0.2490, reconstruction loss: 0.0655]
2026-06-08 11:14:34,461 - INFO - epoch 2423 training [time: 0.30s, train loss: 0.2496, reconstruction loss: 0.0656]
2026-06-08 11:14:34,750 - INFO - epoch 2424 training [time: 0.29s, train loss: 0.2499, reconstruction loss: 0.0656]
2026-06-08 11:14:35,041 - INFO - epoch 2425 training [time: 0.29s, train loss: 0.2496, reconstruction loss: 0.0655]
2026-06-08 11:14:35,334 - INFO - epoch 2426 training [time: 0.29s, train loss: 0.2495, reconstruction loss: 0.0656]
2026-06-08 11:14:35,623 - INFO - epoch 2427 training [time: 0.29s, train loss: 0.2493, reconstruction loss: 0.0656]
2026-06-08 11:14:35,915 - INFO - epoch 2428 training [time: 0.29s, train loss: 0.2491, reconstruction loss: 0.0656]
2026-06-08 11:14:36,204 - INFO - epoch 2429 training [time: 0.29s, train loss: 0.2493, reconstruction loss: 0.0656]
2026-06-08 11:14:36,489 - INFO - epoch 2430 training [time: 0.28s, train loss: 0.2494, reconstruction loss: 0.0656]
2026-06-08 11:14:36,774 - INFO - epoch 2431 training [time: 0.28s, train loss: 0.2491, reconstruction loss: 0.0656]
2026-06-08 11:14:37,061 - INFO - epoch 2432 training [time: 0.29s, train loss: 0.2492, reconstruction loss: 0.0655]
2026-06-08 11:14:37,346 - INFO - epoch 2433 training [time: 0.28s, train loss: 0.2483, reconstruction loss: 0.0655]
2026-06-08 11:14:37,651 - INFO - epoch 2434 training [time: 0.31s, train loss: 0.2493, reconstruction loss: 0.0656]
2026-06-08 11:14:37,942 - INFO - epoch 2435 training [time: 0.29s, train loss: 0.2492, reconstruction loss: 0.0656]
2026-06-08 11:14:38,233 - INFO - epoch 2436 training [time: 0.29s, train loss: 0.2495, reconstruction loss: 0.0657]
2026-06-08 11:14:38,529 - INFO - epoch 2437 training [time: 0.30s, train loss: 0.2496, reconstruction loss: 0.0656]
2026-06-08 11:14:38,810 - INFO - epoch 2438 training [time: 0.28s, train loss: 0.2492, reconstruction loss: 0.0656]
2026-06-08 11:14:39,108 - INFO - epoch 2439 training [time: 0.30s, train loss: 0.2494, reconstruction loss: 0.0656]
2026-06-08 11:14:39,404 - INFO - epoch 2440 training [time: 0.30s, train loss: 0.2497, reconstruction loss: 0.0657]
2026-06-08 11:14:39,695 - INFO - epoch 2441 training [time: 0.29s, train loss: 0.2493, reconstruction loss: 0.0656]
2026-06-08 11:14:39,989 - INFO - epoch 2442 training [time: 0.29s, train loss: 0.2494, reconstruction loss: 0.0656]
2026-06-08 11:14:40,288 - INFO - epoch 2443 training [time: 0.30s, train loss: 0.2497, reconstruction loss: 0.0656]
2026-06-08 11:14:40,592 - INFO - epoch 2444 training [time: 0.30s, train loss: 0.2495, reconstruction loss: 0.0656]
2026-06-08 11:14:40,885 - INFO - epoch 2445 training [time: 0.29s, train loss: 0.2494, reconstruction loss: 0.0656]
2026-06-08 11:14:41,184 - INFO - epoch 2446 training [time: 0.30s, train loss: 0.2493, reconstruction loss: 0.0656]
2026-06-08 11:14:41,482 - INFO - epoch 2447 training [time: 0.30s, train loss: 0.2497, reconstruction loss: 0.0656]
2026-06-08 11:14:41,775 - INFO - epoch 2448 training [time: 0.29s, train loss: 0.2496, reconstruction loss: 0.0656]
2026-06-08 11:14:42,076 - INFO - epoch 2449 training [time: 0.30s, train loss: 0.2492, reconstruction loss: 0.0656]
2026-06-08 11:14:42,247 - INFO - epoch 2449 evaluating [time: 0.17s, collision_rate: 0.064175]
2026-06-08 11:14:42,252 - INFO - Saving current/home/mingyu/news_rec/Data/ckpt/Jun-08-2026_11-02-38/epoch_2449_collision_0.0642_model.pth
2026-06-08 11:14:42,547 - INFO - epoch 2450 training [time: 0.29s, train loss: 0.2496, reconstruction loss: 0.0656]
2026-06-08 11:14:42,842 - INFO - epoch 2451 training [time: 0.29s, train loss: 0.2496, reconstruction loss: 0.0656]
2026-06-08 11:14:43,138 - INFO - epoch 2452 training [time: 0.30s, train loss: 0.2495, reconstruction loss: 0.0656]
2026-06-08 11:14:43,434 - INFO - epoch 2453 training [time: 0.30s, train loss: 0.2493, reconstruction loss: 0.0657]
2026-06-08 11:14:43,737 - INFO - epoch 2454 training [time: 0.30s, train loss: 0.2496, reconstruction loss: 0.0656]
2026-06-08 11:14:44,026 - INFO - epoch 2455 training [time: 0.29s, train loss: 0.2494, reconstruction loss: 0.0656]
2026-06-08 11:14:44,315 - INFO - epoch 2456 training [time: 0.29s, train loss: 0.2493, reconstruction loss: 0.0656]
2026-06-08 11:14:44,610 - INFO - epoch 2457 training [time: 0.30s, train loss: 0.2494, reconstruction loss: 0.0656]
2026-06-08 11:14:44,906 - INFO - epoch 2458 training [time: 0.30s, train loss: 0.2494, reconstruction loss: 0.0656]
2026-06-08 11:14:45,207 - INFO - epoch 2459 training [time: 0.30s, train loss: 0.2496, reconstruction loss: 0.0656]
2026-06-08 11:14:45,484 - INFO - epoch 2460 training [time: 0.28s, train loss: 0.2496, reconstruction loss: 0.0656]
2026-06-08 11:14:45,776 - INFO - epoch 2461 training [time: 0.29s, train loss: 0.2495, reconstruction loss: 0.0656]
2026-06-08 11:14:46,071 - INFO - epoch 2462 training [time: 0.29s, train loss: 0.2492, reconstruction loss: 0.0656]
2026-06-08 11:14:46,356 - INFO - epoch 2463 training [time: 0.29s, train loss: 0.2497, reconstruction loss: 0.0655]
2026-06-08 11:14:46,652 - INFO - epoch 2464 training [time: 0.30s, train loss: 0.2495, reconstruction loss: 0.0655]
2026-06-08 11:14:46,954 - INFO - epoch 2465 training [time: 0.30s, train loss: 0.2491, reconstruction loss: 0.0656]
2026-06-08 11:14:47,247 - INFO - epoch 2466 training [time: 0.29s, train loss: 0.2492, reconstruction loss: 0.0655]
2026-06-08 11:14:47,528 - INFO - epoch 2467 training [time: 0.28s, train loss: 0.2492, reconstruction loss: 0.0656]
2026-06-08 11:14:47,824 - INFO - epoch 2468 training [time: 0.30s, train loss: 0.2491, reconstruction loss: 0.0656]
2026-06-08 11:14:48,119 - INFO - epoch 2469 training [time: 0.30s, train loss: 0.2496, reconstruction loss: 0.0655]
2026-06-08 11:14:48,408 - INFO - epoch 2470 training [time: 0.29s, train loss: 0.2495, reconstruction loss: 0.0656]
2026-06-08 11:14:48,704 - INFO - epoch 2471 training [time: 0.30s, train loss: 0.2494, reconstruction loss: 0.0656]
2026-06-08 11:14:48,990 - INFO - epoch 2472 training [time: 0.29s, train loss: 0.2497, reconstruction loss: 0.0657]
2026-06-08 11:14:49,274 - INFO - epoch 2473 training [time: 0.28s, train loss: 0.2491, reconstruction loss: 0.0656]
2026-06-08 11:14:49,573 - INFO - epoch 2474 training [time: 0.30s, train loss: 0.2493, reconstruction loss: 0.0656]
2026-06-08 11:14:49,858 - INFO - epoch 2475 training [time: 0.29s, train loss: 0.2496, reconstruction loss: 0.0656]
2026-06-08 11:14:50,158 - INFO - epoch 2476 training [time: 0.30s, train loss: 0.2495, reconstruction loss: 0.0655]
2026-06-08 11:14:50,444 - INFO - epoch 2477 training [time: 0.29s, train loss: 0.2496, reconstruction loss: 0.0656]
2026-06-08 11:14:50,728 - INFO - epoch 2478 training [time: 0.28s, train loss: 0.2494, reconstruction loss: 0.0656]
2026-06-08 11:14:51,019 - INFO - epoch 2479 training [time: 0.29s, train loss: 0.2497, reconstruction loss: 0.0655]
2026-06-08 11:14:51,311 - INFO - epoch 2480 training [time: 0.29s, train loss: 0.2495, reconstruction loss: 0.0656]
2026-06-08 11:14:51,591 - INFO - epoch 2481 training [time: 0.28s, train loss: 0.2496, reconstruction loss: 0.0656]
2026-06-08 11:14:51,886 - INFO - epoch 2482 training [time: 0.30s, train loss: 0.2498, reconstruction loss: 0.0656]
2026-06-08 11:14:52,184 - INFO - epoch 2483 training [time: 0.30s, train loss: 0.2495, reconstruction loss: 0.0655]
2026-06-08 11:14:52,477 - INFO - epoch 2484 training [time: 0.29s, train loss: 0.2495, reconstruction loss: 0.0656]
2026-06-08 11:14:52,772 - INFO - epoch 2485 training [time: 0.30s, train loss: 0.2493, reconstruction loss: 0.0655]
2026-06-08 11:14:53,059 - INFO - epoch 2486 training [time: 0.29s, train loss: 0.2496, reconstruction loss: 0.0656]
2026-06-08 11:14:53,351 - INFO - epoch 2487 training [time: 0.29s, train loss: 0.2494, reconstruction loss: 0.0656]
2026-06-08 11:14:53,641 - INFO - epoch 2488 training [time: 0.29s, train loss: 0.2497, reconstruction loss: 0.0656]
2026-06-08 11:14:53,923 - INFO - epoch 2489 training [time: 0.28s, train loss: 0.2503, reconstruction loss: 0.0656]
2026-06-08 11:14:54,209 - INFO - epoch 2490 training [time: 0.29s, train loss: 0.2495, reconstruction loss: 0.0656]
2026-06-08 11:14:54,506 - INFO - epoch 2491 training [time: 0.30s, train loss: 0.2496, reconstruction loss: 0.0656]
2026-06-08 11:14:54,802 - INFO - epoch 2492 training [time: 0.30s, train loss: 0.2497, reconstruction loss: 0.0656]
2026-06-08 11:14:55,094 - INFO - epoch 2493 training [time: 0.29s, train loss: 0.2494, reconstruction loss: 0.0656]
2026-06-08 11:14:55,379 - INFO - epoch 2494 training [time: 0.29s, train loss: 0.2498, reconstruction loss: 0.0656]
2026-06-08 11:14:55,674 - INFO - epoch 2495 training [time: 0.29s, train loss: 0.2496, reconstruction loss: 0.0655]
2026-06-08 11:14:55,970 - INFO - epoch 2496 training [time: 0.29s, train loss: 0.2499, reconstruction loss: 0.0656]
2026-06-08 11:14:56,260 - INFO - epoch 2497 training [time: 0.29s, train loss: 0.2500, reconstruction loss: 0.0656]
2026-06-08 11:14:56,548 - INFO - epoch 2498 training [time: 0.29s, train loss: 0.2497, reconstruction loss: 0.0656]
2026-06-08 11:14:56,848 - INFO - epoch 2499 training [time: 0.30s, train loss: 0.2494, reconstruction loss: 0.0656]
2026-06-08 11:14:57,041 - INFO - epoch 2499 evaluating [time: 0.19s, collision_rate: 0.063882]
2026-06-08 11:14:57,046 - INFO - Saving current/home/mingyu/news_rec/Data/ckpt/Jun-08-2026_11-02-38/epoch_2499_collision_0.0639_model.pth
2026-06-08 11:14:57,339 - INFO - epoch 2500 training [time: 0.29s, train loss: 0.2496, reconstruction loss: 0.0655]
2026-06-08 11:14:57,630 - INFO - epoch 2501 training [time: 0.29s, train loss: 0.2500, reconstruction loss: 0.0656]
2026-06-08 11:14:57,923 - INFO - epoch 2502 training [time: 0.29s, train loss: 0.2499, reconstruction loss: 0.0656]
2026-06-08 11:14:58,213 - INFO - epoch 2503 training [time: 0.29s, train loss: 0.2500, reconstruction loss: 0.0656]
2026-06-08 11:14:58,513 - INFO - epoch 2504 training [time: 0.30s, train loss: 0.2496, reconstruction loss: 0.0656]
2026-06-08 11:14:58,803 - INFO - epoch 2505 training [time: 0.29s, train loss: 0.2501, reconstruction loss: 0.0656]
2026-06-08 11:14:59,102 - INFO - epoch 2506 training [time: 0.30s, train loss: 0.2503, reconstruction loss: 0.0656]
2026-06-08 11:14:59,395 - INFO - epoch 2507 training [time: 0.29s, train loss: 0.2499, reconstruction loss: 0.0657]
2026-06-08 11:14:59,686 - INFO - epoch 2508 training [time: 0.29s, train loss: 0.2499, reconstruction loss: 0.0656]
2026-06-08 11:14:59,977 - INFO - epoch 2509 training [time: 0.29s, train loss: 0.2498, reconstruction loss: 0.0656]
2026-06-08 11:15:00,258 - INFO - epoch 2510 training [time: 0.28s, train loss: 0.2499, reconstruction loss: 0.0655]
2026-06-08 11:15:00,551 - INFO - epoch 2511 training [time: 0.29s, train loss: 0.2497, reconstruction loss: 0.0655]
2026-06-08 11:15:00,850 - INFO - epoch 2512 training [time: 0.30s, train loss: 0.2498, reconstruction loss: 0.0655]
2026-06-08 11:15:01,146 - INFO - epoch 2513 training [time: 0.30s, train loss: 0.2500, reconstruction loss: 0.0656]
2026-06-08 11:15:01,448 - INFO - epoch 2514 training [time: 0.30s, train loss: 0.2500, reconstruction loss: 0.0656]
2026-06-08 11:15:01,736 - INFO - epoch 2515 training [time: 0.29s, train loss: 0.2494, reconstruction loss: 0.0655]
2026-06-08 11:15:02,023 - INFO - epoch 2516 training [time: 0.29s, train loss: 0.2499, reconstruction loss: 0.0656]
2026-06-08 11:15:02,319 - INFO - epoch 2517 training [time: 0.30s, train loss: 0.2500, reconstruction loss: 0.0655]
2026-06-08 11:15:02,610 - INFO - epoch 2518 training [time: 0.29s, train loss: 0.2493, reconstruction loss: 0.0655]
2026-06-08 11:15:02,900 - INFO - epoch 2519 training [time: 0.29s, train loss: 0.2498, reconstruction loss: 0.0655]
2026-06-08 11:15:03,195 - INFO - epoch 2520 training [time: 0.29s, train loss: 0.2498, reconstruction loss: 0.0655]
2026-06-08 11:15:03,500 - INFO - epoch 2521 training [time: 0.30s, train loss: 0.2496, reconstruction loss: 0.0655]
2026-06-08 11:15:03,795 - INFO - epoch 2522 training [time: 0.30s, train loss: 0.2495, reconstruction loss: 0.0655]
2026-06-08 11:15:04,085 - INFO - epoch 2523 training [time: 0.29s, train loss: 0.2497, reconstruction loss: 0.0655]
2026-06-08 11:15:04,377 - INFO - epoch 2524 training [time: 0.29s, train loss: 0.2501, reconstruction loss: 0.0656]
2026-06-08 11:15:04,673 - INFO - epoch 2525 training [time: 0.30s, train loss: 0.2498, reconstruction loss: 0.0655]
2026-06-08 11:15:04,958 - INFO - epoch 2526 training [time: 0.29s, train loss: 0.2500, reconstruction loss: 0.0655]
2026-06-08 11:15:05,256 - INFO - epoch 2527 training [time: 0.30s, train loss: 0.2496, reconstruction loss: 0.0656]
2026-06-08 11:15:05,540 - INFO - epoch 2528 training [time: 0.28s, train loss: 0.2496, reconstruction loss: 0.0656]
2026-06-08 11:15:05,830 - INFO - epoch 2529 training [time: 0.29s, train loss: 0.2502, reconstruction loss: 0.0656]
2026-06-08 11:15:06,119 - INFO - epoch 2530 training [time: 0.29s, train loss: 0.2497, reconstruction loss: 0.0656]
2026-06-08 11:15:06,412 - INFO - epoch 2531 training [time: 0.29s, train loss: 0.2497, reconstruction loss: 0.0656]
2026-06-08 11:15:06,704 - INFO - epoch 2532 training [time: 0.29s, train loss: 0.2499, reconstruction loss: 0.0656]
2026-06-08 11:15:07,007 - INFO - epoch 2533 training [time: 0.30s, train loss: 0.2496, reconstruction loss: 0.0655]
2026-06-08 11:15:07,302 - INFO - epoch 2534 training [time: 0.29s, train loss: 0.2495, reconstruction loss: 0.0655]
2026-06-08 11:15:07,601 - INFO - epoch 2535 training [time: 0.30s, train loss: 0.2497, reconstruction loss: 0.0655]
2026-06-08 11:15:07,887 - INFO - epoch 2536 training [time: 0.29s, train loss: 0.2496, reconstruction loss: 0.0655]
2026-06-08 11:15:08,185 - INFO - epoch 2537 training [time: 0.30s, train loss: 0.2496, reconstruction loss: 0.0655]
2026-06-08 11:15:08,478 - INFO - epoch 2538 training [time: 0.29s, train loss: 0.2494, reconstruction loss: 0.0656]
2026-06-08 11:15:08,767 - INFO - epoch 2539 training [time: 0.29s, train loss: 0.2497, reconstruction loss: 0.0656]
2026-06-08 11:15:09,063 - INFO - epoch 2540 training [time: 0.30s, train loss: 0.2495, reconstruction loss: 0.0655]
2026-06-08 11:15:09,356 - INFO - epoch 2541 training [time: 0.29s, train loss: 0.2500, reconstruction loss: 0.0655]
2026-06-08 11:15:09,650 - INFO - epoch 2542 training [time: 0.29s, train loss: 0.2493, reconstruction loss: 0.0656]
2026-06-08 11:15:09,939 - INFO - epoch 2543 training [time: 0.29s, train loss: 0.2498, reconstruction loss: 0.0655]
2026-06-08 11:15:10,239 - INFO - epoch 2544 training [time: 0.30s, train loss: 0.2497, reconstruction loss: 0.0655]
2026-06-08 11:15:10,519 - INFO - epoch 2545 training [time: 0.28s, train loss: 0.2499, reconstruction loss: 0.0655]
2026-06-08 11:15:10,808 - INFO - epoch 2546 training [time: 0.29s, train loss: 0.2496, reconstruction loss: 0.0655]
2026-06-08 11:15:11,087 - INFO - epoch 2547 training [time: 0.28s, train loss: 0.2495, reconstruction loss: 0.0655]
2026-06-08 11:15:11,372 - INFO - epoch 2548 training [time: 0.28s, train loss: 0.2496, reconstruction loss: 0.0655]
2026-06-08 11:15:11,670 - INFO - epoch 2549 training [time: 0.30s, train loss: 0.2497, reconstruction loss: 0.0655]
2026-06-08 11:15:11,861 - INFO - epoch 2549 evaluating [time: 0.19s, collision_rate: 0.064272]
2026-06-08 11:15:11,866 - INFO - Saving current/home/mingyu/news_rec/Data/ckpt/Jun-08-2026_11-02-38/epoch_2549_collision_0.0643_model.pth
2026-06-08 11:15:12,153 - INFO - epoch 2550 training [time: 0.29s, train loss: 0.2496, reconstruction loss: 0.0655]
2026-06-08 11:15:12,441 - INFO - epoch 2551 training [time: 0.29s, train loss: 0.2497, reconstruction loss: 0.0656]
2026-06-08 11:15:12,739 - INFO - epoch 2552 training [time: 0.30s, train loss: 0.2498, reconstruction loss: 0.0656]
2026-06-08 11:15:13,033 - INFO - epoch 2553 training [time: 0.29s, train loss: 0.2499, reconstruction loss: 0.0655]
2026-06-08 11:15:13,326 - INFO - epoch 2554 training [time: 0.29s, train loss: 0.2497, reconstruction loss: 0.0655]
2026-06-08 11:15:13,616 - INFO - epoch 2555 training [time: 0.29s, train loss: 0.2499, reconstruction loss: 0.0655]
2026-06-08 11:15:13,911 - INFO - epoch 2556 training [time: 0.29s, train loss: 0.2495, reconstruction loss: 0.0655]
2026-06-08 11:15:14,207 - INFO - epoch 2557 training [time: 0.30s, train loss: 0.2494, reconstruction loss: 0.0655]
2026-06-08 11:15:14,500 - INFO - epoch 2558 training [time: 0.29s, train loss: 0.2497, reconstruction loss: 0.0655]
2026-06-08 11:15:14,796 - INFO - epoch 2559 training [time: 0.30s, train loss: 0.2496, reconstruction loss: 0.0655]
2026-06-08 11:15:15,077 - INFO - epoch 2560 training [time: 0.28s, train loss: 0.2497, reconstruction loss: 0.0655]
2026-06-08 11:15:15,369 - INFO - epoch 2561 training [time: 0.29s, train loss: 0.2500, reconstruction loss: 0.0656]
2026-06-08 11:15:15,660 - INFO - epoch 2562 training [time: 0.29s, train loss: 0.2500, reconstruction loss: 0.0656]
2026-06-08 11:15:15,951 - INFO - epoch 2563 training [time: 0.29s, train loss: 0.2499, reconstruction loss: 0.0655]
2026-06-08 11:15:16,237 - INFO - epoch 2564 training [time: 0.29s, train loss: 0.2496, reconstruction loss: 0.0655]
2026-06-08 11:15:16,520 - INFO - epoch 2565 training [time: 0.28s, train loss: 0.2497, reconstruction loss: 0.0655]
2026-06-08 11:15:16,815 - INFO - epoch 2566 training [time: 0.29s, train loss: 0.2498, reconstruction loss: 0.0654]
2026-06-08 11:15:17,105 - INFO - epoch 2567 training [time: 0.29s, train loss: 0.2498, reconstruction loss: 0.0655]
2026-06-08 11:15:17,403 - INFO - epoch 2568 training [time: 0.30s, train loss: 0.2497, reconstruction loss: 0.0655]
2026-06-08 11:15:17,695 - INFO - epoch 2569 training [time: 0.29s, train loss: 0.2495, reconstruction loss: 0.0655]
2026-06-08 11:15:17,988 - INFO - epoch 2570 training [time: 0.29s, train loss: 0.2497, reconstruction loss: 0.0655]
2026-06-08 11:15:18,283 - INFO - epoch 2571 training [time: 0.29s, train loss: 0.2498, reconstruction loss: 0.0656]
2026-06-08 11:15:18,569 - INFO - epoch 2572 training [time: 0.29s, train loss: 0.2498, reconstruction loss: 0.0656]
2026-06-08 11:15:18,864 - INFO - epoch 2573 training [time: 0.30s, train loss: 0.2498, reconstruction loss: 0.0655]
2026-06-08 11:15:19,149 - INFO - epoch 2574 training [time: 0.29s, train loss: 0.2498, reconstruction loss: 0.0655]
2026-06-08 11:15:19,430 - INFO - epoch 2575 training [time: 0.28s, train loss: 0.2499, reconstruction loss: 0.0655]
2026-06-08 11:15:19,709 - INFO - epoch 2576 training [time: 0.28s, train loss: 0.2495, reconstruction loss: 0.0655]
2026-06-08 11:15:20,005 - INFO - epoch 2577 training [time: 0.30s, train loss: 0.2501, reconstruction loss: 0.0655]
2026-06-08 11:15:20,292 - INFO - epoch 2578 training [time: 0.29s, train loss: 0.2498, reconstruction loss: 0.0655]
2026-06-08 11:15:20,589 - INFO - epoch 2579 training [time: 0.30s, train loss: 0.2499, reconstruction loss: 0.0655]
2026-06-08 11:15:20,881 - INFO - epoch 2580 training [time: 0.29s, train loss: 0.2499, reconstruction loss: 0.0655]
2026-06-08 11:15:21,163 - INFO - epoch 2581 training [time: 0.28s, train loss: 0.2496, reconstruction loss: 0.0654]
2026-06-08 11:15:21,448 - INFO - epoch 2582 training [time: 0.28s, train loss: 0.2501, reconstruction loss: 0.0654]
2026-06-08 11:15:21,749 - INFO - epoch 2583 training [time: 0.30s, train loss: 0.2504, reconstruction loss: 0.0655]
2026-06-08 11:15:22,046 - INFO - epoch 2584 training [time: 0.30s, train loss: 0.2500, reconstruction loss: 0.0655]
2026-06-08 11:15:22,347 - INFO - epoch 2585 training [time: 0.30s, train loss: 0.2500, reconstruction loss: 0.0655]
2026-06-08 11:15:22,639 - INFO - epoch 2586 training [time: 0.29s, train loss: 0.2503, reconstruction loss: 0.0655]
2026-06-08 11:15:22,932 - INFO - epoch 2587 training [time: 0.29s, train loss: 0.2499, reconstruction loss: 0.0655]
2026-06-08 11:15:23,221 - INFO - epoch 2588 training [time: 0.29s, train loss: 0.2503, reconstruction loss: 0.0655]
2026-06-08 11:15:23,520 - INFO - epoch 2589 training [time: 0.30s, train loss: 0.2503, reconstruction loss: 0.0655]
2026-06-08 11:15:23,812 - INFO - epoch 2590 training [time: 0.29s, train loss: 0.2502, reconstruction loss: 0.0655]
2026-06-08 11:15:24,099 - INFO - epoch 2591 training [time: 0.29s, train loss: 0.2503, reconstruction loss: 0.0655]
2026-06-08 11:15:24,394 - INFO - epoch 2592 training [time: 0.29s, train loss: 0.2502, reconstruction loss: 0.0655]
2026-06-08 11:15:24,689 - INFO - epoch 2593 training [time: 0.29s, train loss: 0.2506, reconstruction loss: 0.0656]
2026-06-08 11:15:24,973 - INFO - epoch 2594 training [time: 0.28s, train loss: 0.2503, reconstruction loss: 0.0655]
2026-06-08 11:15:25,254 - INFO - epoch 2595 training [time: 0.28s, train loss: 0.2506, reconstruction loss: 0.0655]
2026-06-08 11:15:25,552 - INFO - epoch 2596 training [time: 0.30s, train loss: 0.2504, reconstruction loss: 0.0656]
2026-06-08 11:15:25,855 - INFO - epoch 2597 training [time: 0.30s, train loss: 0.2503, reconstruction loss: 0.0655]
2026-06-08 11:15:26,140 - INFO - epoch 2598 training [time: 0.28s, train loss: 0.2502, reconstruction loss: 0.0655]
2026-06-08 11:15:26,418 - INFO - epoch 2599 training [time: 0.28s, train loss: 0.2500, reconstruction loss: 0.0655]
2026-06-08 11:15:26,603 - INFO - epoch 2599 evaluating [time: 0.19s, collision_rate: 0.062810]
2026-06-08 11:15:26,608 - INFO - Saving current/home/mingyu/news_rec/Data/ckpt/Jun-08-2026_11-02-38/epoch_2599_collision_0.0628_model.pth
2026-06-08 11:15:26,908 - INFO - epoch 2600 training [time: 0.30s, train loss: 0.2502, reconstruction loss: 0.0655]
2026-06-08 11:15:27,196 - INFO - epoch 2601 training [time: 0.29s, train loss: 0.2500, reconstruction loss: 0.0655]
2026-06-08 11:15:27,491 - INFO - epoch 2602 training [time: 0.29s, train loss: 0.2502, reconstruction loss: 0.0655]
2026-06-08 11:15:27,785 - INFO - epoch 2603 training [time: 0.29s, train loss: 0.2506, reconstruction loss: 0.0655]
2026-06-08 11:15:28,079 - INFO - epoch 2604 training [time: 0.29s, train loss: 0.2504, reconstruction loss: 0.0655]
2026-06-08 11:15:28,365 - INFO - epoch 2605 training [time: 0.29s, train loss: 0.2506, reconstruction loss: 0.0656]
2026-06-08 11:15:28,651 - INFO - epoch 2606 training [time: 0.29s, train loss: 0.2501, reconstruction loss: 0.0656]
2026-06-08 11:15:28,941 - INFO - epoch 2607 training [time: 0.29s, train loss: 0.2503, reconstruction loss: 0.0654]
2026-06-08 11:15:29,232 - INFO - epoch 2608 training [time: 0.29s, train loss: 0.2500, reconstruction loss: 0.0654]
2026-06-08 11:15:29,522 - INFO - epoch 2609 training [time: 0.29s, train loss: 0.2501, reconstruction loss: 0.0655]
2026-06-08 11:15:29,810 - INFO - epoch 2610 training [time: 0.29s, train loss: 0.2499, reconstruction loss: 0.0655]
2026-06-08 11:15:30,101 - INFO - epoch 2611 training [time: 0.29s, train loss: 0.2500, reconstruction loss: 0.0655]
2026-06-08 11:15:30,405 - INFO - epoch 2612 training [time: 0.30s, train loss: 0.2504, reconstruction loss: 0.0655]
2026-06-08 11:15:30,694 - INFO - epoch 2613 training [time: 0.29s, train loss: 0.2501, reconstruction loss: 0.0655]
2026-06-08 11:15:30,986 - INFO - epoch 2614 training [time: 0.29s, train loss: 0.2500, reconstruction loss: 0.0654]
2026-06-08 11:15:31,274 - INFO - epoch 2615 training [time: 0.29s, train loss: 0.2503, reconstruction loss: 0.0655]
2026-06-08 11:15:31,557 - INFO - epoch 2616 training [time: 0.28s, train loss: 0.2503, reconstruction loss: 0.0655]
2026-06-08 11:15:31,855 - INFO - epoch 2617 training [time: 0.30s, train loss: 0.2504, reconstruction loss: 0.0656]
2026-06-08 11:15:32,153 - INFO - epoch 2618 training [time: 0.30s, train loss: 0.2500, reconstruction loss: 0.0655]
2026-06-08 11:15:32,449 - INFO - epoch 2619 training [time: 0.30s, train loss: 0.2502, reconstruction loss: 0.0655]
2026-06-08 11:15:32,730 - INFO - epoch 2620 training [time: 0.28s, train loss: 0.2500, reconstruction loss: 0.0654]
2026-06-08 11:15:33,023 - INFO - epoch 2621 training [time: 0.29s, train loss: 0.2499, reconstruction loss: 0.0654]
2026-06-08 11:15:33,315 - INFO - epoch 2622 training [time: 0.29s, train loss: 0.2502, reconstruction loss: 0.0655]
2026-06-08 11:15:33,615 - INFO - epoch 2623 training [time: 0.30s, train loss: 0.2499, reconstruction loss: 0.0654]
2026-06-08 11:15:33,907 - INFO - epoch 2624 training [time: 0.29s, train loss: 0.2503, reconstruction loss: 0.0655]
2026-06-08 11:15:34,200 - INFO - epoch 2625 training [time: 0.29s, train loss: 0.2500, reconstruction loss: 0.0655]
2026-06-08 11:15:34,490 - INFO - epoch 2626 training [time: 0.29s, train loss: 0.2504, reconstruction loss: 0.0655]
2026-06-08 11:15:34,796 - INFO - epoch 2627 training [time: 0.31s, train loss: 0.2505, reconstruction loss: 0.0655]
2026-06-08 11:15:35,100 - INFO - epoch 2628 training [time: 0.30s, train loss: 0.2496, reconstruction loss: 0.0655]
2026-06-08 11:15:35,392 - INFO - epoch 2629 training [time: 0.29s, train loss: 0.2505, reconstruction loss: 0.0655]
2026-06-08 11:15:35,681 - INFO - epoch 2630 training [time: 0.29s, train loss: 0.2499, reconstruction loss: 0.0655]
2026-06-08 11:15:35,975 - INFO - epoch 2631 training [time: 0.29s, train loss: 0.2504, reconstruction loss: 0.0655]
2026-06-08 11:15:36,270 - INFO - epoch 2632 training [time: 0.30s, train loss: 0.2499, reconstruction loss: 0.0654]
2026-06-08 11:15:36,564 - INFO - epoch 2633 training [time: 0.29s, train loss: 0.2497, reconstruction loss: 0.0654]
2026-06-08 11:15:36,860 - INFO - epoch 2634 training [time: 0.29s, train loss: 0.2503, reconstruction loss: 0.0654]
2026-06-08 11:15:37,145 - INFO - epoch 2635 training [time: 0.29s, train loss: 0.2500, reconstruction loss: 0.0654]
2026-06-08 11:15:37,436 - INFO - epoch 2636 training [time: 0.29s, train loss: 0.2506, reconstruction loss: 0.0655]
2026-06-08 11:15:37,734 - INFO - epoch 2637 training [time: 0.30s, train loss: 0.2503, reconstruction loss: 0.0655]
2026-06-08 11:15:38,016 - INFO - epoch 2638 training [time: 0.28s, train loss: 0.2499, reconstruction loss: 0.0654]
2026-06-08 11:15:38,309 - INFO - epoch 2639 training [time: 0.29s, train loss: 0.2499, reconstruction loss: 0.0654]
2026-06-08 11:15:38,605 - INFO - epoch 2640 training [time: 0.30s, train loss: 0.2500, reconstruction loss: 0.0654]
2026-06-08 11:15:38,901 - INFO - epoch 2641 training [time: 0.30s, train loss: 0.2500, reconstruction loss: 0.0655]
2026-06-08 11:15:39,192 - INFO - epoch 2642 training [time: 0.29s, train loss: 0.2499, reconstruction loss: 0.0654]
2026-06-08 11:15:39,497 - INFO - epoch 2643 training [time: 0.31s, train loss: 0.2504, reconstruction loss: 0.0654]
2026-06-08 11:15:39,787 - INFO - epoch 2644 training [time: 0.29s, train loss: 0.2501, reconstruction loss: 0.0654]
2026-06-08 11:15:40,070 - INFO - epoch 2645 training [time: 0.28s, train loss: 0.2499, reconstruction loss: 0.0655]
2026-06-08 11:15:40,370 - INFO - epoch 2646 training [time: 0.30s, train loss: 0.2505, reconstruction loss: 0.0655]
2026-06-08 11:15:40,659 - INFO - epoch 2647 training [time: 0.29s, train loss: 0.2503, reconstruction loss: 0.0654]
2026-06-08 11:15:40,955 - INFO - epoch 2648 training [time: 0.30s, train loss: 0.2502, reconstruction loss: 0.0655]
2026-06-08 11:15:41,251 - INFO - epoch 2649 training [time: 0.30s, train loss: 0.2501, reconstruction loss: 0.0654]
2026-06-08 11:15:41,437 - INFO - epoch 2649 evaluating [time: 0.19s, collision_rate: 0.062966]
2026-06-08 11:15:41,443 - INFO - Saving current/home/mingyu/news_rec/Data/ckpt/Jun-08-2026_11-02-38/epoch_2649_collision_0.0630_model.pth
2026-06-08 11:15:41,724 - INFO - epoch 2650 training [time: 0.28s, train loss: 0.2502, reconstruction loss: 0.0654]
2026-06-08 11:15:42,016 - INFO - epoch 2651 training [time: 0.29s, train loss: 0.2499, reconstruction loss: 0.0655]
2026-06-08 11:15:42,311 - INFO - epoch 2652 training [time: 0.29s, train loss: 0.2504, reconstruction loss: 0.0654]
2026-06-08 11:15:42,602 - INFO - epoch 2653 training [time: 0.29s, train loss: 0.2502, reconstruction loss: 0.0655]
2026-06-08 11:15:42,887 - INFO - epoch 2654 training [time: 0.29s, train loss: 0.2503, reconstruction loss: 0.0654]
2026-06-08 11:15:43,184 - INFO - epoch 2655 training [time: 0.30s, train loss: 0.2506, reconstruction loss: 0.0655]
2026-06-08 11:15:43,481 - INFO - epoch 2656 training [time: 0.30s, train loss: 0.2504, reconstruction loss: 0.0654]
2026-06-08 11:15:43,763 - INFO - epoch 2657 training [time: 0.28s, train loss: 0.2504, reconstruction loss: 0.0655]
2026-06-08 11:15:44,054 - INFO - epoch 2658 training [time: 0.29s, train loss: 0.2504, reconstruction loss: 0.0655]
2026-06-08 11:15:44,345 - INFO - epoch 2659 training [time: 0.29s, train loss: 0.2503, reconstruction loss: 0.0655]
2026-06-08 11:15:44,631 - INFO - epoch 2660 training [time: 0.29s, train loss: 0.2505, reconstruction loss: 0.0654]
2026-06-08 11:15:44,925 - INFO - epoch 2661 training [time: 0.29s, train loss: 0.2504, reconstruction loss: 0.0655]
2026-06-08 11:15:45,223 - INFO - epoch 2662 training [time: 0.30s, train loss: 0.2506, reconstruction loss: 0.0655]
2026-06-08 11:15:45,514 - INFO - epoch 2663 training [time: 0.29s, train loss: 0.2506, reconstruction loss: 0.0654]
2026-06-08 11:15:45,802 - INFO - epoch 2664 training [time: 0.29s, train loss: 0.2504, reconstruction loss: 0.0655]
2026-06-08 11:15:46,096 - INFO - epoch 2665 training [time: 0.29s, train loss: 0.2504, reconstruction loss: 0.0655]
2026-06-08 11:15:46,390 - INFO - epoch 2666 training [time: 0.29s, train loss: 0.2503, reconstruction loss: 0.0654]
2026-06-08 11:15:46,679 - INFO - epoch 2667 training [time: 0.29s, train loss: 0.2502, reconstruction loss: 0.0654]
2026-06-08 11:15:46,981 - INFO - epoch 2668 training [time: 0.30s, train loss: 0.2504, reconstruction loss: 0.0655]
2026-06-08 11:15:47,272 - INFO - epoch 2669 training [time: 0.29s, train loss: 0.2503, reconstruction loss: 0.0655]
2026-06-08 11:15:47,577 - INFO - epoch 2670 training [time: 0.31s, train loss: 0.2501, reconstruction loss: 0.0653]
2026-06-08 11:15:47,862 - INFO - epoch 2671 training [time: 0.28s, train loss: 0.2503, reconstruction loss: 0.0655]
2026-06-08 11:15:48,158 - INFO - epoch 2672 training [time: 0.30s, train loss: 0.2504, reconstruction loss: 0.0654]
2026-06-08 11:15:48,446 - INFO - epoch 2673 training [time: 0.29s, train loss: 0.2503, reconstruction loss: 0.0654]
2026-06-08 11:15:48,737 - INFO - epoch 2674 training [time: 0.29s, train loss: 0.2508, reconstruction loss: 0.0655]
2026-06-08 11:15:49,021 - INFO - epoch 2675 training [time: 0.28s, train loss: 0.2504, reconstruction loss: 0.0655]
2026-06-08 11:15:49,312 - INFO - epoch 2676 training [time: 0.29s, train loss: 0.2505, reconstruction loss: 0.0654]
2026-06-08 11:15:49,612 - INFO - epoch 2677 training [time: 0.30s, train loss: 0.2510, reconstruction loss: 0.0655]
2026-06-08 11:15:49,898 - INFO - epoch 2678 training [time: 0.29s, train loss: 0.2504, reconstruction loss: 0.0654]
2026-06-08 11:15:50,199 - INFO - epoch 2679 training [time: 0.30s, train loss: 0.2506, reconstruction loss: 0.0654]
2026-06-08 11:15:50,486 - INFO - epoch 2680 training [time: 0.29s, train loss: 0.2503, reconstruction loss: 0.0654]
2026-06-08 11:15:50,773 - INFO - epoch 2681 training [time: 0.29s, train loss: 0.2504, reconstruction loss: 0.0654]
2026-06-08 11:15:51,062 - INFO - epoch 2682 training [time: 0.29s, train loss: 0.2507, reconstruction loss: 0.0655]
2026-06-08 11:15:51,356 - INFO - epoch 2683 training [time: 0.29s, train loss: 0.2506, reconstruction loss: 0.0654]
2026-06-08 11:15:51,645 - INFO - epoch 2684 training [time: 0.29s, train loss: 0.2506, reconstruction loss: 0.0654]
2026-06-08 11:15:51,941 - INFO - epoch 2685 training [time: 0.30s, train loss: 0.2505, reconstruction loss: 0.0654]
2026-06-08 11:15:52,231 - INFO - epoch 2686 training [time: 0.29s, train loss: 0.2508, reconstruction loss: 0.0655]
2026-06-08 11:15:52,523 - INFO - epoch 2687 training [time: 0.29s, train loss: 0.2507, reconstruction loss: 0.0655]
2026-06-08 11:15:52,811 - INFO - epoch 2688 training [time: 0.29s, train loss: 0.2505, reconstruction loss: 0.0654]
2026-06-08 11:15:53,111 - INFO - epoch 2689 training [time: 0.30s, train loss: 0.2505, reconstruction loss: 0.0654]
2026-06-08 11:15:53,390 - INFO - epoch 2690 training [time: 0.28s, train loss: 0.2505, reconstruction loss: 0.0654]
2026-06-08 11:15:53,689 - INFO - epoch 2691 training [time: 0.30s, train loss: 0.2507, reconstruction loss: 0.0655]
2026-06-08 11:15:53,975 - INFO - epoch 2692 training [time: 0.29s, train loss: 0.2509, reconstruction loss: 0.0655]
2026-06-08 11:15:54,278 - INFO - epoch 2693 training [time: 0.30s, train loss: 0.2505, reconstruction loss: 0.0654]
2026-06-08 11:15:54,584 - INFO - epoch 2694 training [time: 0.31s, train loss: 0.2507, reconstruction loss: 0.0655]
2026-06-08 11:15:54,882 - INFO - epoch 2695 training [time: 0.30s, train loss: 0.2508, reconstruction loss: 0.0655]
2026-06-08 11:15:55,175 - INFO - epoch 2696 training [time: 0.29s, train loss: 0.2502, reconstruction loss: 0.0654]
2026-06-08 11:15:55,471 - INFO - epoch 2697 training [time: 0.30s, train loss: 0.2507, reconstruction loss: 0.0654]
2026-06-08 11:15:55,766 - INFO - epoch 2698 training [time: 0.29s, train loss: 0.2504, reconstruction loss: 0.0654]
2026-06-08 11:15:56,063 - INFO - epoch 2699 training [time: 0.30s, train loss: 0.2507, reconstruction loss: 0.0654]
2026-06-08 11:15:56,250 - INFO - epoch 2699 evaluating [time: 0.19s, collision_rate: 0.063375]
2026-06-08 11:15:56,256 - INFO - Saving current/home/mingyu/news_rec/Data/ckpt/Jun-08-2026_11-02-38/epoch_2699_collision_0.0634_model.pth
2026-06-08 11:15:56,552 - INFO - epoch 2700 training [time: 0.30s, train loss: 0.2511, reconstruction loss: 0.0654]
2026-06-08 11:15:56,834 - INFO - epoch 2701 training [time: 0.28s, train loss: 0.2506, reconstruction loss: 0.0654]
2026-06-08 11:15:57,125 - INFO - epoch 2702 training [time: 0.29s, train loss: 0.2506, reconstruction loss: 0.0654]
2026-06-08 11:15:57,414 - INFO - epoch 2703 training [time: 0.29s, train loss: 0.2505, reconstruction loss: 0.0654]
2026-06-08 11:15:57,715 - INFO - epoch 2704 training [time: 0.30s, train loss: 0.2505, reconstruction loss: 0.0654]
2026-06-08 11:15:58,011 - INFO - epoch 2705 training [time: 0.30s, train loss: 0.2507, reconstruction loss: 0.0654]
2026-06-08 11:15:58,304 - INFO - epoch 2706 training [time: 0.29s, train loss: 0.2506, reconstruction loss: 0.0654]
2026-06-08 11:15:58,591 - INFO - epoch 2707 training [time: 0.29s, train loss: 0.2506, reconstruction loss: 0.0654]
2026-06-08 11:15:58,882 - INFO - epoch 2708 training [time: 0.29s, train loss: 0.2504, reconstruction loss: 0.0654]
2026-06-08 11:15:59,172 - INFO - epoch 2709 training [time: 0.29s, train loss: 0.2503, reconstruction loss: 0.0654]
2026-06-08 11:15:59,457 - INFO - epoch 2710 training [time: 0.28s, train loss: 0.2505, reconstruction loss: 0.0655]
2026-06-08 11:15:59,746 - INFO - epoch 2711 training [time: 0.29s, train loss: 0.2506, reconstruction loss: 0.0654]
2026-06-08 11:16:00,030 - INFO - epoch 2712 training [time: 0.28s, train loss: 0.2508, reconstruction loss: 0.0654]
2026-06-08 11:16:00,326 - INFO - epoch 2713 training [time: 0.30s, train loss: 0.2504, reconstruction loss: 0.0654]
2026-06-08 11:16:00,619 - INFO - epoch 2714 training [time: 0.29s, train loss: 0.2507, reconstruction loss: 0.0655]
2026-06-08 11:16:00,907 - INFO - epoch 2715 training [time: 0.29s, train loss: 0.2506, reconstruction loss: 0.0654]
2026-06-08 11:16:01,193 - INFO - epoch 2716 training [time: 0.29s, train loss: 0.2505, reconstruction loss: 0.0654]
2026-06-08 11:16:01,496 - INFO - epoch 2717 training [time: 0.30s, train loss: 0.2506, reconstruction loss: 0.0654]
2026-06-08 11:16:01,773 - INFO - epoch 2718 training [time: 0.28s, train loss: 0.2502, reconstruction loss: 0.0654]
2026-06-08 11:16:02,075 - INFO - epoch 2719 training [time: 0.30s, train loss: 0.2506, reconstruction loss: 0.0654]
2026-06-08 11:16:02,377 - INFO - epoch 2720 training [time: 0.30s, train loss: 0.2509, reconstruction loss: 0.0654]
2026-06-08 11:16:02,668 - INFO - epoch 2721 training [time: 0.29s, train loss: 0.2507, reconstruction loss: 0.0654]
2026-06-08 11:16:02,962 - INFO - epoch 2722 training [time: 0.29s, train loss: 0.2505, reconstruction loss: 0.0654]
2026-06-08 11:16:03,262 - INFO - epoch 2723 training [time: 0.30s, train loss: 0.2509, reconstruction loss: 0.0654]
2026-06-08 11:16:03,547 - INFO - epoch 2724 training [time: 0.28s, train loss: 0.2505, reconstruction loss: 0.0654]
2026-06-08 11:16:03,834 - INFO - epoch 2725 training [time: 0.29s, train loss: 0.2500, reconstruction loss: 0.0653]
2026-06-08 11:16:04,126 - INFO - epoch 2726 training [time: 0.29s, train loss: 0.2502, reconstruction loss: 0.0654]
2026-06-08 11:16:04,421 - INFO - epoch 2727 training [time: 0.29s, train loss: 0.2507, reconstruction loss: 0.0654]
2026-06-08 11:16:04,714 - INFO - epoch 2728 training [time: 0.29s, train loss: 0.2505, reconstruction loss: 0.0653]
2026-06-08 11:16:05,007 - INFO - epoch 2729 training [time: 0.29s, train loss: 0.2506, reconstruction loss: 0.0655]
2026-06-08 11:16:05,293 - INFO - epoch 2730 training [time: 0.29s, train loss: 0.2509, reconstruction loss: 0.0654]
2026-06-08 11:16:05,583 - INFO - epoch 2731 training [time: 0.29s, train loss: 0.2504, reconstruction loss: 0.0654]
2026-06-08 11:16:05,869 - INFO - epoch 2732 training [time: 0.29s, train loss: 0.2501, reconstruction loss: 0.0654]
2026-06-08 11:16:06,158 - INFO - epoch 2733 training [time: 0.29s, train loss: 0.2505, reconstruction loss: 0.0654]
2026-06-08 11:16:06,461 - INFO - epoch 2734 training [time: 0.30s, train loss: 0.2508, reconstruction loss: 0.0655]
2026-06-08 11:16:06,759 - INFO - epoch 2735 training [time: 0.30s, train loss: 0.2506, reconstruction loss: 0.0654]
2026-06-08 11:16:07,049 - INFO - epoch 2736 training [time: 0.29s, train loss: 0.2499, reconstruction loss: 0.0653]
2026-06-08 11:16:07,340 - INFO - epoch 2737 training [time: 0.29s, train loss: 0.2502, reconstruction loss: 0.0654]
2026-06-08 11:16:07,638 - INFO - epoch 2738 training [time: 0.30s, train loss: 0.2505, reconstruction loss: 0.0654]
2026-06-08 11:16:07,931 - INFO - epoch 2739 training [time: 0.29s, train loss: 0.2508, reconstruction loss: 0.0654]
2026-06-08 11:16:08,223 - INFO - epoch 2740 training [time: 0.29s, train loss: 0.2502, reconstruction loss: 0.0654]
2026-06-08 11:16:08,519 - INFO - epoch 2741 training [time: 0.30s, train loss: 0.2507, reconstruction loss: 0.0654]
2026-06-08 11:16:08,815 - INFO - epoch 2742 training [time: 0.30s, train loss: 0.2505, reconstruction loss: 0.0654]
2026-06-08 11:16:09,106 - INFO - epoch 2743 training [time: 0.29s, train loss: 0.2509, reconstruction loss: 0.0654]
2026-06-08 11:16:09,397 - INFO - epoch 2744 training [time: 0.29s, train loss: 0.2503, reconstruction loss: 0.0654]
2026-06-08 11:16:09,685 - INFO - epoch 2745 training [time: 0.29s, train loss: 0.2505, reconstruction loss: 0.0654]
2026-06-08 11:16:09,967 - INFO - epoch 2746 training [time: 0.28s, train loss: 0.2504, reconstruction loss: 0.0654]
2026-06-08 11:16:10,260 - INFO - epoch 2747 training [time: 0.29s, train loss: 0.2503, reconstruction loss: 0.0654]
2026-06-08 11:16:10,560 - INFO - epoch 2748 training [time: 0.30s, train loss: 0.2507, reconstruction loss: 0.0654]
2026-06-08 11:16:10,850 - INFO - epoch 2749 training [time: 0.29s, train loss: 0.2508, reconstruction loss: 0.0653]
2026-06-08 11:16:11,026 - INFO - epoch 2749 evaluating [time: 0.18s, collision_rate: 0.062888]
2026-06-08 11:16:11,031 - INFO - Saving current/home/mingyu/news_rec/Data/ckpt/Jun-08-2026_11-02-38/epoch_2749_collision_0.0629_model.pth
2026-06-08 11:16:11,319 - INFO - epoch 2750 training [time: 0.29s, train loss: 0.2506, reconstruction loss: 0.0654]
2026-06-08 11:16:11,607 - INFO - epoch 2751 training [time: 0.29s, train loss: 0.2510, reconstruction loss: 0.0655]
2026-06-08 11:16:11,898 - INFO - epoch 2752 training [time: 0.29s, train loss: 0.2509, reconstruction loss: 0.0655]
2026-06-08 11:16:12,191 - INFO - epoch 2753 training [time: 0.29s, train loss: 0.2507, reconstruction loss: 0.0654]
2026-06-08 11:16:12,488 - INFO - epoch 2754 training [time: 0.30s, train loss: 0.2504, reconstruction loss: 0.0653]
2026-06-08 11:16:12,787 - INFO - epoch 2755 training [time: 0.30s, train loss: 0.2504, reconstruction loss: 0.0654]
2026-06-08 11:16:13,079 - INFO - epoch 2756 training [time: 0.29s, train loss: 0.2508, reconstruction loss: 0.0654]
2026-06-08 11:16:13,371 - INFO - epoch 2757 training [time: 0.29s, train loss: 0.2502, reconstruction loss: 0.0653]
2026-06-08 11:16:13,660 - INFO - epoch 2758 training [time: 0.29s, train loss: 0.2508, reconstruction loss: 0.0654]
2026-06-08 11:16:13,956 - INFO - epoch 2759 training [time: 0.30s, train loss: 0.2504, reconstruction loss: 0.0653]
2026-06-08 11:16:14,237 - INFO - epoch 2760 training [time: 0.28s, train loss: 0.2503, reconstruction loss: 0.0654]
2026-06-08 11:16:14,527 - INFO - epoch 2761 training [time: 0.29s, train loss: 0.2504, reconstruction loss: 0.0654]
2026-06-08 11:16:14,819 - INFO - epoch 2762 training [time: 0.29s, train loss: 0.2506, reconstruction loss: 0.0654]
2026-06-08 11:16:15,119 - INFO - epoch 2763 training [time: 0.30s, train loss: 0.2506, reconstruction loss: 0.0655]
2026-06-08 11:16:15,415 - INFO - epoch 2764 training [time: 0.30s, train loss: 0.2502, reconstruction loss: 0.0654]
2026-06-08 11:16:15,709 - INFO - epoch 2765 training [time: 0.29s, train loss: 0.2504, reconstruction loss: 0.0654]
2026-06-08 11:16:15,990 - INFO - epoch 2766 training [time: 0.28s, train loss: 0.2502, reconstruction loss: 0.0654]
2026-06-08 11:16:16,285 - INFO - epoch 2767 training [time: 0.30s, train loss: 0.2504, reconstruction loss: 0.0654]
2026-06-08 11:16:16,588 - INFO - epoch 2768 training [time: 0.30s, train loss: 0.2504, reconstruction loss: 0.0654]
2026-06-08 11:16:16,886 - INFO - epoch 2769 training [time: 0.30s, train loss: 0.2503, reconstruction loss: 0.0653]
2026-06-08 11:16:17,177 - INFO - epoch 2770 training [time: 0.29s, train loss: 0.2504, reconstruction loss: 0.0654]
2026-06-08 11:16:17,475 - INFO - epoch 2771 training [time: 0.30s, train loss: 0.2503, reconstruction loss: 0.0653]
2026-06-08 11:16:17,766 - INFO - epoch 2772 training [time: 0.29s, train loss: 0.2505, reconstruction loss: 0.0654]
2026-06-08 11:16:18,058 - INFO - epoch 2773 training [time: 0.29s, train loss: 0.2503, reconstruction loss: 0.0654]
2026-06-08 11:16:18,366 - INFO - epoch 2774 training [time: 0.31s, train loss: 0.2505, reconstruction loss: 0.0653]
2026-06-08 11:16:18,662 - INFO - epoch 2775 training [time: 0.30s, train loss: 0.2507, reconstruction loss: 0.0654]
2026-06-08 11:16:18,960 - INFO - epoch 2776 training [time: 0.30s, train loss: 0.2505, reconstruction loss: 0.0654]
2026-06-08 11:16:19,253 - INFO - epoch 2777 training [time: 0.29s, train loss: 0.2503, reconstruction loss: 0.0654]
2026-06-08 11:16:19,550 - INFO - epoch 2778 training [time: 0.30s, train loss: 0.2506, reconstruction loss: 0.0654]
2026-06-08 11:16:19,843 - INFO - epoch 2779 training [time: 0.29s, train loss: 0.2506, reconstruction loss: 0.0654]
2026-06-08 11:16:20,133 - INFO - epoch 2780 training [time: 0.29s, train loss: 0.2504, reconstruction loss: 0.0653]
2026-06-08 11:16:20,427 - INFO - epoch 2781 training [time: 0.29s, train loss: 0.2506, reconstruction loss: 0.0654]
2026-06-08 11:16:20,709 - INFO - epoch 2782 training [time: 0.28s, train loss: 0.2506, reconstruction loss: 0.0653]
2026-06-08 11:16:20,993 - INFO - epoch 2783 training [time: 0.28s, train loss: 0.2506, reconstruction loss: 0.0653]
2026-06-08 11:16:21,285 - INFO - epoch 2784 training [time: 0.29s, train loss: 0.2501, reconstruction loss: 0.0653]
2026-06-08 11:16:21,578 - INFO - epoch 2785 training [time: 0.29s, train loss: 0.2507, reconstruction loss: 0.0654]
2026-06-08 11:16:21,878 - INFO - epoch 2786 training [time: 0.30s, train loss: 0.2501, reconstruction loss: 0.0653]
2026-06-08 11:16:22,163 - INFO - epoch 2787 training [time: 0.29s, train loss: 0.2503, reconstruction loss: 0.0653]
2026-06-08 11:16:22,464 - INFO - epoch 2788 training [time: 0.30s, train loss: 0.2506, reconstruction loss: 0.0653]
2026-06-08 11:16:22,767 - INFO - epoch 2789 training [time: 0.30s, train loss: 0.2504, reconstruction loss: 0.0653]
2026-06-08 11:16:23,065 - INFO - epoch 2790 training [time: 0.30s, train loss: 0.2502, reconstruction loss: 0.0653]
2026-06-08 11:16:23,358 - INFO - epoch 2791 training [time: 0.29s, train loss: 0.2504, reconstruction loss: 0.0654]
2026-06-08 11:16:23,645 - INFO - epoch 2792 training [time: 0.29s, train loss: 0.2505, reconstruction loss: 0.0654]
2026-06-08 11:16:23,940 - INFO - epoch 2793 training [time: 0.30s, train loss: 0.2503, reconstruction loss: 0.0654]
2026-06-08 11:16:24,236 - INFO - epoch 2794 training [time: 0.30s, train loss: 0.2506, reconstruction loss: 0.0654]
2026-06-08 11:16:24,530 - INFO - epoch 2795 training [time: 0.29s, train loss: 0.2504, reconstruction loss: 0.0654]
2026-06-08 11:16:24,816 - INFO - epoch 2796 training [time: 0.29s, train loss: 0.2505, reconstruction loss: 0.0654]
2026-06-08 11:16:25,109 - INFO - epoch 2797 training [time: 0.29s, train loss: 0.2503, reconstruction loss: 0.0654]
2026-06-08 11:16:25,398 - INFO - epoch 2798 training [time: 0.29s, train loss: 0.2502, reconstruction loss: 0.0654]
2026-06-08 11:16:25,696 - INFO - epoch 2799 training [time: 0.30s, train loss: 0.2508, reconstruction loss: 0.0654]
2026-06-08 11:16:25,868 - INFO - epoch 2799 evaluating [time: 0.17s, collision_rate: 0.063824]
2026-06-08 11:16:25,873 - INFO - Saving current/home/mingyu/news_rec/Data/ckpt/Jun-08-2026_11-02-38/epoch_2799_collision_0.0638_model.pth
2026-06-08 11:16:26,164 - INFO - epoch 2800 training [time: 0.29s, train loss: 0.2505, reconstruction loss: 0.0654]
2026-06-08 11:16:26,461 - INFO - epoch 2801 training [time: 0.30s, train loss: 0.2505, reconstruction loss: 0.0653]
2026-06-08 11:16:26,758 - INFO - epoch 2802 training [time: 0.30s, train loss: 0.2506, reconstruction loss: 0.0654]
2026-06-08 11:16:27,055 - INFO - epoch 2803 training [time: 0.30s, train loss: 0.2508, reconstruction loss: 0.0654]
2026-06-08 11:16:27,358 - INFO - epoch 2804 training [time: 0.30s, train loss: 0.2507, reconstruction loss: 0.0654]
2026-06-08 11:16:27,656 - INFO - epoch 2805 training [time: 0.30s, train loss: 0.2508, reconstruction loss: 0.0654]
2026-06-08 11:16:27,950 - INFO - epoch 2806 training [time: 0.29s, train loss: 0.2509, reconstruction loss: 0.0653]
2026-06-08 11:16:28,246 - INFO - epoch 2807 training [time: 0.30s, train loss: 0.2510, reconstruction loss: 0.0654]
2026-06-08 11:16:28,527 - INFO - epoch 2808 training [time: 0.28s, train loss: 0.2507, reconstruction loss: 0.0653]
2026-06-08 11:16:28,822 - INFO - epoch 2809 training [time: 0.29s, train loss: 0.2504, reconstruction loss: 0.0653]
2026-06-08 11:16:29,117 - INFO - epoch 2810 training [time: 0.29s, train loss: 0.2505, reconstruction loss: 0.0654]
2026-06-08 11:16:29,407 - INFO - epoch 2811 training [time: 0.29s, train loss: 0.2509, reconstruction loss: 0.0654]
2026-06-08 11:16:29,700 - INFO - epoch 2812 training [time: 0.29s, train loss: 0.2506, reconstruction loss: 0.0654]
2026-06-08 11:16:30,003 - INFO - epoch 2813 training [time: 0.30s, train loss: 0.2508, reconstruction loss: 0.0654]
2026-06-08 11:16:30,303 - INFO - epoch 2814 training [time: 0.30s, train loss: 0.2506, reconstruction loss: 0.0654]
2026-06-08 11:16:30,598 - INFO - epoch 2815 training [time: 0.29s, train loss: 0.2507, reconstruction loss: 0.0653]
2026-06-08 11:16:30,894 - INFO - epoch 2816 training [time: 0.30s, train loss: 0.2506, reconstruction loss: 0.0653]
2026-06-08 11:16:31,186 - INFO - epoch 2817 training [time: 0.29s, train loss: 0.2505, reconstruction loss: 0.0653]
2026-06-08 11:16:31,488 - INFO - epoch 2818 training [time: 0.30s, train loss: 0.2507, reconstruction loss: 0.0653]
2026-06-08 11:16:31,792 - INFO - epoch 2819 training [time: 0.30s, train loss: 0.2507, reconstruction loss: 0.0653]
2026-06-08 11:16:32,090 - INFO - epoch 2820 training [time: 0.30s, train loss: 0.2506, reconstruction loss: 0.0653]
2026-06-08 11:16:32,390 - INFO - epoch 2821 training [time: 0.30s, train loss: 0.2507, reconstruction loss: 0.0653]
2026-06-08 11:16:32,684 - INFO - epoch 2822 training [time: 0.29s, train loss: 0.2505, reconstruction loss: 0.0653]
2026-06-08 11:16:32,981 - INFO - epoch 2823 training [time: 0.30s, train loss: 0.2503, reconstruction loss: 0.0653]
2026-06-08 11:16:33,270 - INFO - epoch 2824 training [time: 0.29s, train loss: 0.2505, reconstruction loss: 0.0654]
2026-06-08 11:16:33,569 - INFO - epoch 2825 training [time: 0.30s, train loss: 0.2507, reconstruction loss: 0.0654]
2026-06-08 11:16:33,860 - INFO - epoch 2826 training [time: 0.29s, train loss: 0.2505, reconstruction loss: 0.0654]
2026-06-08 11:16:34,154 - INFO - epoch 2827 training [time: 0.29s, train loss: 0.2507, reconstruction loss: 0.0653]
2026-06-08 11:16:34,440 - INFO - epoch 2828 training [time: 0.29s, train loss: 0.2508, reconstruction loss: 0.0653]
2026-06-08 11:16:34,730 - INFO - epoch 2829 training [time: 0.29s, train loss: 0.2506, reconstruction loss: 0.0653]
2026-06-08 11:16:35,032 - INFO - epoch 2830 training [time: 0.30s, train loss: 0.2509, reconstruction loss: 0.0654]
2026-06-08 11:16:35,327 - INFO - epoch 2831 training [time: 0.29s, train loss: 0.2507, reconstruction loss: 0.0653]
2026-06-08 11:16:35,620 - INFO - epoch 2832 training [time: 0.29s, train loss: 0.2509, reconstruction loss: 0.0654]
2026-06-08 11:16:35,916 - INFO - epoch 2833 training [time: 0.30s, train loss: 0.2511, reconstruction loss: 0.0654]
2026-06-08 11:16:36,209 - INFO - epoch 2834 training [time: 0.29s, train loss: 0.2507, reconstruction loss: 0.0653]
2026-06-08 11:16:36,505 - INFO - epoch 2835 training [time: 0.30s, train loss: 0.2508, reconstruction loss: 0.0653]
2026-06-08 11:16:36,793 - INFO - epoch 2836 training [time: 0.29s, train loss: 0.2506, reconstruction loss: 0.0653]
2026-06-08 11:16:37,080 - INFO - epoch 2837 training [time: 0.29s, train loss: 0.2507, reconstruction loss: 0.0653]
2026-06-08 11:16:37,369 - INFO - epoch 2838 training [time: 0.29s, train loss: 0.2505, reconstruction loss: 0.0653]
2026-06-08 11:16:37,651 - INFO - epoch 2839 training [time: 0.28s, train loss: 0.2508, reconstruction loss: 0.0652]
2026-06-08 11:16:37,943 - INFO - epoch 2840 training [time: 0.29s, train loss: 0.2507, reconstruction loss: 0.0653]
2026-06-08 11:16:38,232 - INFO - epoch 2841 training [time: 0.29s, train loss: 0.2506, reconstruction loss: 0.0653]
2026-06-08 11:16:38,521 - INFO - epoch 2842 training [time: 0.29s, train loss: 0.2503, reconstruction loss: 0.0652]
2026-06-08 11:16:38,809 - INFO - epoch 2843 training [time: 0.29s, train loss: 0.2507, reconstruction loss: 0.0653]
2026-06-08 11:16:39,099 - INFO - epoch 2844 training [time: 0.29s, train loss: 0.2504, reconstruction loss: 0.0652]
2026-06-08 11:16:39,388 - INFO - epoch 2845 training [time: 0.29s, train loss: 0.2505, reconstruction loss: 0.0653]
2026-06-08 11:16:39,678 - INFO - epoch 2846 training [time: 0.29s, train loss: 0.2508, reconstruction loss: 0.0653]
2026-06-08 11:16:39,978 - INFO - epoch 2847 training [time: 0.30s, train loss: 0.2507, reconstruction loss: 0.0653]
2026-06-08 11:16:40,276 - INFO - epoch 2848 training [time: 0.30s, train loss: 0.2505, reconstruction loss: 0.0653]
2026-06-08 11:16:40,558 - INFO - epoch 2849 training [time: 0.28s, train loss: 0.2506, reconstruction loss: 0.0653]
2026-06-08 11:16:40,754 - INFO - epoch 2849 evaluating [time: 0.20s, collision_rate: 0.064097]
2026-06-08 11:16:40,760 - INFO - Saving current/home/mingyu/news_rec/Data/ckpt/Jun-08-2026_11-02-38/epoch_2849_collision_0.0641_model.pth
2026-06-08 11:16:41,053 - INFO - epoch 2850 training [time: 0.29s, train loss: 0.2508, reconstruction loss: 0.0654]
2026-06-08 11:16:41,345 - INFO - epoch 2851 training [time: 0.29s, train loss: 0.2504, reconstruction loss: 0.0653]
2026-06-08 11:16:41,644 - INFO - epoch 2852 training [time: 0.30s, train loss: 0.2507, reconstruction loss: 0.0654]
2026-06-08 11:16:41,938 - INFO - epoch 2853 training [time: 0.29s, train loss: 0.2509, reconstruction loss: 0.0654]
2026-06-08 11:16:42,226 - INFO - epoch 2854 training [time: 0.29s, train loss: 0.2507, reconstruction loss: 0.0653]
2026-06-08 11:16:42,519 - INFO - epoch 2855 training [time: 0.29s, train loss: 0.2507, reconstruction loss: 0.0653]
2026-06-08 11:16:42,816 - INFO - epoch 2856 training [time: 0.30s, train loss: 0.2508, reconstruction loss: 0.0653]
2026-06-08 11:16:43,118 - INFO - epoch 2857 training [time: 0.30s, train loss: 0.2505, reconstruction loss: 0.0653]
2026-06-08 11:16:43,409 - INFO - epoch 2858 training [time: 0.29s, train loss: 0.2508, reconstruction loss: 0.0653]
2026-06-08 11:16:43,702 - INFO - epoch 2859 training [time: 0.29s, train loss: 0.2506, reconstruction loss: 0.0653]
2026-06-08 11:16:43,989 - INFO - epoch 2860 training [time: 0.29s, train loss: 0.2503, reconstruction loss: 0.0652]
2026-06-08 11:16:44,288 - INFO - epoch 2861 training [time: 0.30s, train loss: 0.2509, reconstruction loss: 0.0653]
2026-06-08 11:16:44,582 - INFO - epoch 2862 training [time: 0.29s, train loss: 0.2505, reconstruction loss: 0.0653]
2026-06-08 11:16:44,878 - INFO - epoch 2863 training [time: 0.30s, train loss: 0.2501, reconstruction loss: 0.0652]
2026-06-08 11:16:45,169 - INFO - epoch 2864 training [time: 0.29s, train loss: 0.2505, reconstruction loss: 0.0653]
2026-06-08 11:16:45,460 - INFO - epoch 2865 training [time: 0.29s, train loss: 0.2506, reconstruction loss: 0.0653]
2026-06-08 11:16:45,752 - INFO - epoch 2866 training [time: 0.29s, train loss: 0.2508, reconstruction loss: 0.0653]
2026-06-08 11:16:46,043 - INFO - epoch 2867 training [time: 0.29s, train loss: 0.2504, reconstruction loss: 0.0652]
2026-06-08 11:16:46,338 - INFO - epoch 2868 training [time: 0.29s, train loss: 0.2506, reconstruction loss: 0.0653]
2026-06-08 11:16:46,630 - INFO - epoch 2869 training [time: 0.29s, train loss: 0.2504, reconstruction loss: 0.0653]
2026-06-08 11:16:46,927 - INFO - epoch 2870 training [time: 0.30s, train loss: 0.2505, reconstruction loss: 0.0653]
2026-06-08 11:16:47,224 - INFO - epoch 2871 training [time: 0.30s, train loss: 0.2506, reconstruction loss: 0.0653]
2026-06-08 11:16:47,511 - INFO - epoch 2872 training [time: 0.29s, train loss: 0.2505, reconstruction loss: 0.0652]
2026-06-08 11:16:47,798 - INFO - epoch 2873 training [time: 0.29s, train loss: 0.2505, reconstruction loss: 0.0653]
2026-06-08 11:16:48,087 - INFO - epoch 2874 training [time: 0.29s, train loss: 0.2506, reconstruction loss: 0.0653]
2026-06-08 11:16:48,378 - INFO - epoch 2875 training [time: 0.29s, train loss: 0.2504, reconstruction loss: 0.0652]
2026-06-08 11:16:48,669 - INFO - epoch 2876 training [time: 0.29s, train loss: 0.2507, reconstruction loss: 0.0653]
2026-06-08 11:16:48,964 - INFO - epoch 2877 training [time: 0.30s, train loss: 0.2505, reconstruction loss: 0.0652]
2026-06-08 11:16:49,259 - INFO - epoch 2878 training [time: 0.29s, train loss: 0.2505, reconstruction loss: 0.0652]
2026-06-08 11:16:49,551 - INFO - epoch 2879 training [time: 0.29s, train loss: 0.2503, reconstruction loss: 0.0653]
2026-06-08 11:16:49,835 - INFO - epoch 2880 training [time: 0.28s, train loss: 0.2504, reconstruction loss: 0.0652]
2026-06-08 11:16:50,136 - INFO - epoch 2881 training [time: 0.30s, train loss: 0.2504, reconstruction loss: 0.0653]
2026-06-08 11:16:50,416 - INFO - epoch 2882 training [time: 0.28s, train loss: 0.2506, reconstruction loss: 0.0653]
2026-06-08 11:16:50,699 - INFO - epoch 2883 training [time: 0.28s, train loss: 0.2508, reconstruction loss: 0.0653]
2026-06-08 11:16:50,989 - INFO - epoch 2884 training [time: 0.29s, train loss: 0.2506, reconstruction loss: 0.0653]
2026-06-08 11:16:51,272 - INFO - epoch 2885 training [time: 0.28s, train loss: 0.2505, reconstruction loss: 0.0653]
2026-06-08 11:16:51,572 - INFO - epoch 2886 training [time: 0.30s, train loss: 0.2506, reconstruction loss: 0.0653]
2026-06-08 11:16:51,858 - INFO - epoch 2887 training [time: 0.29s, train loss: 0.2508, reconstruction loss: 0.0653]
2026-06-08 11:16:52,154 - INFO - epoch 2888 training [time: 0.30s, train loss: 0.2506, reconstruction loss: 0.0652]
2026-06-08 11:16:52,454 - INFO - epoch 2889 training [time: 0.30s, train loss: 0.2502, reconstruction loss: 0.0652]
2026-06-08 11:16:52,749 - INFO - epoch 2890 training [time: 0.29s, train loss: 0.2506, reconstruction loss: 0.0653]
2026-06-08 11:16:53,036 - INFO - epoch 2891 training [time: 0.29s, train loss: 0.2509, reconstruction loss: 0.0653]
2026-06-08 11:16:53,333 - INFO - epoch 2892 training [time: 0.30s, train loss: 0.2509, reconstruction loss: 0.0653]
2026-06-08 11:16:53,625 - INFO - epoch 2893 training [time: 0.29s, train loss: 0.2504, reconstruction loss: 0.0653]
2026-06-08 11:16:53,926 - INFO - epoch 2894 training [time: 0.30s, train loss: 0.2509, reconstruction loss: 0.0653]
2026-06-08 11:16:54,213 - INFO - epoch 2895 training [time: 0.29s, train loss: 0.2506, reconstruction loss: 0.0653]
2026-06-08 11:16:54,504 - INFO - epoch 2896 training [time: 0.29s, train loss: 0.2504, reconstruction loss: 0.0653]
2026-06-08 11:16:54,791 - INFO - epoch 2897 training [time: 0.29s, train loss: 0.2510, reconstruction loss: 0.0653]
2026-06-08 11:16:55,084 - INFO - epoch 2898 training [time: 0.29s, train loss: 0.2507, reconstruction loss: 0.0653]
2026-06-08 11:16:55,393 - INFO - epoch 2899 training [time: 0.31s, train loss: 0.2502, reconstruction loss: 0.0652]
2026-06-08 11:16:55,596 - INFO - epoch 2899 evaluating [time: 0.20s, collision_rate: 0.062966]
2026-06-08 11:16:55,602 - INFO - Saving current/home/mingyu/news_rec/Data/ckpt/Jun-08-2026_11-02-38/epoch_2899_collision_0.0630_model.pth
2026-06-08 11:16:55,916 - INFO - epoch 2900 training [time: 0.31s, train loss: 0.2505, reconstruction loss: 0.0653]
2026-06-08 11:16:56,213 - INFO - epoch 2901 training [time: 0.30s, train loss: 0.2508, reconstruction loss: 0.0653]
2026-06-08 11:16:56,506 - INFO - epoch 2902 training [time: 0.29s, train loss: 0.2508, reconstruction loss: 0.0653]
2026-06-08 11:16:56,793 - INFO - epoch 2903 training [time: 0.29s, train loss: 0.2508, reconstruction loss: 0.0653]
2026-06-08 11:16:57,085 - INFO - epoch 2904 training [time: 0.29s, train loss: 0.2507, reconstruction loss: 0.0653]
2026-06-08 11:16:57,377 - INFO - epoch 2905 training [time: 0.29s, train loss: 0.2503, reconstruction loss: 0.0652]
2026-06-08 11:16:57,674 - INFO - epoch 2906 training [time: 0.30s, train loss: 0.2509, reconstruction loss: 0.0653]
2026-06-08 11:16:57,966 - INFO - epoch 2907 training [time: 0.29s, train loss: 0.2506, reconstruction loss: 0.0652]
2026-06-08 11:16:58,255 - INFO - epoch 2908 training [time: 0.29s, train loss: 0.2508, reconstruction loss: 0.0653]
2026-06-08 11:16:58,541 - INFO - epoch 2909 training [time: 0.29s, train loss: 0.2508, reconstruction loss: 0.0652]
2026-06-08 11:16:58,844 - INFO - epoch 2910 training [time: 0.30s, train loss: 0.2506, reconstruction loss: 0.0652]
2026-06-08 11:16:59,142 - INFO - epoch 2911 training [time: 0.30s, train loss: 0.2504, reconstruction loss: 0.0652]
2026-06-08 11:16:59,439 - INFO - epoch 2912 training [time: 0.30s, train loss: 0.2506, reconstruction loss: 0.0653]
2026-06-08 11:16:59,718 - INFO - epoch 2913 training [time: 0.28s, train loss: 0.2505, reconstruction loss: 0.0653]
2026-06-08 11:17:00,000 - INFO - epoch 2914 training [time: 0.28s, train loss: 0.2507, reconstruction loss: 0.0652]
2026-06-08 11:17:00,292 - INFO - epoch 2915 training [time: 0.29s, train loss: 0.2506, reconstruction loss: 0.0652]
2026-06-08 11:17:00,588 - INFO - epoch 2916 training [time: 0.30s, train loss: 0.2508, reconstruction loss: 0.0653]
2026-06-08 11:17:00,879 - INFO - epoch 2917 training [time: 0.29s, train loss: 0.2508, reconstruction loss: 0.0652]
2026-06-08 11:17:01,171 - INFO - epoch 2918 training [time: 0.29s, train loss: 0.2507, reconstruction loss: 0.0653]
2026-06-08 11:17:01,464 - INFO - epoch 2919 training [time: 0.29s, train loss: 0.2506, reconstruction loss: 0.0652]
2026-06-08 11:17:01,760 - INFO - epoch 2920 training [time: 0.30s, train loss: 0.2504, reconstruction loss: 0.0652]
2026-06-08 11:17:02,050 - INFO - epoch 2921 training [time: 0.29s, train loss: 0.2507, reconstruction loss: 0.0653]
2026-06-08 11:17:02,340 - INFO - epoch 2922 training [time: 0.29s, train loss: 0.2507, reconstruction loss: 0.0653]
2026-06-08 11:17:02,633 - INFO - epoch 2923 training [time: 0.29s, train loss: 0.2506, reconstruction loss: 0.0653]
2026-06-08 11:17:02,911 - INFO - epoch 2924 training [time: 0.28s, train loss: 0.2504, reconstruction loss: 0.0652]
2026-06-08 11:17:03,204 - INFO - epoch 2925 training [time: 0.29s, train loss: 0.2507, reconstruction loss: 0.0652]
2026-06-08 11:17:03,491 - INFO - epoch 2926 training [time: 0.29s, train loss: 0.2510, reconstruction loss: 0.0653]
2026-06-08 11:17:03,785 - INFO - epoch 2927 training [time: 0.29s, train loss: 0.2507, reconstruction loss: 0.0652]
2026-06-08 11:17:04,068 - INFO - epoch 2928 training [time: 0.28s, train loss: 0.2508, reconstruction loss: 0.0654]
2026-06-08 11:17:04,357 - INFO - epoch 2929 training [time: 0.29s, train loss: 0.2509, reconstruction loss: 0.0652]
2026-06-08 11:17:04,651 - INFO - epoch 2930 training [time: 0.29s, train loss: 0.2510, reconstruction loss: 0.0653]
2026-06-08 11:17:04,952 - INFO - epoch 2931 training [time: 0.30s, train loss: 0.2506, reconstruction loss: 0.0652]
2026-06-08 11:17:05,245 - INFO - epoch 2932 training [time: 0.29s, train loss: 0.2503, reconstruction loss: 0.0652]
2026-06-08 11:17:05,531 - INFO - epoch 2933 training [time: 0.29s, train loss: 0.2506, reconstruction loss: 0.0652]
2026-06-08 11:17:05,824 - INFO - epoch 2934 training [time: 0.29s, train loss: 0.2506, reconstruction loss: 0.0653]
2026-06-08 11:17:06,125 - INFO - epoch 2935 training [time: 0.30s, train loss: 0.2509, reconstruction loss: 0.0652]
2026-06-08 11:17:06,426 - INFO - epoch 2936 training [time: 0.30s, train loss: 0.2507, reconstruction loss: 0.0652]
2026-06-08 11:17:06,721 - INFO - epoch 2937 training [time: 0.30s, train loss: 0.2505, reconstruction loss: 0.0652]
2026-06-08 11:17:07,013 - INFO - epoch 2938 training [time: 0.29s, train loss: 0.2511, reconstruction loss: 0.0652]
2026-06-08 11:17:07,300 - INFO - epoch 2939 training [time: 0.29s, train loss: 0.2508, reconstruction loss: 0.0652]
2026-06-08 11:17:07,592 - INFO - epoch 2940 training [time: 0.29s, train loss: 0.2509, reconstruction loss: 0.0652]
2026-06-08 11:17:07,887 - INFO - epoch 2941 training [time: 0.29s, train loss: 0.2510, reconstruction loss: 0.0652]
2026-06-08 11:17:08,187 - INFO - epoch 2942 training [time: 0.30s, train loss: 0.2505, reconstruction loss: 0.0652]
2026-06-08 11:17:08,483 - INFO - epoch 2943 training [time: 0.29s, train loss: 0.2506, reconstruction loss: 0.0652]
2026-06-08 11:17:08,779 - INFO - epoch 2944 training [time: 0.30s, train loss: 0.2506, reconstruction loss: 0.0652]
2026-06-08 11:17:09,066 - INFO - epoch 2945 training [time: 0.29s, train loss: 0.2506, reconstruction loss: 0.0652]
2026-06-08 11:17:09,365 - INFO - epoch 2946 training [time: 0.30s, train loss: 0.2504, reconstruction loss: 0.0652]
2026-06-08 11:17:09,654 - INFO - epoch 2947 training [time: 0.29s, train loss: 0.2506, reconstruction loss: 0.0652]
2026-06-08 11:17:09,951 - INFO - epoch 2948 training [time: 0.30s, train loss: 0.2507, reconstruction loss: 0.0652]
2026-06-08 11:17:10,243 - INFO - epoch 2949 training [time: 0.29s, train loss: 0.2506, reconstruction loss: 0.0652]
2026-06-08 11:17:10,436 - INFO - epoch 2949 evaluating [time: 0.19s, collision_rate: 0.063141]
2026-06-08 11:17:10,441 - INFO - Saving current/home/mingyu/news_rec/Data/ckpt/Jun-08-2026_11-02-38/epoch_2949_collision_0.0631_model.pth
2026-06-08 11:17:10,739 - INFO - epoch 2950 training [time: 0.30s, train loss: 0.2506, reconstruction loss: 0.0652]
2026-06-08 11:17:11,022 - INFO - epoch 2951 training [time: 0.28s, train loss: 0.2509, reconstruction loss: 0.0653]
2026-06-08 11:17:11,313 - INFO - epoch 2952 training [time: 0.29s, train loss: 0.2507, reconstruction loss: 0.0653]
2026-06-08 11:17:11,603 - INFO - epoch 2953 training [time: 0.29s, train loss: 0.2508, reconstruction loss: 0.0652]
2026-06-08 11:17:11,901 - INFO - epoch 2954 training [time: 0.30s, train loss: 0.2509, reconstruction loss: 0.0652]
2026-06-08 11:17:12,187 - INFO - epoch 2955 training [time: 0.29s, train loss: 0.2506, reconstruction loss: 0.0652]
2026-06-08 11:17:12,482 - INFO - epoch 2956 training [time: 0.30s, train loss: 0.2508, reconstruction loss: 0.0653]
2026-06-08 11:17:12,778 - INFO - epoch 2957 training [time: 0.30s, train loss: 0.2505, reconstruction loss: 0.0652]
2026-06-08 11:17:13,063 - INFO - epoch 2958 training [time: 0.29s, train loss: 0.2505, reconstruction loss: 0.0652]
2026-06-08 11:17:13,351 - INFO - epoch 2959 training [time: 0.29s, train loss: 0.2508, reconstruction loss: 0.0652]
2026-06-08 11:17:13,632 - INFO - epoch 2960 training [time: 0.28s, train loss: 0.2507, reconstruction loss: 0.0653]
2026-06-08 11:17:13,921 - INFO - epoch 2961 training [time: 0.29s, train loss: 0.2504, reconstruction loss: 0.0652]
2026-06-08 11:17:14,210 - INFO - epoch 2962 training [time: 0.29s, train loss: 0.2508, reconstruction loss: 0.0652]
2026-06-08 11:17:14,497 - INFO - epoch 2963 training [time: 0.29s, train loss: 0.2507, reconstruction loss: 0.0652]
2026-06-08 11:17:14,786 - INFO - epoch 2964 training [time: 0.29s, train loss: 0.2509, reconstruction loss: 0.0652]
2026-06-08 11:17:15,066 - INFO - epoch 2965 training [time: 0.28s, train loss: 0.2508, reconstruction loss: 0.0652]
2026-06-08 11:17:15,357 - INFO - epoch 2966 training [time: 0.29s, train loss: 0.2509, reconstruction loss: 0.0652]
2026-06-08 11:17:15,658 - INFO - epoch 2967 training [time: 0.30s, train loss: 0.2504, reconstruction loss: 0.0651]
2026-06-08 11:17:15,952 - INFO - epoch 2968 training [time: 0.29s, train loss: 0.2510, reconstruction loss: 0.0652]
2026-06-08 11:17:16,244 - INFO - epoch 2969 training [time: 0.29s, train loss: 0.2507, reconstruction loss: 0.0652]
2026-06-08 11:17:16,541 - INFO - epoch 2970 training [time: 0.30s, train loss: 0.2508, reconstruction loss: 0.0652]
2026-06-08 11:17:16,843 - INFO - epoch 2971 training [time: 0.30s, train loss: 0.2510, reconstruction loss: 0.0652]
2026-06-08 11:17:17,139 - INFO - epoch 2972 training [time: 0.30s, train loss: 0.2507, reconstruction loss: 0.0652]
2026-06-08 11:17:17,432 - INFO - epoch 2973 training [time: 0.29s, train loss: 0.2506, reconstruction loss: 0.0652]
2026-06-08 11:17:17,707 - INFO - epoch 2974 training [time: 0.28s, train loss: 0.2507, reconstruction loss: 0.0652]
2026-06-08 11:17:17,996 - INFO - epoch 2975 training [time: 0.29s, train loss: 0.2508, reconstruction loss: 0.0652]
2026-06-08 11:17:18,286 - INFO - epoch 2976 training [time: 0.29s, train loss: 0.2506, reconstruction loss: 0.0652]
2026-06-08 11:17:18,577 - INFO - epoch 2977 training [time: 0.29s, train loss: 0.2507, reconstruction loss: 0.0652]
2026-06-08 11:17:18,864 - INFO - epoch 2978 training [time: 0.29s, train loss: 0.2507, reconstruction loss: 0.0652]
2026-06-08 11:17:19,157 - INFO - epoch 2979 training [time: 0.29s, train loss: 0.2506, reconstruction loss: 0.0652]
2026-06-08 11:17:19,448 - INFO - epoch 2980 training [time: 0.29s, train loss: 0.2506, reconstruction loss: 0.0652]
2026-06-08 11:17:19,745 - INFO - epoch 2981 training [time: 0.30s, train loss: 0.2506, reconstruction loss: 0.0652]
2026-06-08 11:17:20,037 - INFO - epoch 2982 training [time: 0.29s, train loss: 0.2508, reconstruction loss: 0.0652]
2026-06-08 11:17:20,332 - INFO - epoch 2983 training [time: 0.29s, train loss: 0.2505, reconstruction loss: 0.0652]
2026-06-08 11:17:20,630 - INFO - epoch 2984 training [time: 0.30s, train loss: 0.2507, reconstruction loss: 0.0652]
2026-06-08 11:17:20,922 - INFO - epoch 2985 training [time: 0.29s, train loss: 0.2509, reconstruction loss: 0.0652]
2026-06-08 11:17:21,223 - INFO - epoch 2986 training [time: 0.30s, train loss: 0.2508, reconstruction loss: 0.0652]
2026-06-08 11:17:21,515 - INFO - epoch 2987 training [time: 0.29s, train loss: 0.2508, reconstruction loss: 0.0652]
2026-06-08 11:17:21,793 - INFO - epoch 2988 training [time: 0.28s, train loss: 0.2506, reconstruction loss: 0.0652]
2026-06-08 11:17:22,088 - INFO - epoch 2989 training [time: 0.30s, train loss: 0.2509, reconstruction loss: 0.0652]
2026-06-08 11:17:22,381 - INFO - epoch 2990 training [time: 0.29s, train loss: 0.2508, reconstruction loss: 0.0652]
2026-06-08 11:17:22,683 - INFO - epoch 2991 training [time: 0.30s, train loss: 0.2508, reconstruction loss: 0.0652]
2026-06-08 11:17:22,983 - INFO - epoch 2992 training [time: 0.30s, train loss: 0.2507, reconstruction loss: 0.0652]
2026-06-08 11:17:23,261 - INFO - epoch 2993 training [time: 0.28s, train loss: 0.2509, reconstruction loss: 0.0652]
2026-06-08 11:17:23,556 - INFO - epoch 2994 training [time: 0.29s, train loss: 0.2507, reconstruction loss: 0.0652]
2026-06-08 11:17:23,852 - INFO - epoch 2995 training [time: 0.30s, train loss: 0.2507, reconstruction loss: 0.0651]
2026-06-08 11:17:24,155 - INFO - epoch 2996 training [time: 0.30s, train loss: 0.2508, reconstruction loss: 0.0652]
2026-06-08 11:17:24,454 - INFO - epoch 2997 training [time: 0.30s, train loss: 0.2510, reconstruction loss: 0.0652]
2026-06-08 11:17:24,747 - INFO - epoch 2998 training [time: 0.29s, train loss: 0.2505, reconstruction loss: 0.0652]
2026-06-08 11:17:25,051 - INFO - epoch 2999 training [time: 0.30s, train loss: 0.2508, reconstruction loss: 0.0652]
2026-06-08 11:17:25,237 - INFO - epoch 2999 evaluating [time: 0.19s, collision_rate: 0.063707]
2026-06-08 11:17:25,242 - INFO - Saving current/home/mingyu/news_rec/Data/ckpt/Jun-08-2026_11-02-38/epoch_2999_collision_0.0637_model.pth
2026-06-08 14:04:58,928 - INFO - epoch 0 training [time: 0.84s, train loss: 0.1355, reconstruction loss: 0.1324]
2026-06-08 14:04:59,299 - INFO - epoch 1 training [time: 0.37s, train loss: 0.1323, reconstruction loss: 0.1276]
2026-06-08 14:04:59,704 - INFO - epoch 2 training [time: 0.41s, train loss: 0.1234, reconstruction loss: 0.1187]
2026-06-08 14:05:00,086 - INFO - epoch 3 training [time: 0.38s, train loss: 0.1192, reconstruction loss: 0.1159]
2026-06-08 14:05:00,451 - INFO - epoch 4 training [time: 0.36s, train loss: 0.1159, reconstruction loss: 0.1125]
2026-06-08 14:05:00,789 - INFO - epoch 5 training [time: 0.34s, train loss: 0.1133, reconstruction loss: 0.1082]
2026-06-08 14:05:01,101 - INFO - epoch 6 training [time: 0.31s, train loss: 0.1097, reconstruction loss: 0.1034]
2026-06-08 14:05:01,420 - INFO - epoch 7 training [time: 0.32s, train loss: 0.1081, reconstruction loss: 0.1000]
2026-06-08 14:05:01,740 - INFO - epoch 8 training [time: 0.32s, train loss: 0.1074, reconstruction loss: 0.0970]
2026-06-08 14:05:02,068 - INFO - epoch 9 training [time: 0.33s, train loss: 0.1075, reconstruction loss: 0.0946]
2026-06-08 14:05:02,431 - INFO - epoch 10 training [time: 0.36s, train loss: 0.1090, reconstruction loss: 0.0925]
2026-06-08 14:05:02,786 - INFO - epoch 11 training [time: 0.35s, train loss: 0.1105, reconstruction loss: 0.0906]
2026-06-08 14:05:03,110 - INFO - epoch 12 training [time: 0.32s, train loss: 0.1119, reconstruction loss: 0.0892]
2026-06-08 14:05:03,445 - INFO - epoch 13 training [time: 0.33s, train loss: 0.1138, reconstruction loss: 0.0880]
2026-06-08 14:05:03,787 - INFO - epoch 14 training [time: 0.34s, train loss: 0.1160, reconstruction loss: 0.0871]
2026-06-08 14:05:04,119 - INFO - epoch 15 training [time: 0.33s, train loss: 0.1181, reconstruction loss: 0.0862]
